Invoice ID,Date,Category,Product,Unit Price (Naira),Quantity,Sales (Naira),Payment,COGS (Naira),Gross Income(Naira),
INV0001,1/1/2025,Food items,Beans,60000,3,180000,Cash,72000,216000,
INV0002,1/1/2025,Snacks,Chips,400,5,2000,Cash,480,2400,
INV0003,1/1/2025,Beverages,Fanta,2880,1,2880,Cash,3456,3456,
INV0004,1/1/2025,Household,Toothpaste,800,6,4800,Cash,960,5760,
INV0005,1/1/2025,Household,Shampoo,1200,3,3600,Card,1440,4320,
INV0006,1/1/2025,Snacks,Chocolate,3000,6,18000,Card,3600,21600,
INV0007,1/1/2025,Beverages,Pepsi,2880,2,5760,Transfer,3456,6912,
INV0008,1/1/2025,Beverages,Pepsi,2880,3,8640,Transfer,3456,10368,
INV0009,1/1/2025,Household,Shampoo,1200,5,6000,Cash,1440,7200,
INV0010,1/1/2025,Snacks,Biscuits,5200,2,10400,Transfer,6240,12480,
INV2878,1/1/2025,Food items,Eggs,3300,5,16500,Transfer,3960,19800,
INV3087,1/1/2025,Food items,Bread,500,10,5000,Card,600,6000,
INV3930,1/1/2025,Dairy,Milk,9100,2,18200,Card,10920,21840,
INV3965,1/1/2025,Sport,Dumbbells,400,6,2400,Card,480,2880,
INV4193,1/1/2025,Household,Bucket,2500,8,20000,Transfer,3000,24000,
INV4398,1/1/2025,Electronics,Extension Box,8000,6,48000,Transfer,9600,57600,
INV4432,1/1/2025,Sport,Football,2800,10,28000,Transfer,3360,33600,
INV4444,1/1/2025,Electronics,LED Bulb,500,2,1000,Cash,600,1200,
INV4471,1/1/2025,Pharmaceuticals,Paracetamol,1000,2,2000,Transfer,1200,2400,
INV4515,1/1/2025,Clothing,Shoes,15000,9,135000,Card,18000,162000,
INV4644,1/1/2025,Sport,Football,2800,4,11200,Card,3360,13440,
INV4777,1/1/2025,Electronics,Extension Box,8000,10,80000,Transfer,9600,96000,
INV4787,1/1/2025,Sport,Running Shoes,15000,6,90000,Transfer,18000,108000,
INV4804,1/1/2025,Food items,Rice,48000,8,384000,Transfer,57600,460800,
INV4918,1/1/2025,Food items,Garri,35000,10,350000,Card,42000,420000,
INV0011,1/2/2025,Food items,Rice,48000,4,192000,Card,57600,230400,
INV0012,1/2/2025,Food items,Bread,500,4,2000,Transfer,600,2400,
INV0013,1/2/2025,Food items,Rice,48000,8,384000,Card,57600,460800,
INV0014,1/2/2025,Snacks,Chips,400,4,1600,Transfer,480,1920,
INV0015,1/2/2025,Snacks,Chocolate,3000,3,9000,Card,3600,10800,
INV0016,1/2/2025,Household,Soap,1700,4,6800,Card,2040,8160,
INV0017,1/2/2025,Household,Shampoo,1200,9,10800,Card,1440,12960,
INV0018,1/2/2025,Household,Toothpaste,800,7,5600,Transfer,960,6720,
INV0019,1/2/2025,Household,Shampoo,1200,3,3600,Card,1440,4320,
INV0020,1/2/2025,Food items,Spaghetti,6000,6,36000,Card,7200,43200,
INV2748,1/2/2025,Food items,Tea,600,8,4800,Cash,720,5760,
INV2849,1/2/2025,Household,Soap,1700,3,5100,Cash,2040,6120,
INV3412,1/2/2025,Household,Soap,1700,2,3400,Card,2040,4080,
INV3763,1/2/2025,Food items,Rice,48000,8,384000,Cash,57600,460800,
INV3781,1/2/2025,Food items,Rice,48000,7,336000,Card,57600,403200,
INV3791,1/2/2025,Food items,Coffee,1900,2,3800,Transfer,2280,4560,
INV3832,1/2/2025,Household,Soap,1700,6,10200,Transfer,2040,12240,
INV4036,1/2/2025,Sport,Skipping Rope,3000,1,3000,Cash,3600,3600,
INV4248,1/2/2025,Clothing,T-shirt,8000,2,16000,Cash,9600,19200,
INV4358,1/2/2025,Pharmaceuticals,Pain Relief Balm,2500,10,25000,Cash,3000,30000,
INV4373,1/2/2025,Clothing,Jeans,10000,9,90000,Transfer,12000,108000,
INV4399,1/2/2025,Electronics,Extension Box,8000,6,48000,Cash,9600,57600,
INV4506,1/2/2025,Food items,Beans,60000,6,360000,Transfer,72000,432000,
INV4692,1/2/2025,Sport,Running Shoes,15000,8,120000,Transfer,18000,144000,
INV4785,1/2/2025,Sport,Football,2800,6,16800,Card,3360,20160,
INV0021,1/3/2025,Food items,Spaghetti,6000,9,54000,Transfer,7200,64800,
INV0022,1/3/2025,Household,Detergent,6900,1,6900,Cash,8280,8280,
INV0023,1/3/2025,Snacks,Chips,400,8,3200,Cash,480,3840,
INV0024,1/3/2025,Beverages,Pepsi,2880,7,20160,Card,3456,24192,
INV0025,1/3/2025,Beverages,Fanta,2880,9,25920,Transfer,3456,31104,
INV0026,1/3/2025,Household,Toothpaste,800,10,8000,Card,960,9600,
INV0027,1/3/2025,Beverages,Coke,2880,3,8640,Cash,3456,10368,
INV0028,1/3/2025,Household,Shampoo,1200,3,3600,Cash,1440,4320,
INV0029,1/3/2025,Household,Detergent,6900,1,6900,Cash,8280,8280,
INV3137,1/3/2025,Food items,Sugar,3600,5,18000,Transfer,4320,21600,
INV3256,1/3/2025,Dairy,Milk,9100,5,45500,Cash,10920,54600,
INV3302,1/3/2025,Food items,Rice,48000,5,240000,Card,57600,288000,
INV4118,1/3/2025,Pharmaceuticals,Paracetamol,1000,5,5000,Card,1200,6000,
INV4153,1/3/2025,Pharmaceuticals,Paracetamol,1000,9,9000,Transfer,1200,10800,
INV4219,1/3/2025,Pharmaceuticals,Vitamin C,1000,2,2000,Cash,1200,2400,
INV4322,1/3/2025,Household,Toilet Paper,4000,5,20000,Card,4800,24000,
INV4489,1/3/2025,Pharmaceuticals,Antibiotics,2000,1,2000,Cash,2400,2400,
INV4725,1/3/2025,Sport,Running Shoes,15000,1,15000,Cash,18000,18000,
INV4882,1/3/2025,Household,Toilet Paper,4000,6,24000,Card,4800,28800,
INV4935,1/3/2025,Pharmaceuticals,Paracetamol,1000,8,8000,Card,1200,9600,
INV0030,1/4/2025,Food items,Rice,48000,5,240000,Cash,57600,288000,
INV0031,1/4/2025,Food items,Beans,60000,10,600000,Transfer,72000,720000,
INV0032,1/4/2025,Food items,Bread,500,3,1500,Transfer,600,1800,
INV0033,1/4/2025,Beverages,Pepsi,2880,2,5760,Cash,3456,6912,
INV0034,1/4/2025,Beverages,Pepsi,2880,4,11520,Cash,3456,13824,
INV0035,1/4/2025,Food items,Spaghetti,6000,5,30000,Cash,7200,36000,
INV0036,1/4/2025,Household,Toothpaste,800,6,4800,Transfer,960,5760,
INV0037,1/4/2025,Food items,Beans,60000,10,600000,Transfer,72000,720000,
INV3268,1/4/2025,Food items,Coffee,1900,5,9500,Card,2280,11400,
INV3922,1/4/2025,Food items,Rice,48000,1,48000,Cash,57600,57600,
INV4104,1/4/2025,Electronics,Phone Charger,2000,1,2000,Card,2400,2400,
INV4154,1/4/2025,Electronics,Earphones,1000,9,9000,Cash,1200,10800,
INV4161,1/4/2025,Sport,Skipping Rope,3000,3,9000,Cash,3600,10800,
INV4217,1/4/2025,Household,Detergent,6900,10,69000,Card,8280,82800,
INV4355,1/4/2025,Clothing,T-shirt,8000,4,32000,Card,9600,38400,
INV4360,1/4/2025,Pharmaceuticals,Cough Syrup,2000,5,10000,Transfer,2400,12000,
INV0038,1/5/2025,Beverages,Pepsi,2880,2,5760,Cash,3456,6912,
INV0039,1/5/2025,Household,Soap,1700,2,3400,Card,2040,4080,
INV0040,1/5/2025,Snacks,Chocolate,3000,6,18000,Transfer,3600,21600,
INV0041,1/5/2025,Food items,Rice,48000,4,192000,Cash,57600,230400,
INV0042,1/5/2025,Snacks,Biscuits,5200,1,5200,Transfer,6240,6240,
INV0043,1/5/2025,Food items,Rice,48000,7,336000,Cash,57600,403200,
INV0044,1/5/2025,Snacks,Biscuits,5200,8,41600,Cash,6240,49920,
INV0045,1/5/2025,Household,Soap,1700,4,6800,Cash,2040,8160,
INV3183,1/5/2025,Food items,Bread,500,2,1000,Card,600,1200,
INV3798,1/5/2025,Food items,Eggs,3300,3,9900,Card,3960,11880,
INV3948,1/5/2025,Pharmaceuticals,Antibiotics,2000,7,14000,Transfer,2400,16800,162
INV4054,1/5/2025,Clothing,T-shirt,8000,6,48000,Transfer,9600,57600,
INV4191,1/5/2025,Household,Detergent,6900,4,27600,Card,8280,33120,
INV4216,1/5/2025,Household,Toilet Paper,4000,4,16000,Card,4800,19200,
INV4324,1/5/2025,Household,Toilet Paper,4000,9,36000,Transfer,4800,43200,
INV4449,1/5/2025,Clothing,Shoes,15000,1,15000,Cash,18000,18000,
INV4459,1/5/2025,Household,Bucket,2500,5,12500,Transfer,3000,15000,
INV4484,1/5/2025,Clothing,Cap,2000,1,2000,Card,2400,2400,
INV4492,1/5/2025,Food items,Garri,35000,1,35000,Transfer,42000,42000,
INV4714,1/5/2025,Clothing,Shoes,15000,3,45000,Transfer,18000,54000,
INV4884,1/5/2025,Pharmaceuticals,Vitamin C,1000,7,7000,Transfer,1200,8400,
INV4893,1/5/2025,Electronics,LED Bulb,500,7,3500,Transfer,600,4200,
INV0046,1/6/2025,Beverages,Coke,2880,1,2880,Transfer,3456,3456,
INV0047,1/6/2025,Household,Shampoo,1200,4,4800,Card,1440,5760,
INV0048,1/6/2025,Beverages,Water,1750,2,3500,Cash,2100,4200,
INV0049,1/6/2025,Household,Toothpaste,800,1,800,Card,960,960,
INV0050,1/6/2025,Food items,Beans,60000,4,240000,Cash,72000,288000,
INV0051,1/6/2025,Food items,Bread,500,4,2000,Transfer,600,2400,
INV0052,1/6/2025,Food items,Rice,48000,8,384000,Card,57600,460800,
INV0053,1/6/2025,Household,Detergent,6900,4,27600,Transfer,8280,33120,
INV0054,1/6/2025,Snacks,Chips,400,6,2400,Transfer,480,2880,
INV2919,1/6/2025,Food items,Eggs,3300,3,9900,Cash,3960,11880,
INV3147,1/6/2025,Food items,Sugar,3600,2,7200,Cash,4320,8640,
INV3215,1/6/2025,Household,Soap,1700,10,17000,Cash,2040,20400,
INV4018,1/6/2025,Food items,Garri,35000,10,350000,Cash,42000,420000,
INV4202,1/6/2025,Household,Bucket,2500,8,20000,Transfer,3000,24000,
INV4230,1/6/2025,Sport,Jersey,13000,1,13000,Transfer,15600,15600,
INV4313,1/6/2025,Clothing,Cap,2000,4,8000,Transfer,2400,9600,
INV4332,1/6/2025,Food items,Palm Oil,50000,5,250000,Card,60000,300000,
INV4645,1/6/2025,Household,Broom,500,4,2000,Transfer,600,2400,
INV4651,1/6/2025,Pharmaceuticals,Pain Relief Balm,2500,9,22500,Card,3000,27000,
INV4817,1/6/2025,Sport,Running Shoes,15000,4,60000,Card,18000,72000,
INV4903,1/6/2025,Clothing,Jeans,10000,7,70000,Cash,12000,84000,
INV0055,1/7/2025,Beverages,Pepsi,2880,4,11520,Transfer,3456,13824,
INV0056,1/7/2025,Household,Soap,1700,8,13600,Transfer,2040,16320,
INV0057,1/7/2025,Household,Shampoo,1200,10,12000,Transfer,1440,14400,
INV0058,1/7/2025,Snacks,Biscuits,5200,1,5200,Card,6240,6240,
INV0059,1/7/2025,Household,Detergent,6900,10,69000,Cash,8280,82800,
INV0060,1/7/2025,Beverages,Fanta,2880,1,2880,Card,3456,3456,
INV0061,1/7/2025,Snacks,Chocolate,3000,8,24000,Transfer,3600,28800,
INV0062,1/7/2025,Snacks,Chocolate,3000,8,24000,Cash,3600,28800,
INV0063,1/7/2025,Household,Shampoo,1200,4,4800,Card,1440,5760,
INV3010,1/7/2025,Food items,Eggs,3300,4,13200,Card,3960,15840,
INV3337,1/7/2025,Food items,Sugar,3600,9,32400,Cash,4320,38880,
INV3377,1/7/2025,Household,Toothpaste,800,10,8000,Cash,960,9600,
INV3476,1/7/2025,Household,Soap,1700,3,5100,Card,2040,6120,
INV3584,1/7/2025,Household,Toothpaste,800,5,4000,Cash,960,4800,
INV3934,1/7/2025,Food items,Coffee,1900,10,19000,Cash,2280,22800,
INV3983,1/7/2025,Sport,Dumbbells,400,1,400,Cash,480,480,
INV4015,1/7/2025,Clothing,Jeans,10000,6,60000,Card,12000,72000,
INV4196,1/7/2025,Electronics,LED Bulb,500,4,2000,Card,600,2400,
INV4220,1/7/2025,Household,Bucket,2500,9,22500,Transfer,3000,27000,
INV4223,1/7/2025,Clothing,Jeans,10000,7,70000,Transfer,12000,84000,
INV4224,1/7/2025,Household,Bucket,2500,10,25000,Transfer,3000,30000,
INV4303,1/7/2025,Food items,Palm Oil,50000,4,200000,Cash,60000,240000,
INV4495,1/7/2025,Sport,Jersey,13000,9,117000,Transfer,15600,140400,
INV4528,1/7/2025,Food items,Palm Oil,50000,3,150000,Cash,60000,180000,
INV0064,1/8/2025,Household,Toothpaste,800,8,6400,Transfer,960,7680,
INV0065,1/8/2025,Household,Detergent,6900,1,6900,Cash,8280,8280,
INV0066,1/8/2025,Household,Detergent,6900,10,69000,Card,8280,82800,
INV0067,1/8/2025,Household,Toothpaste,800,9,7200,Card,960,8640,
INV0068,1/8/2025,Beverages,Pepsi,2880,9,25920,Cash,3456,31104,
INV0069,1/8/2025,Household,Detergent,6900,8,55200,Transfer,8280,66240,
INV0070,1/8/2025,Household,Soap,1700,5,8500,Cash,2040,10200,
INV0071,1/8/2025,Snacks,Chocolate,3000,4,12000,Card,3600,14400,
INV0072,1/8/2025,Household,Soap,1700,1,1700,Cash,2040,2040,
INV0073,1/8/2025,Snacks,Chips,400,3,1200,Cash,480,1440,
INV2800,1/8/2025,Food items,Rice,48000,5,240000,Transfer,57600,288000,
INV2818,1/8/2025,Household,Soap,1700,4,6800,Card,2040,8160,
INV3128,1/8/2025,Food items,Coffee,1900,8,15200,Transfer,2280,18240,
INV3315,1/8/2025,Household,Soap,1700,4,6800,Card,2040,8160,
INV3396,1/8/2025,Food items,Tea,600,10,6000,Card,720,7200,
INV3674,1/8/2025,Food items,Coffee,1900,3,5700,Cash,2280,6840,
INV3710,1/8/2025,Food items,Bread,500,3,1500,Cash,600,1800,
INV4075,1/8/2025,Clothing,Shoes,15000,9,135000,Cash,18000,162000,
INV4076,1/8/2025,Food items,Yam Flour,62000,8,496000,Transfer,74400,595200,
INV4215,1/8/2025,Food items,Palm Oil,50000,10,500000,Card,60000,600000,
INV4364,1/8/2025,Household,Toilet Paper,4000,4,16000,Transfer,4800,19200,
INV4391,1/8/2025,Clothing,Cap,2000,1,2000,Transfer,2400,2400,
INV4430,1/8/2025,Sport,Running Shoes,15000,5,75000,Card,18000,90000,
INV4454,1/8/2025,Sport,Football,2800,3,8400,Card,3360,10080,
INV4552,1/8/2025,Clothing,Cap,2000,7,14000,Card,2400,16800,
INV4633,1/8/2025,Household,Bucket,2500,2,5000,Card,3000,6000,
INV4634,1/8/2025,Sport,Dumbbells,400,2,800,Cash,480,960,
INV4674,1/8/2025,Household,Bucket,2500,3,7500,Transfer,3000,9000,
INV4694,1/8/2025,Clothing,Wristwatch,12000,10,120000,Card,14400,144000,
INV4755,1/8/2025,Electronics,Extension Box,8000,4,32000,Cash,9600,38400,
INV4796,1/8/2025,Food items,Beans,60000,9,540000,Cash,72000,648000,
INV4809,1/8/2025,Sport,Jersey,13000,2,26000,Transfer,15600,31200,
INV4812,1/8/2025,Electronics,Earphones,1000,3,3000,Card,1200,3600,
INV4816,1/8/2025,Food items,Palm Oil,50000,3,150000,Card,60000,180000,
INV4828,1/8/2025,Food items,Yam Flour,62000,10,620000,Transfer,74400,744000,
INV0074,1/9/2025,Household,Soap,1700,2,3400,Cash,2040,4080,
INV0075,1/9/2025,Household,Soap,1700,3,5100,Card,2040,6120,
INV0076,1/9/2025,Food items,Bread,500,10,5000,Transfer,600,6000,
INV0077,1/9/2025,Food items,Beans,60000,10,600000,Card,72000,720000,
INV0078,1/9/2025,Snacks,Chips,400,6,2400,Card,480,2880,
INV0079,1/9/2025,Food items,Bread,500,9,4500,Card,600,5400,
INV2763,1/9/2025,Dairy,Butter,120,8,960,Card,144,1152,
INV3750,1/9/2025,Food items,Eggs,3300,9,29700,Card,3960,35640,
INV4024,1/9/2025,Clothing,Wristwatch,12000,9,108000,Card,14400,129600,
INV4305,1/9/2025,Sport,Running Shoes,15000,10,150000,Card,18000,180000,
INV4630,1/9/2025,Clothing,Jeans,10000,6,60000,Card,12000,72000,
INV4780,1/9/2025,Sport,Jersey,13000,8,104000,Transfer,15600,124800,
INV4784,1/9/2025,Clothing,Wristwatch,12000,5,60000,Card,14400,72000,
INV4899,1/9/2025,Household,Cooking Gas,1950,3,5850,Transfer,2340,7020,
INV4906,1/9/2025,Household,Toilet Paper,4000,10,40000,Cash,4800,48000,
INV4932,1/9/2025,Electronics,LED Bulb,500,7,3500,Card,600,4200,
INV0080,1/10/2025,Household,Soap,1700,1,1700,Cash,2040,2040,
INV0081,1/10/2025,Snacks,Chips,400,9,3600,Cash,480,4320,
INV0082,1/10/2025,Beverages,Coke,2880,7,20160,Transfer,3456,24192,
INV0083,1/10/2025,Beverages,Water,1750,3,5250,Card,2100,6300,
INV0084,1/10/2025,Beverages,Coke,2880,8,23040,Cash,3456,27648,
INV0085,1/10/2025,Beverages,Pepsi,2880,6,17280,Cash,3456,20736,
INV0086,1/10/2025,Food items,Spaghetti,6000,3,18000,Card,7200,21600,
INV0087,1/10/2025,Household,Toothpaste,800,1,800,Card,960,960,
INV2834,1/10/2025,Dairy,Milk,9100,6,54600,Card,10920,65520,
INV2902,1/10/2025,Food items,Coffee,1900,9,17100,Transfer,2280,20520,
INV2962,1/10/2025,Food items,Coffee,1900,5,9500,Cash,2280,11400,
INV3113,1/10/2025,Food items,Sugar,3600,6,21600,Card,4320,25920,
INV3278,1/10/2025,Dairy,Milk,9100,9,81900,Transfer,10920,98280,
INV3433,1/10/2025,Food items,Eggs,3300,3,9900,Cash,3960,11880,628
INV3861,1/10/2025,Food items,Bread,500,1,500,Transfer,600,600,
INV3956,1/10/2025,Pharmaceuticals,Antibiotics,2000,2,4000,Cash,2400,4800,
INV3980,1/10/2025,Sport,Jersey,13000,8,104000,Transfer,15600,124800,
INV4040,1/10/2025,Sport,Running Shoes,15000,7,105000,Transfer,18000,126000,
INV4245,1/10/2025,Household,Detergent,6900,6,41400,Cash,8280,49680,
INV4265,1/10/2025,Electronics,LED Bulb,500,5,2500,Transfer,600,3000,
INV4516,1/10/2025,Clothing,T-shirt,8000,7,56000,Cash,9600,67200,
INV4871,1/10/2025,Sport,Running Shoes,15000,7,105000,Transfer,18000,126000,
INV4873,1/10/2025,Electronics,Power Bank,12000,4,48000,Card,14400,57600,
INV4904,1/10/2025,Food items,Rice,48000,9,432000,Card,57600,518400,
INV0088,1/11/2025,Household,Toothpaste,800,10,8000,Transfer,960,9600,
INV0089,1/11/2025,Beverages,Water,1750,2,3500,Card,2100,4200,
INV0090,1/11/2025,Household,Soap,1700,4,6800,Card,2040,8160,
INV0091,1/11/2025,Beverages,Coke,2880,1,2880,Card,3456,3456,
INV0092,1/11/2025,Food items,Rice,48000,9,432000,Transfer,57600,518400,
INV0093,1/11/2025,Household,Detergent,6900,10,69000,Cash,8280,82800,
INV0094,1/11/2025,Household,Soap,1700,5,8500,Transfer,2040,10200,
INV0095,1/11/2025,Snacks,Chips,400,5,2000,Card,480,2400,
INV0096,1/11/2025,Food items,Bread,500,10,5000,Card,600,6000,
INV0097,1/11/2025,Food items,Beans,60000,3,180000,Card,72000,216000,
INV3910,1/11/2025,Food items,Coffee,1900,5,9500,Card,2280,11400,
INV4173,1/11/2025,Sport,Running Shoes,15000,2,30000,Transfer,18000,36000,
INV4187,1/11/2025,Clothing,Cap,2000,1,2000,Cash,2400,2400,
INV4188,1/11/2025,Food items,Palm Oil,50000,9,450000,Transfer,60000,540000,
INV4328,1/11/2025,Sport,Skipping Rope,3000,4,12000,Card,3600,14400,
INV4354,1/11/2025,Food items,Yam Flour,62000,5,310000,Transfer,74400,372000,
INV4627,1/11/2025,Food items,Beans,60000,6,360000,Cash,72000,432000,
INV4671,1/11/2025,Food items,Palm Oil,50000,7,350000,Card,60000,420000,
INV4705,1/11/2025,Household,Broom,500,6,3000,Card,600,3600,
INV0098,1/12/2025,Food items,Rice,48000,4,192000,Card,57600,230400,
INV0099,1/12/2025,Snacks,Chips,400,1,400,Transfer,480,480,
INV0100,1/12/2025,Food items,Beans,60000,2,120000,Transfer,72000,144000,
INV0101,1/12/2025,Food items,Spaghetti,6000,7,42000,Card,7200,50400,
INV0102,1/12/2025,Household,Detergent,6900,1,6900,Cash,8280,8280,
INV3123,1/12/2025,Food items,Bread,500,4,2000,Card,600,2400,
INV3341,1/12/2025,Household,Soap,1700,6,10200,Transfer,2040,12240,
INV3520,1/12/2025,Food items,Rice,48000,9,432000,Card,57600,518400,
INV4025,1/12/2025,Clothing,Cap,2000,9,18000,Transfer,2400,21600,
INV4053,1/12/2025,Electronics,Power Bank,12000,10,120000,Cash,14400,144000,
INV4069,1/12/2025,Sport,Jersey,13000,7,91000,Transfer,15600,109200,
INV4366,1/12/2025,Pharmaceuticals,Cough Syrup,2000,2,4000,Cash,2400,4800,
INV4396,1/12/2025,Pharmaceuticals,Antibiotics,2000,1,2000,Transfer,2400,2400,
INV4494,1/12/2025,Clothing,T-shirt,8000,10,80000,Transfer,9600,96000,
INV4571,1/12/2025,Clothing,Cap,2000,10,20000,Cash,2400,24000,
INV4647,1/12/2025,Household,Cooking Gas,1950,10,19500,Cash,2340,23400,
INV4686,1/12/2025,Electronics,Power Bank,12000,8,96000,Cash,14400,115200,
INV4748,1/12/2025,Sport,Dumbbells,400,6,2400,Card,480,2880,
INV4811,1/12/2025,Household,Detergent,6900,7,48300,Cash,8280,57960,
INV0103,1/13/2025,Food items,Beans,60000,1,60000,Card,72000,72000,
INV0104,1/13/2025,Household,Soap,1700,8,13600,Card,2040,16320,
INV0105,1/13/2025,Household,Shampoo,1200,4,4800,Card,1440,5760,
INV0106,1/13/2025,Household,Shampoo,1200,6,7200,Transfer,1440,8640,
INV0107,1/13/2025,Snacks,Chips,400,9,3600,Card,480,4320,
INV0108,1/13/2025,Food items,Spaghetti,6000,1,6000,Transfer,7200,7200,
INV0109,1/13/2025,Household,Detergent,6900,10,69000,Cash,8280,82800,
INV0110,1/13/2025,Beverages,Coke,2880,10,28800,Transfer,3456,34560,
INV3352,1/13/2025,Dairy,Milk,9100,4,36400,Card,10920,43680,
INV3754,1/13/2025,Household,Soap,1700,7,11900,Card,2040,14280,
INV3816,1/13/2025,Food items,Tea,600,8,4800,Card,720,5760,
INV3944,1/13/2025,Dairy,Butter,120,9,1080,Cash,144,1296,
INV4023,1/13/2025,Electronics,LED Bulb,500,10,5000,Card,600,6000,
INV4143,1/13/2025,Clothing,Wristwatch,12000,1,12000,Card,14400,14400,
INV4380,1/13/2025,Electronics,Power Bank,12000,6,72000,Transfer,14400,86400,
INV4475,1/13/2025,Clothing,Shoes,15000,2,30000,Transfer,18000,36000,
INV4521,1/13/2025,Food items,Beans,60000,2,120000,Card,72000,144000,
INV4564,1/13/2025,Sport,Running Shoes,15000,6,90000,Transfer,18000,108000,
INV4833,1/13/2025,Sport,Football,2800,7,19600,Card,3360,23520,
INV4875,1/13/2025,Pharmaceuticals,Cough Syrup,2000,9,18000,Transfer,2400,21600,
INV4901,1/13/2025,Food items,Rice,48000,4,192000,Card,57600,230400,
INV4915,1/13/2025,Household,Bucket,2500,3,7500,Transfer,3000,9000,
INV0111,1/14/2025,Food items,Beans,60000,1,60000,Card,72000,72000,
INV0112,1/14/2025,Beverages,Water,1750,8,14000,Card,2100,16800,
INV0113,1/14/2025,Snacks,Biscuits,5200,4,20800,Cash,6240,24960,
INV0114,1/14/2025,Household,Shampoo,1200,2,2400,Transfer,1440,2880,
INV0115,1/14/2025,Food items,Bread,500,3,1500,Card,600,1800,
INV2774,1/14/2025,Food items,Tea,600,2,1200,Cash,720,1440,
INV2862,1/14/2025,Food items,Bread,500,2,1000,Card,600,1200,
INV2916,1/14/2025,Food items,Sugar,3600,9,32400,Cash,4320,38880,
INV3085,1/14/2025,Food items,Coffee,1900,10,19000,Transfer,2280,22800,
INV3297,1/14/2025,Food items,Bread,500,2,1000,Card,600,1200,
INV4150,1/14/2025,Electronics,LED Bulb,500,7,3500,Transfer,600,4200,
INV4197,1/14/2025,Food items,Beans,60000,7,420000,Card,72000,504000,
INV4323,1/14/2025,Clothing,Shoes,15000,5,75000,Transfer,18000,90000,
INV4330,1/14/2025,Food items,Yam Flour,62000,5,310000,Card,74400,372000,
INV4525,1/14/2025,Food items,Palm Oil,50000,4,200000,Transfer,60000,240000,
INV4531,1/14/2025,Clothing,Cap,2000,4,8000,Card,2400,9600,
INV4618,1/14/2025,Clothing,Jeans,10000,10,100000,Card,12000,120000,
INV4629,1/14/2025,Sport,Skipping Rope,3000,1,3000,Card,3600,3600,
INV4689,1/14/2025,Food items,Yam Flour,62000,1,62000,Transfer,74400,74400,
INV4736,1/14/2025,Pharmaceuticals,Cough Syrup,2000,3,6000,Transfer,2400,7200,
INV4756,1/14/2025,Pharmaceuticals,Vitamin C,1000,1,1000,Card,1200,1200,
INV4800,1/14/2025,Pharmaceuticals,Antibiotics,2000,7,14000,Cash,2400,16800,
INV4848,1/14/2025,Electronics,Power Bank,12000,9,108000,Transfer,14400,129600,
INV0116,1/15/2025,Household,Soap,1700,6,10200,Transfer,2040,12240,
INV0117,1/15/2025,Food items,Rice,48000,8,384000,Transfer,57600,460800,
INV0118,1/15/2025,Household,Shampoo,1200,8,9600,Cash,1440,11520,
INV0119,1/15/2025,Snacks,Chips,400,2,800,Cash,480,960,
INV0120,1/15/2025,Beverages,Water,1750,2,3500,Transfer,2100,4200,
INV0121,1/15/2025,Food items,Bread,500,3,1500,Cash,600,1800,
INV0122,1/15/2025,Household,Soap,1700,7,11900,Cash,2040,14280,
INV3187,1/15/2025,Household,Toothpaste,800,6,4800,Cash,960,5760,
INV3441,1/15/2025,Food items,Rice,48000,8,384000,Transfer,57600,460800,
INV3538,1/15/2025,Household,Soap,1700,3,5100,Transfer,2040,6120,
INV3963,1/15/2025,Sport,Football,2800,6,16800,Transfer,3360,20160,
INV3985,1/15/2025,Electronics,Earphones,1000,9,9000,Transfer,1200,10800,
INV4139,1/15/2025,Clothing,Wristwatch,12000,2,24000,Card,14400,28800,
INV4388,1/15/2025,Food items,Yam Flour,62000,5,310000,Transfer,74400,372000,
INV4390,1/15/2025,Household,Broom,500,9,4500,Transfer,600,5400,
INV4392,1/15/2025,Sport,Football,2800,7,19600,Card,3360,23520,
INV4580,1/15/2025,Food items,Rice,48000,2,96000,Card,57600,115200,
INV4583,1/15/2025,Pharmaceuticals,Antibiotics,2000,10,20000,Card,2400,24000,
INV4598,1/15/2025,Electronics,Extension Box,8000,5,40000,Card,9600,48000,
INV4697,1/15/2025,Pharmaceuticals,Cough Syrup,2000,7,14000,Transfer,2400,16800,
INV4717,1/15/2025,Household,Toilet Paper,4000,6,24000,Cash,4800,28800,
INV4740,1/15/2025,Household,Cooking Gas,1950,10,19500,Cash,2340,23400,
INV4786,1/15/2025,Electronics,Extension Box,8000,10,80000,Cash,9600,96000,
INV0123,1/16/2025,Household,Soap,1700,1,1700,Cash,2040,2040,
INV0124,1/16/2025,Food items,Spaghetti,6000,7,42000,Card,7200,50400,
INV0125,1/16/2025,Beverages,Fanta,2880,4,11520,Cash,3456,13824,
INV0126,1/16/2025,Food items,Spaghetti,6000,7,42000,Transfer,7200,50400,
INV0127,1/16/2025,Household,Shampoo,1200,4,4800,Transfer,1440,5760,
INV0128,1/16/2025,Beverages,Water,1750,7,12250,Card,2100,14700,
INV0129,1/16/2025,Snacks,Biscuits,5200,10,52000,Transfer,6240,62400,
INV2810,1/16/2025,Dairy,Butter,120,9,1080,Card,144,1296,
INV3276,1/16/2025,Food items,Bread,500,8,4000,Card,600,4800,
INV3374,1/16/2025,Food items,Tea,600,3,1800,Card,720,2160,
INV3444,1/16/2025,Household,Toothpaste,800,7,5600,Transfer,960,6720,
INV3685,1/16/2025,Dairy,Milk,9100,6,54600,Card,10920,65520,
INV4065,1/16/2025,Clothing,Shoes,15000,1,15000,Transfer,18000,18000,
INV4114,1/16/2025,Household,Broom,500,10,5000,Cash,600,6000,
INV4159,1/16/2025,Food items,Garri,35000,9,315000,Cash,42000,378000,
INV4458,1/16/2025,Sport,Jersey,13000,7,91000,Cash,15600,109200,
INV4474,1/16/2025,Clothing,Shoes,15000,4,60000,Cash,18000,72000,
INV4596,1/16/2025,Sport,Jersey,13000,2,26000,Card,15600,31200,
INV4609,1/16/2025,Sport,Jersey,13000,7,91000,Card,15600,109200,
INV4635,1/16/2025,Household,Detergent,6900,10,69000,Transfer,8280,82800,
INV4642,1/16/2025,Food items,Garri,35000,9,315000,Card,42000,378000,
INV4754,1/16/2025,Sport,Running Shoes,15000,2,30000,Cash,18000,36000,
INV0130,1/17/2025,Beverages,Pepsi,2880,6,17280,Transfer,3456,20736,
INV0131,1/17/2025,Beverages,Water,1750,8,14000,Transfer,2100,16800,
INV0132,1/17/2025,Food items,Bread,500,1,500,Cash,600,600,
INV0133,1/17/2025,Household,Toothpaste,800,4,3200,Transfer,960,3840,
INV0134,1/17/2025,Food items,Spaghetti,6000,8,48000,Transfer,7200,57600,
INV0135,1/17/2025,Household,Shampoo,1200,3,3600,Transfer,1440,4320,
INV0136,1/17/2025,Beverages,Fanta,2880,7,20160,Transfer,3456,24192,
INV0137,1/17/2025,Beverages,Coke,2880,7,20160,Card,3456,24192,
INV0138,1/17/2025,Beverages,Coke,2880,5,14400,Card,3456,17280,
INV2914,1/17/2025,Food items,Bread,500,5,2500,Transfer,600,3000,
INV3038,1/17/2025,Household,Soap,1700,2,3400,Cash,2040,4080,
INV3101,1/17/2025,Household,Toothpaste,800,5,4000,Cash,960,4800,
INV3270,1/17/2025,Food items,Coffee,1900,3,5700,Cash,2280,6840,
INV3550,1/17/2025,Food items,Sugar,3600,9,32400,Cash,4320,38880,
INV3739,1/17/2025,Food items,Rice,48000,10,480000,Transfer,57600,576000,
INV3988,1/17/2025,Household,Broom,500,1,500,Card,600,600,
INV4272,1/17/2025,Household,Cooking Gas,1950,6,11700,Cash,2340,14040,
INV4467,1/17/2025,Sport,Jersey,13000,5,65000,Cash,15600,78000,
INV4513,1/17/2025,Food items,Yam Flour,62000,10,620000,Card,74400,744000,
INV4557,1/17/2025,Food items,Garri,35000,2,70000,Card,42000,84000,
INV4570,1/17/2025,Household,Toilet Paper,4000,7,28000,Cash,4800,33600,
INV4617,1/17/2025,Sport,Dumbbells,400,2,800,Cash,480,960,
INV4657,1/17/2025,Sport,Football,2800,3,8400,Cash,3360,10080,
INV4722,1/17/2025,Food items,Beans,60000,2,120000,Cash,72000,144000,
INV4737,1/17/2025,Sport,Running Shoes,15000,7,105000,Cash,18000,126000,
INV4815,1/17/2025,Pharmaceuticals,Pain Relief Balm,2500,2,5000,Card,3000,6000,
INV0139,1/18/2025,Snacks,Biscuits,5200,10,52000,Card,6240,62400,
INV0140,1/18/2025,Beverages,Coke,2880,2,5760,Cash,3456,6912,
INV0141,1/18/2025,Snacks,Biscuits,5200,8,41600,Card,6240,49920,
INV0142,1/18/2025,Household,Toothpaste,800,5,4000,Card,960,4800,
INV0143,1/18/2025,Beverages,Pepsi,2880,4,11520,Card,3456,13824,
INV0144,1/18/2025,Household,Shampoo,1200,4,4800,Transfer,1440,5760,
INV2776,1/18/2025,Household,Soap,1700,8,13600,Cash,2040,16320,
INV2816,1/18/2025,Food items,Coffee,1900,2,3800,Transfer,2280,4560,
INV3068,1/18/2025,Household,Soap,1700,5,8500,Cash,2040,10200,
INV3143,1/18/2025,Food items,Sugar,3600,6,21600,Card,4320,25920,
INV3928,1/18/2025,Food items,Sugar,3600,8,28800,Cash,4320,34560,
INV4084,1/18/2025,Electronics,LED Bulb,500,5,2500,Cash,600,3000,
INV4122,1/18/2025,Food items,Rice,48000,8,384000,Card,57600,460800,
INV4269,1/18/2025,Pharmaceuticals,Pain Relief Balm,2500,1,2500,Transfer,3000,3000,
INV4593,1/18/2025,Household,Toilet Paper,4000,9,36000,Card,4800,43200,
INV4605,1/18/2025,Clothing,Shoes,15000,3,45000,Card,18000,54000,
INV4667,1/18/2025,Clothing,Cap,2000,6,12000,Card,2400,14400,
INV4669,1/18/2025,Sport,Football,2800,9,25200,Transfer,3360,30240,
INV4821,1/18/2025,Sport,Running Shoes,15000,6,90000,Transfer,18000,108000,
INV4844,1/18/2025,Clothing,Shoes,15000,7,105000,Card,18000,126000,
INV0145,1/19/2025,Food items,Spaghetti,6000,4,24000,Card,7200,28800,
INV0146,1/19/2025,Beverages,Coke,2880,4,11520,Card,3456,13824,
INV0147,1/19/2025,Food items,Bread,500,8,4000,Transfer,600,4800,
INV0148,1/19/2025,Snacks,Chocolate,3000,1,3000,Card,3600,3600,
INV0149,1/19/2025,Food items,Beans,60000,6,360000,Card,72000,432000,
INV2779,1/19/2025,Dairy,Milk,9100,8,72800,Transfer,10920,87360,
INV2850,1/19/2025,Dairy,Butter,120,3,360,Card,144,432,
INV3353,1/19/2025,Food items,Tea,600,1,600,Transfer,720,720,
INV3359,1/19/2025,Food items,Rice,48000,3,144000,Transfer,57600,172800,
INV3889,1/19/2025,Food items,Eggs,3300,8,26400,Transfer,3960,31680,
INV4061,1/19/2025,Household,Detergent,6900,9,62100,Cash,8280,74520,
INV4108,1/19/2025,Food items,Beans,60000,8,480000,Card,72000,576000,
INV4116,1/19/2025,Food items,Garri,35000,6,210000,Card,42000,252000,
INV4121,1/19/2025,Electronics,Phone Charger,2000,6,12000,Transfer,2400,14400,
INV4247,1/19/2025,Household,Detergent,6900,1,6900,Card,8280,8280,
INV4353,1/19/2025,Sport,Dumbbells,400,4,1600,Transfer,480,1920,
INV4532,1/19/2025,Sport,Skipping Rope,3000,3,9000,Transfer,3600,10800,
INV4561,1/19/2025,Sport,Football,2800,1,2800,Transfer,3360,3360,
INV4578,1/19/2025,Sport,Skipping Rope,3000,10,30000,Card,3600,36000,
INV4665,1/19/2025,Electronics,Earphones,1000,3,3000,Card,1200,3600,
INV4765,1/19/2025,Food items,Yam Flour,62000,8,496000,Transfer,74400,595200,
INV4797,1/19/2025,Clothing,Wristwatch,12000,6,72000,Cash,14400,86400,
INV4827,1/19/2025,Electronics,LED Bulb,500,8,4000,Card,600,4800,
INV4859,1/19/2025,Electronics,Extension Box,8000,4,32000,Cash,9600,38400,
INV4890,1/19/2025,Household,Detergent,6900,10,69000,Card,8280,82800,
INV4928,1/19/2025,Food items,Rice,48000,4,192000,Cash,57600,230400,
INV0150,1/20/2025,Food items,Bread,500,4,2000,Transfer,600,2400,
INV0151,1/20/2025,Food items,Bread,500,10,5000,Card,600,6000,
INV0152,1/20/2025,Household,Toothpaste,800,10,8000,Card,960,9600,
INV0153,1/20/2025,Beverages,Fanta,2880,8,23040,Cash,3456,27648,
INV0154,1/20/2025,Household,Soap,1700,9,15300,Card,2040,18360,
INV0155,1/20/2025,Beverages,Coke,2880,3,8640,Transfer,3456,10368,
INV3446,1/20/2025,Food items,Rice,48000,10,480000,Card,57600,576000,
INV3603,1/20/2025,Food items,Bread,500,6,3000,Card,600,3600,
INV3643,1/20/2025,Food items,Rice,48000,1,48000,Card,57600,57600,
INV3708,1/20/2025,Food items,Coffee,1900,6,11400,Card,2280,13680,
INV4006,1/20/2025,Household,Bucket,2500,10,25000,Cash,3000,30000,
INV4067,1/20/2025,Household,Toilet Paper,4000,2,8000,Cash,4800,9600,
INV4183,1/20/2025,Sport,Football,2800,2,5600,Cash,3360,6720,
INV4295,1/20/2025,Household,Cooking Gas,1950,8,15600,Transfer,2340,18720,
INV4384,1/20/2025,Sport,Skipping Rope,3000,4,12000,Cash,3600,14400,
INV4503,1/20/2025,Household,Toilet Paper,4000,3,12000,Card,4800,14400,
INV4656,1/20/2025,Clothing,T-shirt,8000,8,64000,Cash,9600,76800,
INV4710,1/20/2025,Clothing,Shoes,15000,8,120000,Card,18000,144000,
INV4712,1/20/2025,Pharmaceuticals,Vitamin C,1000,4,4000,Transfer,1200,4800,
INV4881,1/20/2025,Pharmaceuticals,Pain Relief Balm,2500,7,17500,Cash,3000,21000,
INV0156,1/21/2025,Household,Shampoo,1200,3,3600,Card,1440,4320,
INV0157,1/21/2025,Beverages,Water,1750,1,1750,Cash,2100,2100,
INV0158,1/21/2025,Household,Soap,1700,4,6800,Transfer,2040,8160,
INV0159,1/21/2025,Snacks,Biscuits,5200,6,31200,Cash,6240,37440,
INV0160,1/21/2025,Household,Shampoo,1200,9,10800,Card,1440,12960,
INV0161,1/21/2025,Household,Shampoo,1200,7,8400,Cash,1440,10080,
INV0162,1/21/2025,Food items,Beans,60000,2,120000,Card,72000,144000,
INV0163,1/21/2025,Food items,Rice,48000,6,288000,Cash,57600,345600,
INV0164,1/21/2025,Household,Toothpaste,800,9,7200,Cash,960,8640,
INV0165,1/21/2025,Household,Soap,1700,4,6800,Transfer,2040,8160,
INV2857,1/21/2025,Dairy,Milk,9100,4,36400,Transfer,10920,43680,
INV3275,1/21/2025,Dairy,Butter,120,9,1080,Transfer,144,1296,
INV3676,1/21/2025,Household,Soap,1700,4,6800,Card,2040,8160,
INV3966,1/21/2025,Food items,Garri,35000,3,105000,Transfer,42000,126000,
INV4028,1/21/2025,Pharmaceuticals,Paracetamol,1000,6,6000,Card,1200,7200,
INV4092,1/21/2025,Household,Broom,500,6,3000,Transfer,600,3600,
INV4241,1/21/2025,Food items,Palm Oil,50000,2,100000,Transfer,60000,120000,
INV4311,1/21/2025,Household,Broom,500,6,3000,Cash,600,3600,
INV4374,1/21/2025,Pharmaceuticals,Paracetamol,1000,7,7000,Transfer,1200,8400,
INV4446,1/21/2025,Sport,Football,2800,1,2800,Cash,3360,3360,
INV4655,1/21/2025,Food items,Rice,48000,1,48000,Transfer,57600,57600,
INV0166,1/22/2025,Household,Soap,1700,6,10200,Card,2040,12240,
INV0167,1/22/2025,Beverages,Water,1750,3,5250,Transfer,2100,6300,
INV0168,1/22/2025,Household,Soap,1700,5,8500,Transfer,2040,10200,
INV0169,1/22/2025,Beverages,Coke,2880,4,11520,Cash,3456,13824,
INV0170,1/22/2025,Food items,Bread,500,3,1500,Transfer,600,1800,
INV0171,1/22/2025,Household,Detergent,6900,10,69000,Card,8280,82800,
INV0172,1/22/2025,Food items,Bread,500,5,2500,Cash,600,3000,
INV0173,1/22/2025,Food items,Spaghetti,6000,9,54000,Cash,7200,64800,
INV2975,1/22/2025,Household,Soap,1700,6,10200,Card,2040,12240,
INV3258,1/22/2025,Food items,Tea,600,3,1800,Cash,720,2160,
INV3694,1/22/2025,Food items,Rice,48000,1,48000,Card,57600,57600,
INV4022,1/22/2025,Household,Detergent,6900,9,62100,Transfer,8280,74520,
INV4027,1/22/2025,Pharmaceuticals,Pain Relief Balm,2500,5,12500,Cash,3000,15000,
INV4365,1/22/2025,Pharmaceuticals,Pain Relief Balm,2500,1,2500,Card,3000,3000,
INV4465,1/22/2025,Household,Toilet Paper,4000,5,20000,Transfer,4800,24000,
INV4488,1/22/2025,Household,Bucket,2500,3,7500,Cash,3000,9000,
INV4599,1/22/2025,Pharmaceuticals,Pain Relief Balm,2500,6,15000,Transfer,3000,18000,
INV4723,1/22/2025,Food items,Yam Flour,62000,5,310000,Transfer,74400,372000,
INV0174,1/23/2025,Food items,Spaghetti,6000,4,24000,Transfer,7200,28800,
INV0175,1/23/2025,Beverages,Water,1750,2,3500,Transfer,2100,4200,
INV0176,1/23/2025,Food items,Rice,48000,6,288000,Transfer,57600,345600,
INV0177,1/23/2025,Food items,Beans,60000,1,60000,Cash,72000,72000,
INV0178,1/23/2025,Snacks,Chocolate,3000,1,3000,Transfer,3600,3600,
INV0179,1/23/2025,Food items,Beans,60000,10,600000,Card,72000,720000,
INV0180,1/23/2025,Beverages,Water,1750,2,3500,Transfer,2100,4200,
INV0181,1/23/2025,Snacks,Chips,400,7,2800,Transfer,480,3360,
INV0182,1/23/2025,Beverages,Pepsi,2880,4,11520,Cash,3456,13824,
INV2939,1/23/2025,Household,Soap,1700,3,5100,Transfer,2040,6120,
INV3103,1/23/2025,Dairy,Milk,9100,4,36400,Card,10920,43680,
INV3252,1/23/2025,Food items,Coffee,1900,9,17100,Card,2280,20520,
INV3766,1/23/2025,Household,Toothpaste,800,9,7200,Card,960,8640,
INV4030,1/23/2025,Food items,Beans,60000,8,480000,Cash,72000,576000,
INV4038,1/23/2025,Household,Cooking Gas,1950,4,7800,Cash,2340,9360,
INV4088,1/23/2025,Sport,Jersey,13000,10,130000,Card,15600,156000,
INV4129,1/23/2025,Food items,Palm Oil,50000,8,400000,Cash,60000,480000,
INV4195,1/23/2025,Clothing,Cap,2000,5,10000,Cash,2400,12000,
INV4369,1/23/2025,Electronics,Power Bank,12000,3,36000,Transfer,14400,43200,
INV4418,1/23/2025,Household,Cooking Gas,1950,6,11700,Card,2340,14040,
INV4497,1/23/2025,Electronics,Phone Charger,2000,6,12000,Cash,2400,14400,
INV4548,1/23/2025,Electronics,Extension Box,8000,1,8000,Card,9600,9600,
INV4556,1/23/2025,Clothing,Shoes,15000,1,15000,Cash,18000,18000,
INV4566,1/23/2025,Food items,Yam Flour,62000,6,372000,Card,74400,446400,
INV4735,1/23/2025,Pharmaceuticals,Antibiotics,2000,5,10000,Cash,2400,12000,
INV4764,1/23/2025,Clothing,T-shirt,8000,7,56000,Transfer,9600,67200,
INV4802,1/23/2025,Pharmaceuticals,Vitamin C,1000,5,5000,Cash,1200,6000,
INV4807,1/23/2025,Food items,Garri,35000,9,315000,Transfer,42000,378000,
INV4929,1/23/2025,Pharmaceuticals,Pain Relief Balm,2500,4,10000,Cash,3000,12000,
INV4931,1/23/2025,Pharmaceuticals,Cough Syrup,2000,7,14000,Transfer,2400,16800,
INV0183,1/24/2025,Food items,Rice,48000,10,480000,Card,57600,576000,
INV0184,1/24/2025,Beverages,Water,1750,3,5250,Card,2100,6300,
INV0185,1/24/2025,Snacks,Chocolate,3000,1,3000,Cash,3600,3600,
INV0186,1/24/2025,Household,Soap,1700,3,5100,Transfer,2040,6120,
INV0187,1/24/2025,Household,Detergent,6900,5,34500,Card,8280,41400,
INV0188,1/24/2025,Food items,Beans,60000,1,60000,Cash,72000,72000,
INV0189,1/24/2025,Beverages,Coke,2880,8,23040,Cash,3456,27648,
INV0190,1/24/2025,Snacks,Biscuits,5200,3,15600,Cash,6240,18720,
INV0191,1/24/2025,Beverages,Water,1750,10,17500,Card,2100,21000,
INV0192,1/24/2025,Snacks,Biscuits,5200,5,26000,Transfer,6240,31200,
INV4016,1/24/2025,Sport,Running Shoes,15000,10,150000,Card,18000,180000,
INV4238,1/24/2025,Electronics,LED Bulb,500,10,5000,Cash,600,6000,
INV4343,1/24/2025,Pharmaceuticals,Vitamin C,1000,5,5000,Transfer,1200,6000,
INV4479,1/24/2025,Clothing,Jeans,10000,8,80000,Card,12000,96000,
INV4560,1/24/2025,Clothing,Shoes,15000,3,45000,Cash,18000,54000,
INV4632,1/24/2025,Sport,Dumbbells,400,6,2400,Card,480,2880,
INV4681,1/24/2025,Electronics,Phone Charger,2000,7,14000,Cash,2400,16800,
INV4701,1/24/2025,Household,Bucket,2500,5,12500,Transfer,3000,15000,
INV4744,1/24/2025,Household,Bucket,2500,1,2500,Transfer,3000,3000,
INV4762,1/24/2025,Electronics,Power Bank,12000,8,96000,Card,14400,115200,
INV4778,1/24/2025,Electronics,Phone Charger,2000,8,16000,Card,2400,19200,
INV4883,1/24/2025,Household,Broom,500,3,1500,Card,600,1800,
INV4939,1/24/2025,Sport,Jersey,13000,10,130000,Card,15600,156000,
INV0193,1/25/2025,Household,Soap,1700,10,17000,Transfer,2040,20400,
INV0194,1/25/2025,Beverages,Pepsi,2880,4,11520,Card,3456,13824,
INV0195,1/25/2025,Food items,Bread,500,7,3500,Transfer,600,4200,
INV0196,1/25/2025,Beverages,Pepsi,2880,3,8640,Transfer,3456,10368,
INV0197,1/25/2025,Household,Detergent,6900,8,55200,Transfer,8280,66240,
INV0198,1/25/2025,Food items,Beans,60000,8,480000,Transfer,72000,576000,
INV0199,1/25/2025,Household,Detergent,6900,10,69000,Card,8280,82800,
INV0200,1/25/2025,Household,Toothpaste,800,8,6400,Cash,960,7680,
INV2764,1/25/2025,Food items,Sugar,3600,6,21600,Card,4320,25920,
INV3531,1/25/2025,Food items,Rice,48000,1,48000,Card,57600,57600,
INV3616,1/25/2025,Household,Soap,1700,6,10200,Transfer,2040,12240,
INV3900,1/25/2025,Food items,Eggs,3300,10,33000,Card,3960,39600,
INV3976,1/25/2025,Food items,Yam Flour,62000,5,310000,Card,74400,372000,
INV4001,1/25/2025,Clothing,T-shirt,8000,1,8000,Card,9600,9600,
INV4078,1/25/2025,Clothing,Wristwatch,12000,7,84000,Card,14400,100800,
INV4089,1/25/2025,Pharmaceuticals,Paracetamol,1000,10,10000,Cash,1200,12000,
INV4131,1/25/2025,Pharmaceuticals,Antibiotics,2000,8,16000,Transfer,2400,19200,
INV4158,1/25/2025,Electronics,LED Bulb,500,9,4500,Card,600,5400,
INV4236,1/25/2025,Food items,Palm Oil,50000,7,350000,Card,60000,420000,
INV4246,1/25/2025,Household,Broom,500,4,2000,Card,600,2400,
INV4276,1/25/2025,Pharmaceuticals,Antibiotics,2000,4,8000,Transfer,2400,9600,
INV4319,1/25/2025,Clothing,Cap,2000,2,4000,Cash,2400,4800,
INV4359,1/25/2025,Sport,Jersey,13000,2,26000,Transfer,15600,31200,
INV4363,1/25/2025,Pharmaceuticals,Antibiotics,2000,1,2000,Card,2400,2400,
INV4419,1/25/2025,Sport,Football,2800,4,11200,Cash,3360,13440,
INV4576,1/25/2025,Household,Cooking Gas,1950,3,5850,Cash,2340,7020,
INV4638,1/25/2025,Sport,Football,2800,9,25200,Card,3360,30240,
INV4702,1/25/2025,Clothing,Wristwatch,12000,3,36000,Cash,14400,43200,
INV4798,1/25/2025,Clothing,T-shirt,8000,1,8000,Card,9600,9600,
INV0201,1/26/2025,Beverages,Water,1750,6,10500,Transfer,2100,12600,
INV0202,1/26/2025,Snacks,Chocolate,3000,5,15000,Card,3600,18000,
INV0203,1/26/2025,Food items,Rice,48000,1,48000,Transfer,57600,57600,
INV0204,1/26/2025,Beverages,Water,1750,5,8750,Card,2100,10500,
INV0205,1/26/2025,Beverages,Pepsi,2880,5,14400,Cash,3456,17280,
INV0206,1/26/2025,Food items,Rice,48000,1,48000,Cash,57600,57600,
INV0207,1/26/2025,Snacks,Biscuits,5200,2,10400,Transfer,6240,12480,
INV2970,1/26/2025,Food items,Coffee,1900,5,9500,Card,2280,11400,
INV3035,1/26/2025,Household,Soap,1700,9,15300,Cash,2040,18360,
INV3724,1/26/2025,Food items,Sugar,3600,9,32400,Cash,4320,38880,
INV4029,1/26/2025,Food items,Beans,60000,3,180000,Card,72000,216000,
INV4039,1/26/2025,Sport,Football,2800,10,28000,Cash,3360,33600,
INV4119,1/26/2025,Food items,Rice,48000,5,240000,Cash,57600,288000,
INV4141,1/26/2025,Household,Bucket,2500,4,10000,Cash,3000,12000,
INV4174,1/26/2025,Pharmaceuticals,Cough Syrup,2000,9,18000,Card,2400,21600,
INV4178,1/26/2025,Clothing,Cap,2000,2,4000,Card,2400,4800,
INV4299,1/26/2025,Electronics,LED Bulb,500,7,3500,Transfer,600,4200,
INV4339,1/26/2025,Clothing,Wristwatch,12000,10,120000,Card,14400,144000,
INV4496,1/26/2025,Sport,Skipping Rope,3000,5,15000,Transfer,3600,18000,
INV4546,1/26/2025,Clothing,Jeans,10000,5,50000,Card,12000,60000,
INV4549,1/26/2025,Clothing,Wristwatch,12000,1,12000,Transfer,14400,14400,
INV4573,1/26/2025,Food items,Palm Oil,50000,2,100000,Cash,60000,120000,
INV4577,1/26/2025,Clothing,Cap,2000,1,2000,Card,2400,2400,
INV4792,1/26/2025,Clothing,Jeans,10000,1,10000,Cash,12000,12000,
INV4813,1/26/2025,Pharmaceuticals,Paracetamol,1000,3,3000,Card,1200,3600,
INV4912,1/26/2025,Food items,Garri,35000,2,70000,Cash,42000,84000,
INV4920,1/26/2025,Electronics,Power Bank,12000,7,84000,Card,14400,100800,
INV0208,1/27/2025,Snacks,Chips,400,4,1600,Transfer,480,1920,
INV0209,1/27/2025,Food items,Bread,500,5,2500,Card,600,3000,
INV0210,1/27/2025,Snacks,Chocolate,3000,3,9000,Card,3600,10800,
INV0211,1/27/2025,Beverages,Coke,2880,4,11520,Card,3456,13824,
INV0212,1/27/2025,Food items,Rice,48000,2,96000,Transfer,57600,115200,
INV0213,1/27/2025,Food items,Spaghetti,6000,5,30000,Transfer,7200,36000,
INV0214,1/27/2025,Food items,Spaghetti,6000,3,18000,Transfer,7200,21600,
INV2964,1/27/2025,Household,Toothpaste,800,3,2400,Cash,960,2880,
INV3050,1/27/2025,Food items,Coffee,1900,10,19000,Cash,2280,22800,
INV3951,1/27/2025,Pharmaceuticals,Antibiotics,2000,8,16000,Cash,2400,19200,
INV4074,1/27/2025,Sport,Jersey,13000,5,65000,Cash,15600,78000,
INV4221,1/27/2025,Household,Detergent,6900,2,13800,Transfer,8280,16560,
INV4316,1/27/2025,Sport,Skipping Rope,3000,10,30000,Transfer,3600,36000,
INV4336,1/27/2025,Clothing,Shoes,15000,9,135000,Card,18000,162000,
INV4406,1/27/2025,Electronics,LED Bulb,500,10,5000,Cash,600,6000,
INV4445,1/27/2025,Food items,Palm Oil,50000,6,300000,Transfer,60000,360000,
INV4450,1/27/2025,Household,Broom,500,2,1000,Transfer,600,1200,
INV4460,1/27/2025,Clothing,Cap,2000,7,14000,Transfer,2400,16800,
INV4472,1/27/2025,Food items,Palm Oil,50000,6,300000,Cash,60000,360000,
INV4539,1/27/2025,Household,Broom,500,7,3500,Transfer,600,4200,
INV4766,1/27/2025,Pharmaceuticals,Pain Relief Balm,2500,4,10000,Card,3000,12000,
INV4794,1/27/2025,Electronics,Phone Charger,2000,1,2000,Cash,2400,2400,
INV4857,1/27/2025,Household,Broom,500,10,5000,Transfer,600,6000,
INV0215,1/28/2025,Beverages,Water,1750,1,1750,Cash,2100,2100,
INV0216,1/28/2025,Food items,Rice,48000,8,384000,Card,57600,460800,
INV0217,1/28/2025,Snacks,Chips,400,4,1600,Cash,480,1920,
INV0218,1/28/2025,Food items,Beans,60000,1,60000,Cash,72000,72000,
INV0219,1/28/2025,Household,Toothpaste,800,2,1600,Transfer,960,1920,
INV0220,1/28/2025,Food items,Beans,60000,6,360000,Transfer,72000,432000,
INV0221,1/28/2025,Food items,Bread,500,1,500,Transfer,600,600,
INV0222,1/28/2025,Household,Detergent,6900,4,27600,Transfer,8280,33120,
INV0223,1/28/2025,Beverages,Fanta,2880,9,25920,Card,3456,31104,
INV3156,1/28/2025,Dairy,Butter,120,10,1200,Cash,144,1440,
INV3245,1/28/2025,Household,Soap,1700,5,8500,Cash,2040,10200,
INV3366,1/28/2025,Food items,Bread,500,5,2500,Transfer,600,3000,
INV3421,1/28/2025,Household,Soap,1700,3,5100,Card,2040,6120,
INV3722,1/28/2025,Food items,Coffee,1900,8,15200,Cash,2280,18240,
INV3979,1/28/2025,Sport,Football,2800,9,25200,Card,3360,30240,
INV4102,1/28/2025,Sport,Jersey,13000,8,104000,Card,15600,124800,
INV4127,1/28/2025,Pharmaceuticals,Vitamin C,1000,3,3000,Card,1200,3600,
INV4137,1/28/2025,Household,Toilet Paper,4000,4,16000,Transfer,4800,19200,
INV4184,1/28/2025,Pharmaceuticals,Cough Syrup,2000,5,10000,Transfer,2400,12000,
INV4357,1/28/2025,Clothing,Jeans,10000,5,50000,Card,12000,60000,
INV4393,1/28/2025,Pharmaceuticals,Cough Syrup,2000,1,2000,Card,2400,2400,
INV4453,1/28/2025,Electronics,Extension Box,8000,8,64000,Transfer,9600,76800,
INV4491,1/28/2025,Electronics,Power Bank,12000,6,72000,Card,14400,86400,
INV4774,1/28/2025,Pharmaceuticals,Vitamin C,1000,9,9000,Cash,1200,10800,
INV4820,1/28/2025,Electronics,Extension Box,8000,10,80000,Cash,9600,96000,
INV4843,1/28/2025,Pharmaceuticals,Vitamin C,1000,8,8000,Transfer,1200,9600,
INV4851,1/28/2025,Food items,Beans,60000,7,420000,Card,72000,504000,
INV4937,1/28/2025,Pharmaceuticals,Cough Syrup,2000,8,16000,Card,2400,19200,
INV0224,1/29/2025,Food items,Rice,48000,9,432000,Card,57600,518400,
INV0225,1/29/2025,Food items,Bread,500,9,4500,Cash,600,5400,
INV0226,1/29/2025,Snacks,Chips,400,10,4000,Transfer,480,4800,
INV0227,1/29/2025,Beverages,Fanta,2880,10,28800,Card,3456,34560,
INV0228,1/29/2025,Beverages,Fanta,2880,5,14400,Card,3456,17280,
INV0229,1/29/2025,Snacks,Chips,400,2,800,Cash,480,960,
INV0230,1/29/2025,Snacks,Chocolate,3000,10,30000,Card,3600,36000,
INV0231,1/29/2025,Food items,Spaghetti,6000,1,6000,Card,7200,7200,
INV3088,1/29/2025,Dairy,Butter,120,4,480,Cash,144,576,
INV3166,1/29/2025,Dairy,Butter,120,2,240,Card,144,288,
INV3426,1/29/2025,Food items,Tea,600,10,6000,Cash,720,7200,
INV3850,1/29/2025,Food items,Bread,500,9,4500,Card,600,5400,
INV4100,1/29/2025,Clothing,Wristwatch,12000,9,108000,Cash,14400,129600,
INV4148,1/29/2025,Sport,Football,2800,6,16800,Transfer,3360,20160,
INV4203,1/29/2025,Clothing,Wristwatch,12000,4,48000,Transfer,14400,57600,
INV4321,1/29/2025,Clothing,T-shirt,8000,6,48000,Cash,9600,57600,
INV4427,1/29/2025,Electronics,Extension Box,8000,1,8000,Card,9600,9600,
INV4455,1/29/2025,Food items,Yam Flour,62000,6,372000,Card,74400,446400,
INV4519,1/29/2025,Sport,Running Shoes,15000,10,150000,Cash,18000,180000,
INV4606,1/29/2025,Sport,Jersey,13000,5,65000,Cash,15600,78000,
INV4643,1/29/2025,Household,Toilet Paper,4000,5,20000,Transfer,4800,24000,
INV4685,1/29/2025,Electronics,LED Bulb,500,10,5000,Card,600,6000,
INV4773,1/29/2025,Sport,Football,2800,4,11200,Card,3360,13440,
INV4943,1/29/2025,Pharmaceuticals,Cough Syrup,2000,1,2000,Transfer,2400,2400,
INV0232,1/30/2025,Household,Shampoo,1200,1,1200,Transfer,1440,1440,
INV0233,1/30/2025,Snacks,Chips,400,8,3200,Cash,480,3840,
INV0234,1/30/2025,Snacks,Chips,400,4,1600,Transfer,480,1920,
INV0235,1/30/2025,Household,Detergent,6900,2,13800,Cash,8280,16560,
INV0236,1/30/2025,Snacks,Biscuits,5200,6,31200,Transfer,6240,37440,
INV0237,1/30/2025,Household,Detergent,6900,1,6900,Transfer,8280,8280,
INV0238,1/30/2025,Household,Soap,1700,9,15300,Card,2040,18360,
INV0239,1/30/2025,Beverages,Pepsi,2880,1,2880,Card,3456,3456,
INV0240,1/30/2025,Household,Detergent,6900,7,48300,Card,8280,57960,
INV2750,1/30/2025,Dairy,Butter,120,7,840,Cash,144,1008,
INV2895,1/30/2025,Dairy,Butter,120,7,840,Card,144,1008,
INV3480,1/30/2025,Food items,Coffee,1900,6,11400,Card,2280,13680,
INV4111,1/30/2025,Sport,Skipping Rope,3000,2,6000,Cash,3600,7200,
INV4291,1/30/2025,Food items,Beans,60000,5,300000,Transfer,72000,360000,
INV4327,1/30/2025,Electronics,LED Bulb,500,4,2000,Card,600,2400,
INV4436,1/30/2025,Household,Detergent,6900,1,6900,Cash,8280,8280,
INV4505,1/30/2025,Food items,Rice,48000,10,480000,Cash,57600,576000,
INV4510,1/30/2025,Electronics,Extension Box,8000,8,64000,Card,9600,76800,
INV4695,1/30/2025,Household,Cooking Gas,1950,5,9750,Card,2340,11700,
INV4793,1/30/2025,Electronics,Extension Box,8000,3,24000,Cash,9600,28800,
INV4795,1/30/2025,Sport,Jersey,13000,1,13000,Card,15600,15600,
INV0241,1/31/2025,Beverages,Pepsi,2880,2,5760,Cash,3456,6912,
INV0242,1/31/2025,Household,Soap,1700,8,13600,Card,2040,16320,
INV0243,1/31/2025,Snacks,Chips,400,4,1600,Card,480,1920,
INV0244,1/31/2025,Snacks,Biscuits,5200,10,52000,Card,6240,62400,
INV0245,1/31/2025,Household,Detergent,6900,7,48300,Cash,8280,57960,
INV0246,1/31/2025,Food items,Spaghetti,6000,2,12000,Cash,7200,14400,
INV0247,1/31/2025,Beverages,Water,1750,8,14000,Transfer,2100,16800,
INV3430,1/31/2025,Food items,Coffee,1900,3,5700,Card,2280,6840,
INV4168,1/31/2025,Electronics,LED Bulb,500,6,3000,Card,600,3600,
INV4175,1/31/2025,Electronics,Extension Box,8000,4,32000,Card,9600,38400,
INV4204,1/31/2025,Electronics,LED Bulb,500,1,500,Transfer,600,600,
INV4235,1/31/2025,Sport,Jersey,13000,9,117000,Card,15600,140400,
INV4258,1/31/2025,Sport,Skipping Rope,3000,6,18000,Transfer,3600,21600,
INV4333,1/31/2025,Sport,Running Shoes,15000,1,15000,Card,18000,18000,
INV4378,1/31/2025,Clothing,Cap,2000,2,4000,Cash,2400,4800,
INV4402,1/31/2025,Electronics,Power Bank,12000,4,48000,Transfer,14400,57600,
INV4654,1/31/2025,Electronics,Phone Charger,2000,4,8000,Cash,2400,9600,
INV4662,1/31/2025,Clothing,Jeans,10000,8,80000,Cash,12000,96000,
INV4709,1/31/2025,Electronics,Power Bank,12000,10,120000,Card,14400,144000,
INV4727,1/31/2025,Electronics,Earphones,1000,9,9000,Transfer,1200,10800,
INV4757,1/31/2025,Clothing,Jeans,10000,10,100000,Transfer,12000,120000,
INV4861,1/31/2025,Clothing,T-shirt,8000,8,64000,Cash,9600,76800,
INV0248,2/1/2025,Food items,Bread,500,2,1000,Cash,600,1200,
INV0249,2/1/2025,Beverages,Fanta,2880,7,20160,Card,3456,24192,
INV0250,2/1/2025,Household,Detergent,6900,3,20700,Cash,8280,24840,
INV0251,2/1/2025,Beverages,Coke,2880,2,5760,Cash,3456,6912,
INV0252,2/1/2025,Household,Shampoo,1200,6,7200,Transfer,1440,8640,
INV0253,2/1/2025,Household,Shampoo,1200,1,1200,Cash,1440,1440,
INV2900,2/1/2025,Dairy,Milk,9100,1,9100,Cash,10920,10920,
INV3916,2/1/2025,Household,Toothpaste,800,2,1600,Cash,960,1920,
INV4050,2/1/2025,Electronics,Earphones,1000,9,9000,Cash,1200,10800,
INV4062,2/1/2025,Household,Toilet Paper,4000,9,36000,Card,4800,43200,
INV4117,2/1/2025,Sport,Skipping Rope,3000,7,21000,Card,3600,25200,
INV4260,2/1/2025,Food items,Yam Flour,62000,5,310000,Cash,74400,372000,
INV4487,2/1/2025,Food items,Garri,35000,6,210000,Cash,42000,252000,
INV4529,2/1/2025,Pharmaceuticals,Cough Syrup,2000,4,8000,Transfer,2400,9600,
INV0254,2/2/2025,Beverages,Water,1750,10,17500,Transfer,2100,21000,
INV0255,2/2/2025,Food items,Rice,48000,5,240000,Card,57600,288000,
INV0256,2/2/2025,Food items,Rice,48000,5,240000,Card,57600,288000,
INV0257,2/2/2025,Snacks,Chips,400,9,3600,Cash,480,4320,
INV0258,2/2/2025,Snacks,Chocolate,3000,9,27000,Cash,3600,32400,
INV0259,2/2/2025,Snacks,Biscuits,5200,5,26000,Cash,6240,31200,
INV0260,2/2/2025,Household,Toothpaste,800,7,5600,Card,960,6720,
INV0261,2/2/2025,Food items,Rice,48000,5,240000,Cash,57600,288000,
INV0262,2/2/2025,Snacks,Biscuits,5200,3,15600,Card,6240,18720,
INV3157,2/2/2025,Dairy,Milk,9100,7,63700,Transfer,10920,76440,
INV3196,2/2/2025,Food items,Bread,500,8,4000,Cash,600,4800,
INV3613,2/2/2025,Household,Soap,1700,8,13600,Card,2040,16320,
INV3728,2/2/2025,Food items,Bread,500,1,500,Cash,600,600,
INV3989,2/2/2025,Household,Cooking Gas,1950,2,3900,Card,2340,4680,
INV4017,2/2/2025,Pharmaceuticals,Cough Syrup,2000,1,2000,Card,2400,2400,
INV4066,2/2/2025,Food items,Yam Flour,62000,10,620000,Cash,74400,744000,
INV4192,2/2/2025,Household,Broom,500,8,4000,Card,600,4800,
INV4198,2/2/2025,Food items,Yam Flour,62000,9,558000,Transfer,74400,669600,
INV4225,2/2/2025,Clothing,T-shirt,8000,4,32000,Transfer,9600,38400,
INV4318,2/2/2025,Electronics,Earphones,1000,7,7000,Cash,1200,8400,
INV4420,2/2/2025,Clothing,Shoes,15000,10,150000,Cash,18000,180000,
INV4428,2/2/2025,Food items,Yam Flour,62000,8,496000,Transfer,74400,595200,
INV4447,2/2/2025,Sport,Dumbbells,400,8,3200,Transfer,480,3840,
INV4668,2/2/2025,Clothing,Jeans,10000,7,70000,Cash,12000,84000,
INV4693,2/2/2025,Food items,Beans,60000,1,60000,Cash,72000,72000,
INV4863,2/2/2025,Electronics,Earphones,1000,6,6000,Card,1200,7200,
INV4879,2/2/2025,Clothing,T-shirt,8000,2,16000,Cash,9600,19200,
INV0263,2/3/2025,Snacks,Biscuits,5200,9,46800,Card,6240,56160,
INV0264,2/3/2025,Household,Detergent,6900,8,55200,Transfer,8280,66240,
INV0265,2/3/2025,Snacks,Chips,400,5,2000,Cash,480,2400,
INV0266,2/3/2025,Household,Detergent,6900,7,48300,Card,8280,57960,
INV0267,2/3/2025,Household,Soap,1700,1,1700,Transfer,2040,2040,
INV2929,2/3/2025,Food items,Bread,500,8,4000,Cash,600,4800,
INV3094,2/3/2025,Food items,Eggs,3300,8,26400,Transfer,3960,31680,
INV3998,2/3/2025,Food items,Rice,48000,7,336000,Transfer,57600,403200,
INV4010,2/3/2025,Sport,Football,2800,9,25200,Card,3360,30240,
INV4237,2/3/2025,Household,Detergent,6900,7,48300,Transfer,8280,57960,
INV4280,2/3/2025,Clothing,Jeans,10000,5,50000,Transfer,12000,60000,
INV4408,2/3/2025,Food items,Palm Oil,50000,5,250000,Transfer,60000,300000,
INV4410,2/3/2025,Sport,Football,2800,4,11200,Cash,3360,13440,
INV4448,2/3/2025,Sport,Skipping Rope,3000,1,3000,Cash,3600,3600,
INV4514,2/3/2025,Sport,Dumbbells,400,10,4000,Cash,480,4800,
INV4562,2/3/2025,Food items,Yam Flour,62000,10,620000,Cash,74400,744000,
INV4600,2/3/2025,Household,Broom,500,10,5000,Card,600,6000,
INV4608,2/3/2025,Sport,Dumbbells,400,3,1200,Cash,480,1440,
INV4699,2/3/2025,Food items,Rice,48000,5,240000,Cash,57600,288000,
INV4767,2/3/2025,Food items,Rice,48000,5,240000,Card,57600,288000,
INV4895,2/3/2025,Clothing,Cap,2000,1,2000,Cash,2400,2400,
INV0268,2/4/2025,Beverages,Fanta,2880,4,11520,Cash,3456,13824,
INV0269,2/4/2025,Beverages,Fanta,2880,10,28800,Cash,3456,34560,
INV0270,2/4/2025,Food items,Rice,48000,3,144000,Card,57600,172800,
INV0271,2/4/2025,Beverages,Coke,2880,2,5760,Card,3456,6912,
INV0272,2/4/2025,Food items,Rice,48000,5,240000,Card,57600,288000,
INV0273,2/4/2025,Snacks,Chocolate,3000,3,9000,Card,3600,10800,
INV0274,2/4/2025,Food items,Beans,60000,2,120000,Card,72000,144000,
INV3069,2/4/2025,Food items,Tea,600,5,3000,Card,720,3600,
INV3632,2/4/2025,Household,Toothpaste,800,3,2400,Cash,960,2880,
INV4294,2/4/2025,Electronics,Extension Box,8000,1,8000,Transfer,9600,9600,
INV4350,2/4/2025,Household,Detergent,6900,1,6900,Cash,8280,8280,
INV4367,2/4/2025,Electronics,Extension Box,8000,7,56000,Card,9600,67200,
INV4437,2/4/2025,Household,Toilet Paper,4000,9,36000,Transfer,4800,43200,
INV4504,2/4/2025,Clothing,T-shirt,8000,2,16000,Transfer,9600,19200,
INV4535,2/4/2025,Sport,Dumbbells,400,5,2000,Cash,480,2400,
INV4613,2/4/2025,Clothing,Cap,2000,4,8000,Card,2400,9600,
INV4661,2/4/2025,Pharmaceuticals,Pain Relief Balm,2500,9,22500,Card,3000,27000,
INV4672,2/4/2025,Food items,Garri,35000,4,140000,Cash,42000,168000,
INV4733,2/4/2025,Electronics,Earphones,1000,7,7000,Cash,1200,8400,
INV4927,2/4/2025,Food items,Yam Flour,62000,1,62000,Transfer,74400,74400,
INV0275,2/5/2025,Beverages,Pepsi,2880,8,23040,Transfer,3456,27648,
INV0276,2/5/2025,Food items,Bread,500,2,1000,Transfer,600,1200,
INV0277,2/5/2025,Household,Soap,1700,8,13600,Card,2040,16320,
INV0278,2/5/2025,Food items,Spaghetti,6000,3,18000,Cash,7200,21600,
INV0279,2/5/2025,Beverages,Pepsi,2880,6,17280,Transfer,3456,20736,
INV0280,2/5/2025,Beverages,Coke,2880,9,25920,Transfer,3456,31104,
INV0281,2/5/2025,Food items,Rice,48000,7,336000,Card,57600,403200,
INV2898,2/5/2025,Food items,Tea,600,9,5400,Card,720,6480,
INV3063,2/5/2025,Food items,Bread,500,8,4000,Transfer,600,4800,
INV3241,2/5/2025,Food items,Rice,48000,9,432000,Transfer,57600,518400,
INV3313,2/5/2025,Food items,Sugar,3600,7,25200,Cash,4320,30240,
INV3389,2/5/2025,Food items,Sugar,3600,1,3600,Transfer,4320,4320,
INV3920,2/5/2025,Food items,Coffee,1900,8,15200,Transfer,2280,18240,
INV4058,2/5/2025,Sport,Football,2800,2,5600,Card,3360,6720,
INV4059,2/5/2025,Pharmaceuticals,Paracetamol,1000,3,3000,Cash,1200,3600,
INV4090,2/5/2025,Pharmaceuticals,Paracetamol,1000,10,10000,Cash,1200,12000,
INV4205,2/5/2025,Household,Toilet Paper,4000,6,24000,Card,4800,28800,
INV4259,2/5/2025,Clothing,Cap,2000,2,4000,Transfer,2400,4800,
INV4287,2/5/2025,Food items,Rice,48000,9,432000,Card,57600,518400,
INV4500,2/5/2025,Pharmaceuticals,Vitamin C,1000,9,9000,Card,1200,10800,
INV4541,2/5/2025,Sport,Skipping Rope,3000,3,9000,Transfer,3600,10800,
INV4730,2/5/2025,Clothing,Shoes,15000,1,15000,Cash,18000,18000,
INV4834,2/5/2025,Food items,Beans,60000,1,60000,Card,72000,72000,
INV4845,2/5/2025,Food items,Rice,48000,6,288000,Cash,57600,345600,
INV4909,2/5/2025,Electronics,Extension Box,8000,2,16000,Cash,9600,19200,
INV0282,2/6/2025,Beverages,Pepsi,2880,7,20160,Cash,3456,24192,
INV0283,2/6/2025,Food items,Beans,60000,1,60000,Card,72000,72000,
INV0284,2/6/2025,Food items,Beans,60000,2,120000,Transfer,72000,144000,
INV0285,2/6/2025,Beverages,Coke,2880,6,17280,Cash,3456,20736,
INV0286,2/6/2025,Beverages,Coke,2880,4,11520,Transfer,3456,13824,
INV0287,2/6/2025,Food items,Rice,48000,6,288000,Transfer,57600,345600,
INV0288,2/6/2025,Beverages,Water,1750,10,17500,Cash,2100,21000,
INV0289,2/6/2025,Household,Detergent,6900,5,34500,Transfer,8280,41400,
INV0290,2/6/2025,Food items,Rice,48000,5,240000,Cash,57600,288000,
INV3958,2/6/2025,Clothing,Wristwatch,12000,4,48000,Card,14400,57600,
INV3982,2/6/2025,Food items,Palm Oil,50000,4,200000,Transfer,60000,240000,
INV3995,2/6/2025,Food items,Yam Flour,62000,9,558000,Card,74400,669600,
INV4042,2/6/2025,Pharmaceuticals,Antibiotics,2000,1,2000,Transfer,2400,2400,
INV4151,2/6/2025,Pharmaceuticals,Pain Relief Balm,2500,10,25000,Transfer,3000,30000,
INV4326,2/6/2025,Clothing,Shoes,15000,4,60000,Transfer,18000,72000,
INV4470,2/6/2025,Household,Bucket,2500,6,15000,Transfer,3000,18000,
INV4480,2/6/2025,Electronics,Phone Charger,2000,10,20000,Transfer,2400,24000,
INV4663,2/6/2025,Pharmaceuticals,Antibiotics,2000,5,10000,Transfer,2400,12000,
INV4673,2/6/2025,Pharmaceuticals,Antibiotics,2000,8,16000,Transfer,2400,19200,
INV4721,2/6/2025,Food items,Yam Flour,62000,1,62000,Cash,74400,74400,
INV4842,2/6/2025,Electronics,Phone Charger,2000,6,12000,Card,2400,14400,
INV4896,2/6/2025,Household,Bucket,2500,5,12500,Cash,3000,15000,
INV0291,2/7/2025,Food items,Spaghetti,6000,8,48000,Cash,7200,57600,
INV0292,2/7/2025,Snacks,Biscuits,5200,4,20800,Cash,6240,24960,
INV0293,2/7/2025,Snacks,Chips,400,9,3600,Cash,480,4320,
INV0294,2/7/2025,Food items,Beans,60000,8,480000,Transfer,72000,576000,
INV0295,2/7/2025,Household,Shampoo,1200,8,9600,Cash,1440,11520,
INV0296,2/7/2025,Snacks,Chips,400,1,400,Transfer,480,480,
INV0297,2/7/2025,Household,Toothpaste,800,9,7200,Cash,960,8640,
INV0298,2/7/2025,Snacks,Biscuits,5200,7,36400,Cash,6240,43680,
INV0299,2/7/2025,Food items,Spaghetti,6000,5,30000,Transfer,7200,36000,
INV0300,2/7/2025,Snacks,Biscuits,5200,1,5200,Card,6240,6240,
INV3112,2/7/2025,Dairy,Butter,120,8,960,Card,144,1152,
INV3179,2/7/2025,Food items,Bread,500,7,3500,Cash,600,4200,
INV3961,2/7/2025,Food items,Garri,35000,10,350000,Cash,42000,420000,
INV4005,2/7/2025,Pharmaceuticals,Antibiotics,2000,8,16000,Transfer,2400,19200,
INV4101,2/7/2025,Food items,Rice,48000,6,288000,Card,57600,345600,
INV4207,2/7/2025,Electronics,Phone Charger,2000,4,8000,Transfer,2400,9600,
INV4278,2/7/2025,Household,Detergent,6900,9,62100,Transfer,8280,74520,
INV4387,2/7/2025,Electronics,LED Bulb,500,8,4000,Card,600,4800,
INV4405,2/7/2025,Electronics,Power Bank,12000,10,120000,Card,14400,144000,
INV4476,2/7/2025,Food items,Rice,48000,10,480000,Cash,57600,576000,
INV4483,2/7/2025,Household,Broom,500,7,3500,Transfer,600,4200,
INV4540,2/7/2025,Sport,Dumbbells,400,1,400,Transfer,480,480,
INV4558,2/7/2025,Electronics,Phone Charger,2000,1,2000,Card,2400,2400,
INV4567,2/7/2025,Clothing,Shoes,15000,6,90000,Transfer,18000,108000,
INV4626,2/7/2025,Pharmaceuticals,Vitamin C,1000,10,10000,Card,1200,12000,
INV4648,2/7/2025,Clothing,Jeans,10000,8,80000,Transfer,12000,96000,
INV4770,2/7/2025,Sport,Dumbbells,400,1,400,Transfer,480,480,
INV4839,2/7/2025,Electronics,Power Bank,12000,8,96000,Card,14400,115200,
INV4860,2/7/2025,Household,Broom,500,8,4000,Cash,600,4800,
INV4905,2/7/2025,Electronics,LED Bulb,500,6,3000,Card,600,3600,
INV4922,2/7/2025,Clothing,Wristwatch,12000,2,24000,Card,14400,28800,
INV4933,2/7/2025,Clothing,Wristwatch,12000,5,60000,Card,14400,72000,
INV0301,2/8/2025,Beverages,Coke,2880,3,8640,Cash,3456,10368,
INV0302,2/8/2025,Beverages,Pepsi,2880,2,5760,Card,3456,6912,
INV0303,2/8/2025,Food items,Rice,48000,3,144000,Cash,57600,172800,
INV0304,2/8/2025,Food items,Bread,500,3,1500,Transfer,600,1800,
INV0305,2/8/2025,Beverages,Pepsi,2880,7,20160,Cash,3456,24192,
INV0306,2/8/2025,Snacks,Biscuits,5200,4,20800,Transfer,6240,24960,
INV0307,2/8/2025,Food items,Rice,48000,6,288000,Cash,57600,345600,
INV2875,2/8/2025,Food items,Sugar,3600,1,3600,Card,4320,4320,
INV2897,2/8/2025,Food items,Eggs,3300,3,9900,Transfer,3960,11880,
INV3044,2/8/2025,Household,Soap,1700,5,8500,Cash,2040,10200,
INV3657,2/8/2025,Dairy,Milk,9100,4,36400,Card,10920,43680,
INV3667,2/8/2025,Food items,Coffee,1900,9,17100,Cash,2280,20520,
INV3729,2/8/2025,Food items,Sugar,3600,3,10800,Transfer,4320,12960,
INV3952,2/8/2025,Sport,Jersey,13000,7,91000,Cash,15600,109200,
INV3974,2/8/2025,Clothing,Shoes,15000,1,15000,Card,18000,18000,
INV3990,2/8/2025,Sport,Jersey,13000,6,78000,Cash,15600,93600,
INV4077,2/8/2025,Sport,Skipping Rope,3000,9,27000,Transfer,3600,32400,
INV4115,2/8/2025,Clothing,Shoes,15000,10,150000,Transfer,18000,180000,
INV4135,2/8/2025,Household,Bucket,2500,4,10000,Card,3000,12000,
INV4370,2/8/2025,Clothing,T-shirt,8000,10,80000,Cash,9600,96000,
INV4414,2/8/2025,Pharmaceuticals,Pain Relief Balm,2500,7,17500,Card,3000,21000,
INV4553,2/8/2025,Household,Bucket,2500,4,10000,Card,3000,12000,
INV4680,2/8/2025,Clothing,T-shirt,8000,1,8000,Cash,9600,9600,
INV4760,2/8/2025,Sport,Dumbbells,400,5,2000,Card,480,2400,
INV4869,2/8/2025,Household,Toilet Paper,4000,6,24000,Cash,4800,28800,
INV0308,2/9/2025,Household,Detergent,6900,3,20700,Transfer,8280,24840,
INV0309,2/9/2025,Snacks,Chocolate,3000,3,9000,Transfer,3600,10800,
INV0310,2/9/2025,Household,Detergent,6900,5,34500,Cash,8280,41400,
INV0311,2/9/2025,Household,Toothpaste,800,7,5600,Card,960,6720,
INV0312,2/9/2025,Snacks,Chips,400,8,3200,Cash,480,3840,
INV0313,2/9/2025,Household,Shampoo,1200,7,8400,Transfer,1440,10080,
INV0314,2/9/2025,Snacks,Chips,400,5,2000,Card,480,2400,
INV0315,2/9/2025,Household,Shampoo,1200,1,1200,Card,1440,1440,
INV0316,2/9/2025,Beverages,Pepsi,2880,2,5760,Transfer,3456,6912,
INV0317,2/9/2025,Snacks,Chocolate,3000,1,3000,Card,3600,3600,
INV2856,2/9/2025,Food items,Bread,500,6,3000,Cash,600,3600,
INV2942,2/9/2025,Dairy,Milk,9100,6,54600,Transfer,10920,65520,
INV4045,2/9/2025,Electronics,Phone Charger,2000,6,12000,Card,2400,14400,
INV4128,2/9/2025,Clothing,Wristwatch,12000,7,84000,Transfer,14400,100800,
INV4194,2/9/2025,Electronics,Power Bank,12000,3,36000,Transfer,14400,43200,
INV4211,2/9/2025,Sport,Skipping Rope,3000,10,30000,Cash,3600,36000,
INV4264,2/9/2025,Food items,Yam Flour,62000,3,186000,Card,74400,223200,
INV4416,2/9/2025,Food items,Palm Oil,50000,1,50000,Cash,60000,60000,
INV4457,2/9/2025,Household,Cooking Gas,1950,6,11700,Cash,2340,14040,
INV4498,2/9/2025,Clothing,Jeans,10000,3,30000,Transfer,12000,36000,
INV4847,2/9/2025,Food items,Yam Flour,62000,9,558000,Transfer,74400,669600,
INV4849,2/9/2025,Household,Cooking Gas,1950,4,7800,Transfer,2340,9360,
INV4854,2/9/2025,Pharmaceuticals,Cough Syrup,2000,10,20000,Transfer,2400,24000,
INV4902,2/9/2025,Household,Toilet Paper,4000,6,24000,Transfer,4800,28800,
INV4945,2/9/2025,Food items,Palm Oil,50000,1,50000,Transfer,60000,60000,
INV0318,2/10/2025,Food items,Spaghetti,6000,9,54000,Transfer,7200,64800,
INV0319,2/10/2025,Beverages,Fanta,2880,3,8640,Transfer,3456,10368,
INV0320,2/10/2025,Beverages,Pepsi,2880,7,20160,Cash,3456,24192,
INV0321,2/10/2025,Beverages,Water,1750,9,15750,Cash,2100,18900,
INV0322,2/10/2025,Beverages,Fanta,2880,1,2880,Card,3456,3456,
INV3689,2/10/2025,Dairy,Butter,120,9,1080,Card,144,1296,
INV3996,2/10/2025,Electronics,Power Bank,12000,6,72000,Transfer,14400,86400,
INV3999,2/10/2025,Food items,Rice,48000,5,240000,Transfer,57600,288000,
INV4014,2/10/2025,Pharmaceuticals,Antibiotics,2000,2,4000,Transfer,2400,4800,
INV4080,2/10/2025,Sport,Dumbbells,400,4,1600,Cash,480,1920,
INV4094,2/10/2025,Clothing,Shoes,15000,10,150000,Card,18000,180000,
INV4136,2/10/2025,Household,Toilet Paper,4000,1,4000,Transfer,4800,4800,
INV4262,2/10/2025,Electronics,Earphones,1000,10,10000,Transfer,1200,12000,
INV4288,2/10/2025,Electronics,LED Bulb,500,3,1500,Cash,600,1800,
INV4554,2/10/2025,Clothing,Jeans,10000,7,70000,Transfer,12000,84000,
INV4641,2/10/2025,Clothing,Shoes,15000,7,105000,Transfer,18000,126000,
INV4919,2/10/2025,Household,Detergent,6900,7,48300,Card,8280,57960,
INV0323,2/11/2025,Food items,Rice,48000,5,240000,Transfer,57600,288000,
INV0324,2/11/2025,Beverages,Coke,2880,3,8640,Card,3456,10368,
INV0325,2/11/2025,Snacks,Biscuits,5200,4,20800,Cash,6240,24960,
INV0326,2/11/2025,Snacks,Chocolate,3000,10,30000,Card,3600,36000,
INV0327,2/11/2025,Food items,Beans,60000,7,420000,Card,72000,504000,
INV0328,2/11/2025,Beverages,Water,1750,4,7000,Transfer,2100,8400,
INV0329,2/11/2025,Household,Detergent,6900,6,41400,Transfer,8280,49680,
INV0330,2/11/2025,Household,Detergent,6900,4,27600,Transfer,8280,33120,
INV4019,2/11/2025,Clothing,Cap,2000,10,20000,Cash,2400,24000,
INV4138,2/11/2025,Household,Cooking Gas,1950,3,5850,Card,2340,7020,
INV4180,2/11/2025,Pharmaceuticals,Pain Relief Balm,2500,9,22500,Cash,3000,27000,
INV4509,2/11/2025,Food items,Garri,35000,10,350000,Card,42000,420000,
INV4708,2/11/2025,Food items,Palm Oil,50000,10,500000,Card,60000,600000,
INV4729,2/11/2025,Sport,Football,2800,4,11200,Cash,3360,13440,
INV4747,2/11/2025,Household,Toilet Paper,4000,5,20000,Cash,4800,24000,
INV4921,2/11/2025,Household,Toilet Paper,4000,3,12000,Card,4800,14400,
INV0331,2/12/2025,Food items,Beans,60000,2,120000,Cash,72000,144000,
INV0332,2/12/2025,Snacks,Biscuits,5200,5,26000,Transfer,6240,31200,
INV0333,2/12/2025,Food items,Bread,500,7,3500,Card,600,4200,
INV0334,2/12/2025,Snacks,Biscuits,5200,5,26000,Transfer,6240,31200,
INV0335,2/12/2025,Beverages,Water,1750,3,5250,Card,2100,6300,
INV3379,2/12/2025,Dairy,Milk,9100,1,9100,Transfer,10920,10920,
INV3473,2/12/2025,Food items,Rice,48000,7,336000,Cash,57600,403200,
INV3726,2/12/2025,Food items,Eggs,3300,10,33000,Transfer,3960,39600,
INV3960,2/12/2025,Electronics,Extension Box,8000,5,40000,Card,9600,48000,
INV4166,2/12/2025,Clothing,Jeans,10000,8,80000,Cash,12000,96000,
INV4431,2/12/2025,Household,Bucket,2500,10,25000,Cash,3000,30000,
INV4478,2/12/2025,Pharmaceuticals,Pain Relief Balm,2500,6,15000,Transfer,3000,18000,
INV4611,2/12/2025,Food items,Yam Flour,62000,10,620000,Transfer,74400,744000,
INV4628,2/12/2025,Electronics,Power Bank,12000,1,12000,Card,14400,14400,
INV4690,2/12/2025,Sport,Running Shoes,15000,2,30000,Card,18000,36000,
INV4824,2/12/2025,Clothing,T-shirt,8000,1,8000,Card,9600,9600,
INV0336,2/13/2025,Beverages,Pepsi,2880,10,28800,Transfer,3456,34560,
INV0337,2/13/2025,Food items,Rice,48000,1,48000,Cash,57600,57600,
INV0338,2/13/2025,Household,Shampoo,1200,7,8400,Transfer,1440,10080,
INV0339,2/13/2025,Beverages,Fanta,2880,1,2880,Card,3456,3456,
INV0340,2/13/2025,Food items,Spaghetti,6000,2,12000,Card,7200,14400,
INV0341,2/13/2025,Food items,Rice,48000,9,432000,Cash,57600,518400,
INV3135,2/13/2025,Household,Soap,1700,5,8500,Card,2040,10200,
INV3481,2/13/2025,Dairy,Butter,120,9,1080,Card,144,1296,
INV3720,2/13/2025,Household,Soap,1700,3,5100,Card,2040,6120,
INV3807,2/13/2025,Dairy,Milk,9100,9,81900,Cash,10920,98280,
INV4125,2/13/2025,Clothing,Wristwatch,12000,7,84000,Card,14400,100800,
INV4206,2/13/2025,Electronics,Extension Box,8000,4,32000,Transfer,9600,38400,
INV4340,2/13/2025,Electronics,Earphones,1000,1,1000,Cash,1200,1200,
INV4403,2/13/2025,Clothing,Cap,2000,5,10000,Cash,2400,12000,
INV4490,2/13/2025,Sport,Skipping Rope,3000,4,12000,Transfer,3600,14400,
INV4530,2/13/2025,Clothing,Jeans,10000,2,20000,Cash,12000,24000,
INV4715,2/13/2025,Sport,Football,2800,6,16800,Transfer,3360,20160,
INV4791,2/13/2025,Food items,Palm Oil,50000,2,100000,Cash,60000,120000,
INV0342,2/14/2025,Household,Shampoo,1200,1,1200,Card,1440,1440,
INV0343,2/14/2025,Beverages,Water,1750,7,12250,Card,2100,14700,
INV0344,2/14/2025,Snacks,Chocolate,3000,1,3000,Card,3600,3600,
INV0345,2/14/2025,Snacks,Chips,400,3,1200,Cash,480,1440,
INV0346,2/14/2025,Food items,Beans,60000,10,600000,Card,72000,720000,
INV3160,2/14/2025,Food items,Sugar,3600,7,25200,Card,4320,30240,
INV3185,2/14/2025,Food items,Bread,500,1,500,Transfer,600,600,
INV4012,2/14/2025,Pharmaceuticals,Pain Relief Balm,2500,4,10000,Cash,3000,12000,
INV4068,2/14/2025,Electronics,LED Bulb,500,8,4000,Cash,600,4800,
INV4263,2/14/2025,Food items,Palm Oil,50000,2,100000,Transfer,60000,120000,
INV4292,2/14/2025,Sport,Jersey,13000,3,39000,Transfer,15600,46800,
INV4394,2/14/2025,Food items,Palm Oil,50000,10,500000,Transfer,60000,600000,
INV4772,2/14/2025,Sport,Dumbbells,400,7,2800,Card,480,3360,
INV4781,2/14/2025,Pharmaceuticals,Cough Syrup,2000,1,2000,Card,2400,2400,
INV4852,2/14/2025,Pharmaceuticals,Cough Syrup,2000,2,4000,Cash,2400,4800,
INV0347,2/15/2025,Snacks,Biscuits,5200,2,10400,Transfer,6240,12480,
INV0348,2/15/2025,Beverages,Coke,2880,3,8640,Cash,3456,10368,
INV0349,2/15/2025,Snacks,Chips,400,2,800,Transfer,480,960,
INV0350,2/15/2025,Snacks,Biscuits,5200,4,20800,Cash,6240,24960,
INV0351,2/15/2025,Household,Detergent,6900,9,62100,Cash,8280,74520,
INV0352,2/15/2025,Food items,Spaghetti,6000,8,48000,Card,7200,57600,
INV0353,2/15/2025,Food items,Rice,48000,10,480000,Transfer,57600,576000,
INV0354,2/15/2025,Food items,Spaghetti,6000,7,42000,Cash,7200,50400,
INV0355,2/15/2025,Snacks,Chips,400,9,3600,Cash,480,4320,
INV0356,2/15/2025,Snacks,Chips,400,1,400,Card,480,480,
INV2913,2/15/2025,Dairy,Milk,9100,9,81900,Card,10920,98280,
INV2925,2/15/2025,Food items,Tea,600,7,4200,Transfer,720,5040,
INV3645,2/15/2025,Food items,Bread,500,7,3500,Card,600,4200,
INV4008,2/15/2025,Sport,Dumbbells,400,3,1200,Card,480,1440,
INV4060,2/15/2025,Clothing,Shoes,15000,7,105000,Transfer,18000,126000,
INV4152,2/15/2025,Household,Bucket,2500,5,12500,Transfer,3000,15000,
INV4228,2/15/2025,Household,Toilet Paper,4000,8,32000,Transfer,4800,38400,
INV4270,2/15/2025,Pharmaceuticals,Paracetamol,1000,6,6000,Cash,1200,7200,
INV4290,2/15/2025,Pharmaceuticals,Paracetamol,1000,7,7000,Transfer,1200,8400,
INV4298,2/15/2025,Clothing,Cap,2000,10,20000,Cash,2400,24000,
INV4338,2/15/2025,Clothing,Cap,2000,3,6000,Card,2400,7200,
INV4404,2/15/2025,Food items,Palm Oil,50000,9,450000,Cash,60000,540000,
INV4417,2/15/2025,Electronics,Earphones,1000,1,1000,Transfer,1200,1200,
INV4429,2/15/2025,Electronics,Phone Charger,2000,10,20000,Cash,2400,24000,
INV4544,2/15/2025,Food items,Rice,48000,3,144000,Transfer,57600,172800,
INV4621,2/15/2025,Pharmaceuticals,Vitamin C,1000,8,8000,Cash,1200,9600,
INV4637,2/15/2025,Food items,Yam Flour,62000,3,186000,Cash,74400,223200,
INV4739,2/15/2025,Pharmaceuticals,Vitamin C,1000,4,4000,Transfer,1200,4800,
INV4788,2/15/2025,Clothing,Cap,2000,3,6000,Card,2400,7200,
INV4806,2/15/2025,Pharmaceuticals,Cough Syrup,2000,6,12000,Card,2400,14400,
INV4874,2/15/2025,Sport,Running Shoes,15000,1,15000,Cash,18000,18000,
INV4876,2/15/2025,Electronics,LED Bulb,500,9,4500,Transfer,600,5400,
INV0357,2/16/2025,Household,Shampoo,1200,2,2400,Card,1440,2880,
INV0358,2/16/2025,Beverages,Coke,2880,10,28800,Transfer,3456,34560,
INV0359,2/16/2025,Snacks,Chocolate,3000,6,18000,Cash,3600,21600,
INV0360,2/16/2025,Snacks,Chocolate,3000,10,30000,Transfer,3600,36000,
INV0361,2/16/2025,Food items,Beans,60000,9,540000,Card,72000,648000,
INV0362,2/16/2025,Household,Soap,1700,6,10200,Transfer,2040,12240,
INV0363,2/16/2025,Household,Shampoo,1200,4,4800,Transfer,1440,5760,
INV0364,2/16/2025,Household,Toothpaste,800,10,8000,Transfer,960,9600,
INV0365,2/16/2025,Beverages,Pepsi,2880,1,2880,Card,3456,3456,
INV2957,2/16/2025,Dairy,Butter,120,9,1080,Card,144,1296,
INV3201,2/16/2025,Dairy,Milk,9100,9,81900,Transfer,10920,98280,
INV3709,2/16/2025,Household,Soap,1700,4,6800,Card,2040,8160,
INV3788,2/16/2025,Food items,Sugar,3600,2,7200,Transfer,4320,8640,
INV3804,2/16/2025,Dairy,Butter,120,3,360,Card,144,432,
INV4086,2/16/2025,Sport,Dumbbells,400,10,4000,Transfer,480,4800,
INV4352,2/16/2025,Clothing,Wristwatch,12000,7,84000,Cash,14400,100800,
INV4572,2/16/2025,Clothing,Jeans,10000,1,10000,Transfer,12000,12000,
INV4592,2/16/2025,Electronics,Phone Charger,2000,5,10000,Transfer,2400,12000,
INV4602,2/16/2025,Clothing,Jeans,10000,4,40000,Card,12000,48000,
INV4616,2/16/2025,Pharmaceuticals,Pain Relief Balm,2500,6,15000,Cash,3000,18000,
INV4803,2/16/2025,Clothing,Jeans,10000,9,90000,Cash,12000,108000,
INV4818,2/16/2025,Food items,Rice,48000,7,336000,Transfer,57600,403200,
INV0366,2/17/2025,Food items,Bread,500,5,2500,Card,600,3000,
INV0367,2/17/2025,Food items,Bread,500,2,1000,Cash,600,1200,
INV0368,2/17/2025,Beverages,Fanta,2880,4,11520,Card,3456,13824,
INV0369,2/17/2025,Food items,Rice,48000,9,432000,Transfer,57600,518400,
INV0370,2/17/2025,Snacks,Chips,400,4,1600,Card,480,1920,
INV3018,2/17/2025,Food items,Coffee,1900,5,9500,Card,2280,11400,
INV3469,2/17/2025,Food items,Eggs,3300,6,19800,Transfer,3960,23760,
INV3537,2/17/2025,Food items,Bread,500,5,2500,Transfer,600,3000,
INV3580,2/17/2025,Food items,Tea,600,1,600,Transfer,720,720,
INV3820,2/17/2025,Dairy,Butter,120,10,1200,Card,144,1440,
INV3971,2/17/2025,Electronics,LED Bulb,500,5,2500,Cash,600,3000,
INV4081,2/17/2025,Electronics,LED Bulb,500,6,3000,Transfer,600,3600,
INV4147,2/17/2025,Food items,Garri,35000,5,175000,Cash,42000,210000,
INV4170,2/17/2025,Electronics,Power Bank,12000,5,60000,Card,14400,72000,
INV4255,2/17/2025,Household,Bucket,2500,8,20000,Cash,3000,24000,
INV4279,2/17/2025,Food items,Yam Flour,62000,3,186000,Card,74400,223200,
INV4308,2/17/2025,Food items,Garri,35000,8,280000,Cash,42000,336000,
INV4477,2/17/2025,Sport,Dumbbells,400,9,3600,Cash,480,4320,
INV4545,2/17/2025,Sport,Football,2800,9,25200,Transfer,3360,30240,
INV4666,2/17/2025,Clothing,Wristwatch,12000,3,36000,Cash,14400,43200,
INV4704,2/17/2025,Electronics,Phone Charger,2000,8,16000,Transfer,2400,19200,
INV4720,2/17/2025,Sport,Running Shoes,15000,7,105000,Transfer,18000,126000,
INV4886,2/17/2025,Pharmaceuticals,Vitamin C,1000,3,3000,Card,1200,3600,
INV0371,2/18/2025,Household,Soap,1700,7,11900,Cash,2040,14280,
INV0372,2/18/2025,Snacks,Biscuits,5200,3,15600,Card,6240,18720,
INV0373,2/18/2025,Food items,Spaghetti,6000,4,24000,Cash,7200,28800,
INV0374,2/18/2025,Food items,Rice,48000,9,432000,Transfer,57600,518400,
INV0375,2/18/2025,Food items,Bread,500,2,1000,Card,600,1200,
INV0376,2/18/2025,Household,Soap,1700,4,6800,Card,2040,8160,
INV0377,2/18/2025,Household,Detergent,6900,3,20700,Transfer,8280,24840,
INV0378,2/18/2025,Food items,Bread,500,1,500,Cash,600,600,
INV0379,2/18/2025,Snacks,Chips,400,1,400,Cash,480,480,
INV3572,2/18/2025,Household,Toothpaste,800,8,6400,Card,960,7680,
INV3777,2/18/2025,Dairy,Milk,9100,10,91000,Card,10920,109200,
INV3935,2/18/2025,Household,Toothpaste,800,9,7200,Cash,960,8640,
INV4083,2/18/2025,Clothing,Cap,2000,3,6000,Card,2400,7200,
INV4085,2/18/2025,Household,Detergent,6900,6,41400,Transfer,8280,49680,
INV4240,2/18/2025,Electronics,Phone Charger,2000,1,2000,Transfer,2400,2400,
INV4267,2/18/2025,Pharmaceuticals,Vitamin C,1000,4,4000,Card,1200,4800,
INV4934,2/18/2025,Pharmaceuticals,Cough Syrup,2000,2,4000,Transfer,2400,4800,
INV4942,2/18/2025,Electronics,Phone Charger,2000,1,2000,Cash,2400,2400,
INV4947,2/18/2025,Clothing,Jeans,10000,7,70000,Cash,12000,84000,
INV0380,2/19/2025,Household,Detergent,6900,6,41400,Card,8280,49680,
INV0381,2/19/2025,Beverages,Water,1750,5,8750,Transfer,2100,10500,
INV0382,2/19/2025,Household,Toothpaste,800,9,7200,Cash,960,8640,
INV0383,2/19/2025,Beverages,Coke,2880,1,2880,Transfer,3456,3456,
INV0384,2/19/2025,Household,Detergent,6900,4,27600,Cash,8280,33120,
INV0385,2/19/2025,Household,Shampoo,1200,1,1200,Card,1440,1440,
INV0386,2/19/2025,Food items,Spaghetti,6000,3,18000,Cash,7200,21600,
INV0387,2/19/2025,Snacks,Chocolate,3000,2,6000,Transfer,3600,7200,
INV2761,2/19/2025,Food items,Bread,500,1,500,Transfer,600,600,
INV3205,2/19/2025,Household,Toothpaste,800,10,8000,Cash,960,9600,
INV3499,2/19/2025,Dairy,Milk,9100,8,72800,Cash,10920,87360,
INV4312,2/19/2025,Food items,Beans,60000,4,240000,Cash,72000,288000,
INV4624,2/19/2025,Sport,Dumbbells,400,7,2800,Transfer,480,3360,
INV4646,2/19/2025,Electronics,LED Bulb,500,9,4500,Card,600,5400,
INV4660,2/19/2025,Electronics,Phone Charger,2000,9,18000,Card,2400,21600,
INV4728,2/19/2025,Pharmaceuticals,Vitamin C,1000,8,8000,Transfer,1200,9600,
INV4734,2/19/2025,Electronics,LED Bulb,500,8,4000,Card,600,4800,
INV4799,2/19/2025,Clothing,Cap,2000,2,4000,Cash,2400,4800,
INV4891,2/19/2025,Pharmaceuticals,Vitamin C,1000,5,5000,Transfer,1200,6000,
INV4907,2/19/2025,Food items,Rice,48000,9,432000,Transfer,57600,518400,
INV0388,2/20/2025,Food items,Bread,500,6,3000,Card,600,3600,
INV0389,2/20/2025,Beverages,Fanta,2880,5,14400,Card,3456,17280,
INV0390,2/20/2025,Beverages,Fanta,2880,10,28800,Transfer,3456,34560,
INV0391,2/20/2025,Beverages,Water,1750,6,10500,Card,2100,12600,
INV0392,2/20/2025,Beverages,Fanta,2880,2,5760,Transfer,3456,6912,
INV3200,2/20/2025,Food items,Eggs,3300,2,6600,Transfer,3960,7920,
INV3365,2/20/2025,Food items,Tea,600,4,2400,Card,720,2880,
INV3755,2/20/2025,Food items,Bread,500,1,500,Cash,600,600,
INV3957,2/20/2025,Food items,Rice,48000,3,144000,Transfer,57600,172800,
INV4103,2/20/2025,Food items,Garri,35000,5,175000,Card,42000,210000,
INV4112,2/20/2025,Food items,Yam Flour,62000,10,620000,Cash,74400,744000,
INV4233,2/20/2025,Pharmaceuticals,Cough Syrup,2000,5,10000,Transfer,2400,12000,
INV4335,2/20/2025,Pharmaceuticals,Paracetamol,1000,10,10000,Card,1200,12000,
INV4524,2/20/2025,Food items,Garri,35000,4,140000,Cash,42000,168000,
INV4614,2/20/2025,Food items,Palm Oil,50000,3,150000,Card,60000,180000,
INV4691,2/20/2025,Household,Detergent,6900,2,13800,Cash,8280,16560,
INV4808,2/20/2025,Household,Toilet Paper,4000,1,4000,Transfer,4800,4800,
INV4830,2/20/2025,Sport,Dumbbells,400,10,4000,Transfer,480,4800,
INV0393,2/21/2025,Beverages,Pepsi,2880,1,2880,Cash,3456,3456,
INV0394,2/21/2025,Food items,Bread,500,4,2000,Card,600,2400,
INV0395,2/21/2025,Household,Shampoo,1200,10,12000,Card,1440,14400,
INV0396,2/21/2025,Food items,Rice,48000,6,288000,Card,57600,345600,
INV0397,2/21/2025,Food items,Bread,500,8,4000,Cash,600,4800,
INV3012,2/21/2025,Household,Soap,1700,8,13600,Cash,2040,16320,
INV3395,2/21/2025,Food items,Sugar,3600,6,21600,Cash,4320,25920,
INV3465,2/21/2025,Dairy,Milk,9100,10,91000,Cash,10920,109200,
INV3653,2/21/2025,Dairy,Milk,9100,4,36400,Transfer,10920,43680,
INV3693,2/21/2025,Food items,Bread,500,7,3500,Transfer,600,4200,
INV3846,2/21/2025,Food items,Eggs,3300,5,16500,Card,3960,19800,
INV4165,2/21/2025,Electronics,Extension Box,8000,3,24000,Transfer,9600,28800,
INV4171,2/21/2025,Clothing,T-shirt,8000,1,8000,Card,9600,9600,
INV4181,2/21/2025,Clothing,Jeans,10000,4,40000,Transfer,12000,48000,
INV4612,2/21/2025,Sport,Running Shoes,15000,2,30000,Transfer,18000,36000,
INV4838,2/21/2025,Pharmaceuticals,Cough Syrup,2000,5,10000,Transfer,2400,12000,
INV4898,2/21/2025,Pharmaceuticals,Paracetamol,1000,3,3000,Transfer,1200,3600,
INV0398,2/22/2025,Beverages,Fanta,2880,9,25920,Card,3456,31104,
INV0399,2/22/2025,Beverages,Fanta,2880,6,17280,Card,3456,20736,
INV0400,2/22/2025,Household,Shampoo,1200,2,2400,Cash,1440,2880,
INV0401,2/22/2025,Beverages,Coke,2880,6,17280,Card,3456,20736,
INV0402,2/22/2025,Beverages,Water,1750,5,8750,Card,2100,10500,
INV0403,2/22/2025,Food items,Beans,60000,8,480000,Transfer,72000,576000,
INV0404,2/22/2025,Food items,Bread,500,5,2500,Card,600,3000,
INV0405,2/22/2025,Beverages,Pepsi,2880,6,17280,Card,3456,20736,
INV0406,2/22/2025,Household,Shampoo,1200,6,7200,Cash,1440,8640,
INV0407,2/22/2025,Beverages,Coke,2880,2,5760,Cash,3456,6912,
INV2752,2/22/2025,Food items,Eggs,3300,1,3300,Card,3960,3960,
INV2990,2/22/2025,Food items,Eggs,3300,6,19800,Card,3960,23760,
INV3000,2/22/2025,Food items,Sugar,3600,8,28800,Cash,4320,34560,
INV3507,2/22/2025,Household,Soap,1700,9,15300,Card,2040,18360,
INV3577,2/22/2025,Food items,Bread,500,3,1500,Cash,600,1800,
INV3658,2/22/2025,Food items,Bread,500,4,2000,Transfer,600,2400,
INV4091,2/22/2025,Food items,Rice,48000,1,48000,Cash,57600,57600,
INV4325,2/22/2025,Sport,Skipping Rope,3000,7,21000,Cash,3600,25200,
INV4351,2/22/2025,Clothing,Wristwatch,12000,5,60000,Card,14400,72000,
INV4382,2/22/2025,Clothing,Jeans,10000,1,10000,Cash,12000,12000,
INV4499,2/22/2025,Clothing,Shoes,15000,9,135000,Transfer,18000,162000,
INV4700,2/22/2025,Electronics,Earphones,1000,10,10000,Transfer,1200,12000,
INV4745,2/22/2025,Sport,Jersey,13000,10,130000,Card,15600,156000,
INV4866,2/22/2025,Household,Cooking Gas,1950,3,5850,Card,2340,7020,
INV4870,2/22/2025,Household,Broom,500,2,1000,Cash,600,1200,
INV4941,2/22/2025,Clothing,Shoes,15000,10,150000,Card,18000,180000,
INV4946,2/22/2025,Household,Broom,500,1,500,Card,600,600,
INV0408,2/23/2025,Snacks,Chocolate,3000,1,3000,Transfer,3600,3600,
INV0409,2/23/2025,Food items,Spaghetti,6000,6,36000,Cash,7200,43200,
INV0410,2/23/2025,Beverages,Water,1750,4,7000,Transfer,2100,8400,
INV0411,2/23/2025,Household,Detergent,6900,3,20700,Card,8280,24840,
INV0412,2/23/2025,Household,Toothpaste,800,7,5600,Card,960,6720,
INV0413,2/23/2025,Household,Shampoo,1200,10,12000,Card,1440,14400,
INV0414,2/23/2025,Household,Toothpaste,800,1,800,Cash,960,960,
INV0415,2/23/2025,Beverages,Fanta,2880,5,14400,Cash,3456,17280,
INV3159,2/23/2025,Food items,Bread,500,4,2000,Card,600,2400,
INV3604,2/23/2025,Food items,Tea,600,3,1800,Cash,720,2160,
INV4031,2/23/2025,Food items,Yam Flour,62000,4,248000,Transfer,74400,297600,
INV4252,2/23/2025,Electronics,Extension Box,8000,8,64000,Cash,9600,76800,
INV4407,2/23/2025,Food items,Palm Oil,50000,1,50000,Transfer,60000,60000,
INV4462,2/23/2025,Sport,Jersey,13000,7,91000,Transfer,15600,109200,
INV4588,2/23/2025,Food items,Beans,60000,3,180000,Transfer,72000,216000,
INV4615,2/23/2025,Pharmaceuticals,Cough Syrup,2000,4,8000,Card,2400,9600,
INV4625,2/23/2025,Food items,Rice,48000,4,192000,Transfer,57600,230400,
INV4752,2/23/2025,Electronics,Extension Box,8000,9,72000,Cash,9600,86400,
INV0416,2/24/2025,Beverages,Water,1750,2,3500,Cash,2100,4200,
INV0417,2/24/2025,Beverages,Coke,2880,8,23040,Transfer,3456,27648,
INV0418,2/24/2025,Snacks,Biscuits,5200,8,41600,Card,6240,49920,
INV0419,2/24/2025,Beverages,Water,1750,6,10500,Card,2100,12600,
INV0420,2/24/2025,Household,Detergent,6900,7,48300,Card,8280,57960,
INV0421,2/24/2025,Household,Soap,1700,9,15300,Card,2040,18360,
INV0422,2/24/2025,Snacks,Chocolate,3000,8,24000,Transfer,3600,28800,
INV0423,2/24/2025,Snacks,Chocolate,3000,6,18000,Transfer,3600,21600,
INV2977,2/24/2025,Dairy,Milk,9100,1,9100,Card,10920,10920,
INV3334,2/24/2025,Food items,Rice,48000,8,384000,Transfer,57600,460800,
INV3595,2/24/2025,Dairy,Butter,120,6,720,Card,144,864,
INV3955,2/24/2025,Household,Cooking Gas,1950,10,19500,Cash,2340,23400,
INV4009,2/24/2025,Household,Cooking Gas,1950,6,11700,Cash,2340,14040,
INV4285,2/24/2025,Sport,Running Shoes,15000,6,90000,Transfer,18000,108000,
INV4597,2/24/2025,Electronics,Extension Box,8000,10,80000,Cash,9600,96000,
INV4623,2/24/2025,Clothing,T-shirt,8000,2,16000,Cash,9600,19200,
INV4732,2/24/2025,Pharmaceuticals,Antibiotics,2000,5,10000,Card,2400,12000,
INV4759,2/24/2025,Electronics,Power Bank,12000,10,120000,Card,14400,144000,
INV4769,2/24/2025,Household,Broom,500,2,1000,Card,600,1200,
INV4897,2/24/2025,Food items,Beans,60000,8,480000,Transfer,72000,576000,
INV0424,2/25/2025,Snacks,Biscuits,5200,7,36400,Transfer,6240,43680,
INV0425,2/25/2025,Household,Soap,1700,8,13600,Card,2040,16320,
INV0426,2/25/2025,Food items,Rice,48000,3,144000,Card,57600,172800,
INV0427,2/25/2025,Household,Toothpaste,800,9,7200,Cash,960,8640,
INV0428,2/25/2025,Household,Shampoo,1200,7,8400,Transfer,1440,10080,
INV3254,2/25/2025,Food items,Tea,600,4,2400,Card,720,2880,
INV3346,2/25/2025,Food items,Tea,600,2,1200,Card,720,1440,
INV3908,2/25/2025,Food items,Eggs,3300,6,19800,Cash,3960,23760,
INV3954,2/25/2025,Electronics,Power Bank,12000,6,72000,Transfer,14400,86400,
INV3968,2/25/2025,Electronics,Power Bank,12000,5,60000,Card,14400,72000,
INV3978,2/25/2025,Clothing,T-shirt,8000,5,40000,Cash,9600,48000,
INV4109,2/25/2025,Sport,Jersey,13000,1,13000,Transfer,15600,15600,
INV4113,2/25/2025,Pharmaceuticals,Paracetamol,1000,8,8000,Cash,1200,9600,
INV4250,2/25/2025,Food items,Beans,60000,1,60000,Cash,72000,72000,
INV4423,2/25/2025,Pharmaceuticals,Pain Relief Balm,2500,3,7500,Cash,3000,9000,
INV4452,2/25/2025,Sport,Football,2800,1,2800,Transfer,3360,3360,
INV4473,2/25/2025,Sport,Jersey,13000,5,65000,Card,15600,78000,
INV4486,2/25/2025,Clothing,Wristwatch,12000,4,48000,Card,14400,57600,
INV4518,2/25/2025,Household,Detergent,6900,5,34500,Card,8280,41400,
INV4779,2/25/2025,Pharmaceuticals,Paracetamol,1000,4,4000,Transfer,1200,4800,
INV4801,2/25/2025,Electronics,LED Bulb,500,10,5000,Transfer,600,6000,
INV4825,2/25/2025,Electronics,Phone Charger,2000,1,2000,Transfer,2400,2400,
INV4862,2/25/2025,Food items,Rice,48000,3,144000,Card,57600,172800,
INV4900,2/25/2025,Food items,Yam Flour,62000,4,248000,Card,74400,297600,
INV0429,2/26/2025,Household,Shampoo,1200,1,1200,Transfer,1440,1440,
INV0430,2/26/2025,Beverages,Coke,2880,9,25920,Transfer,3456,31104,
INV0431,2/26/2025,Beverages,Pepsi,2880,8,23040,Transfer,3456,27648,
INV0432,2/26/2025,Food items,Spaghetti,6000,4,24000,Cash,7200,28800,
INV0433,2/26/2025,Food items,Rice,48000,4,192000,Transfer,57600,230400,
INV0434,2/26/2025,Beverages,Pepsi,2880,6,17280,Cash,3456,20736,
INV0435,2/26/2025,Beverages,Pepsi,2880,6,17280,Transfer,3456,20736,
INV0436,2/26/2025,Food items,Bread,500,4,2000,Card,600,2400,
INV2876,2/26/2025,Food items,Tea,600,8,4800,Transfer,720,5760,
INV3036,2/26/2025,Food items,Rice,48000,10,480000,Transfer,57600,576000,
INV3636,2/26/2025,Food items,Bread,500,7,3500,Transfer,600,4200,
INV3677,2/26/2025,Food items,Sugar,3600,1,3600,Transfer,4320,4320,
INV3787,2/26/2025,Food items,Sugar,3600,5,18000,Card,4320,21600,
INV4176,2/26/2025,Electronics,Earphones,1000,6,6000,Card,1200,7200,
INV4212,2/26/2025,Sport,Skipping Rope,3000,1,3000,Transfer,3600,3600,
INV4222,2/26/2025,Pharmaceuticals,Antibiotics,2000,6,12000,Cash,2400,14400,
INV4268,2/26/2025,Food items,Rice,48000,9,432000,Card,57600,518400,
INV4442,2/26/2025,Clothing,Wristwatch,12000,2,24000,Transfer,14400,28800,
INV4607,2/26/2025,Clothing,Wristwatch,12000,1,12000,Cash,14400,14400,
INV4718,2/26/2025,Sport,Running Shoes,15000,4,60000,Transfer,18000,72000,
INV4742,2/26/2025,Electronics,Extension Box,8000,2,16000,Transfer,9600,19200,
INV4925,2/26/2025,Food items,Garri,35000,6,210000,Transfer,42000,252000,
INV0437,2/27/2025,Food items,Beans,60000,4,240000,Transfer,72000,288000,
INV0438,2/27/2025,Household,Toothpaste,800,10,8000,Transfer,960,9600,
INV0439,2/27/2025,Household,Detergent,6900,3,20700,Transfer,8280,24840,
INV0440,2/27/2025,Household,Shampoo,1200,1,1200,Cash,1440,1440,
INV0441,2/27/2025,Household,Toothpaste,800,6,4800,Card,960,5760,
INV0442,2/27/2025,Beverages,Fanta,2880,10,28800,Transfer,3456,34560,
INV0443,2/27/2025,Beverages,Water,1750,5,8750,Card,2100,10500,
INV0444,2/27/2025,Food items,Rice,48000,7,336000,Cash,57600,403200,
INV2928,2/27/2025,Household,Soap,1700,6,10200,Transfer,2040,12240,
INV3747,2/27/2025,Food items,Eggs,3300,7,23100,Cash,3960,27720,
INV3994,2/27/2025,Pharmaceuticals,Pain Relief Balm,2500,9,22500,Transfer,3000,27000,
INV4037,2/27/2025,Pharmaceuticals,Cough Syrup,2000,6,12000,Cash,2400,14400,
INV4293,2/27/2025,Clothing,Wristwatch,12000,9,108000,Transfer,14400,129600,
INV4297,2/27/2025,Pharmaceuticals,Cough Syrup,2000,10,20000,Card,2400,24000,
INV4309,2/27/2025,Food items,Yam Flour,62000,8,496000,Transfer,74400,595200,
INV4376,2/27/2025,Sport,Football,2800,5,14000,Card,3360,16800,
INV4587,2/27/2025,Clothing,Wristwatch,12000,3,36000,Transfer,14400,43200,
INV4604,2/27/2025,Electronics,Power Bank,12000,1,12000,Transfer,14400,14400,
INV4631,2/27/2025,Clothing,Jeans,10000,2,20000,Cash,12000,24000,
INV4650,2/27/2025,Clothing,Jeans,10000,10,100000,Card,12000,120000,
INV4706,2/27/2025,Food items,Palm Oil,50000,10,500000,Transfer,60000,600000,
INV4719,2/27/2025,Pharmaceuticals,Antibiotics,2000,7,14000,Card,2400,16800,
INV4741,2/27/2025,Electronics,Power Bank,12000,7,84000,Cash,14400,100800,
INV4880,2/27/2025,Food items,Palm Oil,50000,10,500000,Card,60000,600000,
INV0445,2/28/2025,Household,Shampoo,1200,6,7200,Transfer,1440,8640,
INV0446,2/28/2025,Snacks,Chocolate,3000,5,15000,Cash,3600,18000,
INV0447,2/28/2025,Food items,Spaghetti,6000,7,42000,Cash,7200,50400,
INV0448,2/28/2025,Food items,Beans,60000,5,300000,Transfer,72000,360000,
INV0449,2/28/2025,Beverages,Water,1750,1,1750,Cash,2100,2100,
INV0450,2/28/2025,Beverages,Pepsi,2880,8,23040,Transfer,3456,27648,
INV0451,2/28/2025,Beverages,Water,1750,5,8750,Cash,2100,10500,
INV0452,2/28/2025,Food items,Bread,500,3,1500,Card,600,1800,
INV0453,2/28/2025,Beverages,Pepsi,2880,6,17280,Transfer,3456,20736,
INV0454,2/28/2025,Snacks,Chips,400,1,400,Transfer,480,480,
INV2993,2/28/2025,Food items,Tea,600,5,3000,Cash,720,3600,
INV3015,2/28/2025,Food items,Bread,500,2,1000,Cash,600,1200,
INV3096,2/28/2025,Food items,Bread,500,6,3000,Transfer,600,3600,
INV3153,2/28/2025,Food items,Sugar,3600,7,25200,Cash,4320,30240,
INV3251,2/28/2025,Food items,Bread,500,10,5000,Card,600,6000,
INV3281,2/28/2025,Food items,Coffee,1900,3,5700,Cash,2280,6840,
INV3324,2/28/2025,Food items,Sugar,3600,7,25200,Card,4320,30240,
INV3532,2/28/2025,Food items,Bread,500,10,5000,Transfer,600,6000,
INV3583,2/28/2025,Dairy,Butter,120,3,360,Card,144,432,
INV3696,2/28/2025,Household,Soap,1700,9,15300,Transfer,2040,18360,
INV3746,2/28/2025,Food items,Coffee,1900,6,11400,Card,2280,13680,
INV3760,2/28/2025,Food items,Bread,500,4,2000,Card,600,2400,
INV3806,2/28/2025,Dairy,Butter,120,10,1200,Transfer,144,1440,
INV3847,2/28/2025,Food items,Bread,500,3,1500,Cash,600,1800,
INV4003,2/28/2025,Electronics,Earphones,1000,8,8000,Card,1200,9600,
INV4190,2/28/2025,Clothing,Cap,2000,2,4000,Transfer,2400,4800,
INV4434,2/28/2025,Clothing,Wristwatch,12000,10,120000,Cash,14400,144000,
INV4658,2/28/2025,Food items,Palm Oil,50000,6,300000,Cash,60000,360000,
INV4679,2/28/2025,Pharmaceuticals,Vitamin C,1000,3,3000,Transfer,1200,3600,
INV4789,2/28/2025,Electronics,Extension Box,8000,1,8000,Cash,9600,9600,
INV0455,3/1/2025,Household,Soap,1700,9,15300,Card,2040,18360,
INV0456,3/1/2025,Beverages,Pepsi,2880,2,5760,Card,3456,6912,
INV0457,3/1/2025,Household,Toothpaste,800,4,3200,Card,960,3840,
INV0458,3/1/2025,Food items,Bread,500,5,2500,Cash,600,3000,
INV0459,3/1/2025,Food items,Beans,60000,5,300000,Card,72000,360000,
INV0460,3/1/2025,Snacks,Chocolate,3000,10,30000,Transfer,3600,36000,
INV0461,3/1/2025,Household,Toothpaste,800,8,6400,Transfer,960,7680,
INV2766,3/1/2025,Food items,Rice,48000,6,288000,Card,57600,345600,
INV2817,3/1/2025,Food items,Eggs,3300,3,9900,Cash,3960,11880,
INV2926,3/1/2025,Food items,Tea,600,1,600,Card,720,720,
INV3249,3/1/2025,Dairy,Butter,120,5,600,Cash,144,720,
INV3502,3/1/2025,Food items,Eggs,3300,9,29700,Transfer,3960,35640,
INV4049,3/1/2025,Clothing,Cap,2000,9,18000,Card,2400,21600,
INV4306,3/1/2025,Electronics,LED Bulb,500,3,1500,Cash,600,1800,
INV4331,3/1/2025,Food items,Beans,60000,4,240000,Cash,72000,288000,
INV4466,3/1/2025,Household,Detergent,6900,2,13800,Cash,8280,16560,
INV4523,3/1/2025,Clothing,Cap,2000,7,14000,Cash,2400,16800,
INV4527,3/1/2025,Pharmaceuticals,Antibiotics,2000,2,4000,Card,2400,4800,
INV4543,3/1/2025,Pharmaceuticals,Cough Syrup,2000,3,6000,Card,2400,7200,
INV4622,3/1/2025,Electronics,Power Bank,12000,10,120000,Card,14400,144000,
INV4678,3/1/2025,Clothing,Wristwatch,12000,4,48000,Card,14400,57600,
INV4682,3/1/2025,Food items,Palm Oil,50000,1,50000,Cash,60000,60000,
INV0462,3/2/2025,Food items,Spaghetti,6000,3,18000,Card,7200,21600,
INV0463,3/2/2025,Household,Soap,1700,10,17000,Cash,2040,20400,
INV0464,3/2/2025,Food items,Beans,60000,3,180000,Card,72000,216000,
INV0465,3/2/2025,Household,Detergent,6900,9,62100,Transfer,8280,74520,
INV0466,3/2/2025,Beverages,Fanta,2880,1,2880,Card,3456,3456,
INV0467,3/2/2025,Beverages,Water,1750,3,5250,Transfer,2100,6300,
INV0468,3/2/2025,Food items,Spaghetti,6000,6,36000,Cash,7200,43200,
INV0469,3/2/2025,Food items,Bread,500,10,5000,Transfer,600,6000,
INV0470,3/2/2025,Beverages,Coke,2880,8,23040,Cash,3456,27648,
INV0471,3/2/2025,Household,Soap,1700,6,10200,Transfer,2040,12240,
INV2837,3/2/2025,Food items,Bread,500,10,5000,Card,600,6000,
INV2872,3/2/2025,Dairy,Milk,9100,4,36400,Cash,10920,43680,
INV2944,3/2/2025,Food items,Tea,600,3,1800,Transfer,720,2160,
INV3474,3/2/2025,Dairy,Butter,120,6,720,Transfer,144,864,
INV3607,3/2/2025,Food items,Eggs,3300,7,23100,Card,3960,27720,
INV3758,3/2/2025,Dairy,Milk,9100,9,81900,Transfer,10920,98280,
INV3972,3/2/2025,Sport,Jersey,13000,3,39000,Transfer,15600,46800,
INV4063,3/2/2025,Clothing,Wristwatch,12000,3,36000,Card,14400,43200,
INV4157,3/2/2025,Electronics,Earphones,1000,9,9000,Card,1200,10800,
INV4186,3/2/2025,Electronics,Phone Charger,2000,5,10000,Cash,2400,12000,
INV4200,3/2/2025,Sport,Skipping Rope,3000,2,6000,Transfer,3600,7200,
INV4301,3/2/2025,Household,Bucket,2500,9,22500,Cash,3000,27000,
INV4413,3/2/2025,Sport,Running Shoes,15000,10,150000,Transfer,18000,180000,
INV4517,3/2/2025,Sport,Dumbbells,400,7,2800,Card,480,3360,
INV4620,3/2/2025,Pharmaceuticals,Vitamin C,1000,3,3000,Card,1200,3600,
INV4652,3/2/2025,Household,Bucket,2500,9,22500,Cash,3000,27000,
INV4790,3/2/2025,Sport,Dumbbells,400,2,800,Cash,480,960,
INV4840,3/2/2025,Clothing,Wristwatch,12000,5,60000,Transfer,14400,72000,
INV4846,3/2/2025,Pharmaceuticals,Paracetamol,1000,7,7000,Card,1200,8400,
INV4867,3/2/2025,Electronics,LED Bulb,500,3,1500,Card,600,1800,
INV4877,3/2/2025,Sport,Dumbbells,400,2,800,Cash,480,960,
INV4888,3/2/2025,Food items,Rice,48000,4,192000,Cash,57600,230400,
INV4913,3/2/2025,Electronics,LED Bulb,500,2,1000,Transfer,600,1200,
INV4944,3/2/2025,Household,Bucket,2500,10,25000,Card,3000,30000,
INV0472,3/3/2025,Food items,Beans,60000,9,540000,Cash,72000,648000,
INV0473,3/3/2025,Beverages,Water,1750,9,15750,Card,2100,18900,
INV0474,3/3/2025,Food items,Rice,48000,3,144000,Card,57600,172800,
INV0475,3/3/2025,Household,Soap,1700,6,10200,Cash,2040,12240,
INV0476,3/3/2025,Household,Detergent,6900,5,34500,Transfer,8280,41400,
INV0477,3/3/2025,Household,Soap,1700,6,10200,Transfer,2040,12240,
INV0478,3/3/2025,Beverages,Water,1750,8,14000,Card,2100,16800,
INV0479,3/3/2025,Snacks,Chocolate,3000,6,18000,Card,3600,21600,
INV3172,3/3/2025,Food items,Tea,600,4,2400,Card,720,2880,
INV3764,3/3/2025,Food items,Sugar,3600,8,28800,Transfer,4320,34560,
INV3950,3/3/2025,Household,Toilet Paper,4000,7,28000,Card,4800,33600,
INV3987,3/3/2025,Household,Cooking Gas,1950,8,15600,Cash,2340,18720,
INV4057,3/3/2025,Electronics,LED Bulb,500,10,5000,Card,600,6000,
INV4120,3/3/2025,Electronics,LED Bulb,500,8,4000,Cash,600,4800,
INV4124,3/3/2025,Food items,Rice,48000,8,384000,Card,57600,460800,
INV4134,3/3/2025,Household,Bucket,2500,8,20000,Cash,3000,24000,
INV4243,3/3/2025,Electronics,Phone Charger,2000,5,10000,Cash,2400,12000,
INV4401,3/3/2025,Pharmaceuticals,Cough Syrup,2000,1,2000,Cash,2400,2400,
INV4409,3/3/2025,Food items,Palm Oil,50000,10,500000,Card,60000,600000,
INV4538,3/3/2025,Pharmaceuticals,Antibiotics,2000,6,12000,Cash,2400,14400,
INV4584,3/3/2025,Pharmaceuticals,Pain Relief Balm,2500,7,17500,Card,3000,21000,
INV4731,3/3/2025,Household,Cooking Gas,1950,8,15600,Transfer,2340,18720,
INV4738,3/3/2025,Clothing,Shoes,15000,1,15000,Card,18000,18000,
INV4749,3/3/2025,Electronics,Power Bank,12000,8,96000,Card,14400,115200,
INV0480,3/4/2025,Household,Detergent,6900,9,62100,Card,8280,74520,
INV0481,3/4/2025,Household,Detergent,6900,4,27600,Transfer,8280,33120,
INV0482,3/4/2025,Beverages,Coke,2880,8,23040,Card,3456,27648,
INV0483,3/4/2025,Food items,Rice,48000,4,192000,Transfer,57600,230400,
INV0484,3/4/2025,Food items,Spaghetti,6000,5,30000,Transfer,7200,36000,
INV0485,3/4/2025,Household,Toothpaste,800,7,5600,Transfer,960,6720,
INV0486,3/4/2025,Snacks,Chips,400,3,1200,Transfer,480,1440,
INV0487,3/4/2025,Household,Soap,1700,3,5100,Card,2040,6120,
INV3207,3/4/2025,Food items,Bread,500,10,5000,Transfer,600,6000,
INV3896,3/4/2025,Food items,Rice,48000,7,336000,Cash,57600,403200,
INV3991,3/4/2025,Food items,Yam Flour,62000,8,496000,Transfer,74400,595200,
INV4132,3/4/2025,Sport,Jersey,13000,7,91000,Card,15600,109200,
INV4231,3/4/2025,Pharmaceuticals,Antibiotics,2000,6,12000,Cash,2400,14400,
INV4302,3/4/2025,Electronics,Earphones,1000,1,1000,Card,1200,1200,
INV4347,3/4/2025,Electronics,LED Bulb,500,9,4500,Card,600,5400,
INV4356,3/4/2025,Household,Broom,500,4,2000,Card,600,2400,
INV4537,3/4/2025,Pharmaceuticals,Pain Relief Balm,2500,5,12500,Transfer,3000,15000,
INV4640,3/4/2025,Pharmaceuticals,Pain Relief Balm,2500,10,25000,Card,3000,30000,
INV4751,3/4/2025,Clothing,Jeans,10000,9,90000,Card,12000,108000,
INV4771,3/4/2025,Pharmaceuticals,Antibiotics,2000,3,6000,Cash,2400,7200,
INV4914,3/4/2025,Household,Toilet Paper,4000,9,36000,Transfer,4800,43200,
INV4924,3/4/2025,Food items,Palm Oil,50000,4,200000,Cash,60000,240000,
INV0488,3/5/2025,Beverages,Coke,2880,9,25920,Cash,3456,31104,
INV0489,3/5/2025,Household,Shampoo,1200,6,7200,Cash,1440,8640,
INV0490,3/5/2025,Beverages,Pepsi,2880,7,20160,Cash,3456,24192,
INV0491,3/5/2025,Beverages,Coke,2880,3,8640,Cash,3456,10368,
INV0492,3/5/2025,Food items,Beans,60000,5,300000,Transfer,72000,360000,
INV2754,3/5/2025,Household,Toothpaste,800,7,5600,Transfer,960,6720,
INV2782,3/5/2025,Dairy,Butter,120,3,360,Cash,144,432,
INV2921,3/5/2025,Food items,Rice,48000,3,144000,Transfer,57600,172800,
INV3229,3/5/2025,Food items,Rice,48000,1,48000,Card,57600,57600,
INV3701,3/5/2025,Dairy,Butter,120,10,1200,Cash,144,1440,
INV3828,3/5/2025,Food items,Bread,500,10,5000,Card,600,6000,
INV3969,3/5/2025,Pharmaceuticals,Vitamin C,1000,3,3000,Cash,1200,3600,
INV4020,3/5/2025,Food items,Yam Flour,62000,3,186000,Transfer,74400,223200,
INV4026,3/5/2025,Food items,Rice,48000,10,480000,Card,57600,576000,
INV4033,3/5/2025,Sport,Running Shoes,15000,7,105000,Card,18000,126000,
INV4047,3/5/2025,Household,Cooking Gas,1950,6,11700,Transfer,2340,14040,
INV4064,3/5/2025,Clothing,Wristwatch,12000,5,60000,Cash,14400,72000,
INV4133,3/5/2025,Food items,Yam Flour,62000,3,186000,Card,74400,223200,
INV4185,3/5/2025,Clothing,Cap,2000,5,10000,Transfer,2400,12000,
INV4257,3/5/2025,Clothing,T-shirt,8000,2,16000,Cash,9600,19200,
INV4289,3/5/2025,Pharmaceuticals,Pain Relief Balm,2500,7,17500,Cash,3000,21000,
INV4346,3/5/2025,Pharmaceuticals,Pain Relief Balm,2500,6,15000,Cash,3000,18000,
INV4440,3/5/2025,Pharmaceuticals,Cough Syrup,2000,8,16000,Cash,2400,19200,
INV4441,3/5/2025,Household,Broom,500,10,5000,Transfer,600,6000,
INV4579,3/5/2025,Electronics,Earphones,1000,3,3000,Transfer,1200,3600,
INV4675,3/5/2025,Sport,Football,2800,10,28000,Cash,3360,33600,
INV4713,3/5/2025,Household,Toilet Paper,4000,8,32000,Transfer,4800,38400,
INV4724,3/5/2025,Pharmaceuticals,Paracetamol,1000,7,7000,Transfer,1200,8400,
INV0493,3/6/2025,Household,Soap,1700,6,10200,Cash,2040,12240,
INV0494,3/6/2025,Beverages,Water,1750,8,14000,Transfer,2100,16800,
INV0495,3/6/2025,Household,Toothpaste,800,8,6400,Cash,960,7680,
INV0496,3/6/2025,Household,Soap,1700,9,15300,Transfer,2040,18360,
INV0497,3/6/2025,Food items,Beans,60000,1,60000,Transfer,72000,72000,
INV0498,3/6/2025,Food items,Spaghetti,6000,7,42000,Cash,7200,50400,
INV0499,3/6/2025,Food items,Spaghetti,6000,1,6000,Card,7200,7200,
INV0500,3/6/2025,Beverages,Coke,2880,8,23040,Cash,3456,27648,
INV0501,3/6/2025,Snacks,Biscuits,5200,4,20800,Transfer,6240,24960,
INV3033,3/6/2025,Food items,Eggs,3300,6,19800,Transfer,3960,23760,
INV3460,3/6/2025,Food items,Coffee,1900,6,11400,Card,2280,13680,
INV3515,3/6/2025,Food items,Rice,48000,4,192000,Card,57600,230400,
INV4011,3/6/2025,Sport,Dumbbells,400,10,4000,Card,480,4800,
INV4079,3/6/2025,Sport,Running Shoes,15000,6,90000,Transfer,18000,108000,
INV4096,3/6/2025,Household,Detergent,6900,8,55200,Card,8280,66240,
INV4169,3/6/2025,Food items,Rice,48000,7,336000,Card,57600,403200,
INV4218,3/6/2025,Sport,Running Shoes,15000,5,75000,Cash,18000,90000,
INV4229,3/6/2025,Household,Detergent,6900,1,6900,Cash,8280,8280,
INV4317,3/6/2025,Electronics,LED Bulb,500,9,4500,Cash,600,5400,
INV4342,3/6/2025,Pharmaceuticals,Paracetamol,1000,1,1000,Cash,1200,1200,
INV4601,3/6/2025,Sport,Skipping Rope,3000,9,27000,Transfer,3600,32400,
INV4841,3/6/2025,Electronics,Extension Box,8000,5,40000,Transfer,9600,48000,
INV4923,3/6/2025,Clothing,Shoes,15000,2,30000,Transfer,18000,36000,
INV0502,3/7/2025,Food items,Rice,48000,6,288000,Cash,57600,345600,
INV0503,3/7/2025,Household,Detergent,6900,2,13800,Transfer,8280,16560,
INV0504,3/7/2025,Food items,Spaghetti,6000,9,54000,Card,7200,64800,
INV0505,3/7/2025,Beverages,Coke,2880,7,20160,Card,3456,24192,
INV0506,3/7/2025,Household,Shampoo,1200,5,6000,Transfer,1440,7200,
INV0507,3/7/2025,Household,Shampoo,1200,4,4800,Card,1440,5760,
INV3310,3/7/2025,Food items,Bread,500,4,2000,Cash,600,2400,
INV3907,3/7/2025,Food items,Tea,600,1,600,Cash,720,720,
INV4002,3/7/2025,Household,Cooking Gas,1950,2,3900,Card,2340,4680,
INV4105,3/7/2025,Household,Detergent,6900,5,34500,Card,8280,41400,
INV4209,3/7/2025,Clothing,Shoes,15000,4,60000,Card,18000,72000,
INV4261,3/7/2025,Pharmaceuticals,Paracetamol,1000,9,9000,Card,1200,10800,
INV4310,3/7/2025,Food items,Palm Oil,50000,2,100000,Cash,60000,120000,
INV4425,3/7/2025,Electronics,LED Bulb,500,4,2000,Card,600,2400,
INV4485,3/7/2025,Household,Broom,500,1,500,Transfer,600,600,
INV4501,3/7/2025,Electronics,Phone Charger,2000,6,12000,Card,2400,14400,
INV4805,3/7/2025,Household,Broom,500,4,2000,Transfer,600,2400,
INV0508,3/8/2025,Household,Toothpaste,800,4,3200,Transfer,960,3840,
INV0509,3/8/2025,Snacks,Chocolate,3000,2,6000,Cash,3600,7200,
INV0510,3/8/2025,Food items,Rice,48000,2,96000,Transfer,57600,115200,
INV0511,3/8/2025,Beverages,Fanta,2880,9,25920,Cash,3456,31104,
INV0512,3/8/2025,Household,Detergent,6900,7,48300,Cash,8280,57960,
INV2814,3/8/2025,Household,Soap,1700,5,8500,Card,2040,10200,
INV2842,3/8/2025,Dairy,Butter,120,1,120,Card,144,144,
INV3614,3/8/2025,Food items,Bread,500,6,3000,Transfer,600,3600,
INV3817,3/8/2025,Food items,Tea,600,8,4800,Transfer,720,5760,
INV3837,3/8/2025,Dairy,Milk,9100,2,18200,Card,10920,21840,
INV3949,3/8/2025,Electronics,LED Bulb,500,5,2500,Cash,600,3000,
INV4043,3/8/2025,Electronics,Phone Charger,2000,1,2000,Cash,2400,2400,
INV4082,3/8/2025,Pharmaceuticals,Paracetamol,1000,6,6000,Transfer,1200,7200,
INV4093,3/8/2025,Pharmaceuticals,Vitamin C,1000,6,6000,Cash,1200,7200,
INV4271,3/8/2025,Clothing,Jeans,10000,5,50000,Transfer,12000,60000,
INV4304,3/8/2025,Clothing,Shoes,15000,10,150000,Cash,18000,180000,
INV4377,3/8/2025,Household,Broom,500,10,5000,Transfer,600,6000,
INV4379,3/8/2025,Food items,Garri,35000,2,70000,Cash,42000,84000,
INV4385,3/8/2025,Household,Broom,500,6,3000,Cash,600,3600,
INV4386,3/8/2025,Food items,Beans,60000,4,240000,Cash,72000,288000,
INV4586,3/8/2025,Food items,Rice,48000,5,240000,Transfer,57600,288000,
INV0513,3/9/2025,Household,Shampoo,1200,8,9600,Cash,1440,11520,
INV0514,3/9/2025,Beverages,Fanta,2880,8,23040,Card,3456,27648,
INV0515,3/9/2025,Household,Shampoo,1200,10,12000,Cash,1440,14400,
INV0516,3/9/2025,Beverages,Water,1750,2,3500,Cash,2100,4200,
INV0517,3/9/2025,Snacks,Chips,400,2,800,Transfer,480,960,
INV0518,3/9/2025,Snacks,Chips,400,6,2400,Cash,480,2880,
INV2870,3/9/2025,Food items,Bread,500,4,2000,Cash,600,2400,
INV2885,3/9/2025,Food items,Eggs,3300,7,23100,Card,3960,27720,
INV3237,3/9/2025,Household,Toothpaste,800,10,8000,Cash,960,9600,
INV3347,3/9/2025,Food items,Rice,48000,2,96000,Card,57600,115200,
INV3521,3/9/2025,Food items,Sugar,3600,4,14400,Cash,4320,17280,
INV3959,3/9/2025,Electronics,Earphones,1000,4,4000,Transfer,1200,4800,
INV3993,3/9/2025,Electronics,LED Bulb,500,4,2000,Transfer,600,2400,
INV4021,3/9/2025,Electronics,LED Bulb,500,6,3000,Card,600,3600,
INV4032,3/9/2025,Sport,Skipping Rope,3000,5,15000,Cash,3600,18000,
INV4070,3/9/2025,Sport,Jersey,13000,9,117000,Transfer,15600,140400,
INV4072,3/9/2025,Clothing,T-shirt,8000,8,64000,Cash,9600,76800,
INV4182,3/9/2025,Pharmaceuticals,Paracetamol,1000,10,10000,Card,1200,12000,
INV4274,3/9/2025,Food items,Garri,35000,5,175000,Cash,42000,210000,
INV4341,3/9/2025,Sport,Football,2800,10,28000,Transfer,3360,33600,
INV4372,3/9/2025,Clothing,Wristwatch,12000,1,12000,Card,14400,14400,
INV4381,3/9/2025,Clothing,Wristwatch,12000,7,84000,Card,14400,100800,
INV4533,3/9/2025,Pharmaceuticals,Antibiotics,2000,4,8000,Transfer,2400,9600,
INV4559,3/9/2025,Food items,Garri,35000,9,315000,Cash,42000,378000,
INV4574,3/9/2025,Sport,Dumbbells,400,2,800,Cash,480,960,
INV4677,3/9/2025,Household,Detergent,6900,7,48300,Transfer,8280,57960,
INV4703,3/9/2025,Clothing,T-shirt,8000,8,64000,Cash,9600,76800,
INV0519,3/10/2025,Household,Soap,1700,5,8500,Transfer,2040,10200,
INV0520,3/10/2025,Snacks,Biscuits,5200,7,36400,Transfer,6240,43680,
INV0521,3/10/2025,Beverages,Fanta,2880,3,8640,Card,3456,10368,
INV0522,3/10/2025,Food items,Spaghetti,6000,4,24000,Cash,7200,28800,
INV0523,3/10/2025,Beverages,Pepsi,2880,10,28800,Cash,3456,34560,
INV3265,3/10/2025,Food items,Sugar,3600,10,36000,Cash,4320,43200,
INV3975,3/10/2025,Clothing,Cap,2000,2,4000,Cash,2400,4800,
INV3984,3/10/2025,Sport,Skipping Rope,3000,5,15000,Card,3600,18000,
INV4073,3/10/2025,Household,Bucket,2500,7,17500,Card,3000,21000,
INV4167,3/10/2025,Food items,Garri,35000,3,105000,Transfer,42000,126000,
INV4337,3/10/2025,Food items,Rice,48000,7,336000,Card,57600,403200,
INV4361,3/10/2025,Sport,Jersey,13000,3,39000,Card,15600,46800,
INV4395,3/10/2025,Clothing,Wristwatch,12000,3,36000,Transfer,14400,43200,
INV4520,3/10/2025,Food items,Rice,48000,7,336000,Cash,57600,403200,
INV4683,3/10/2025,Pharmaceuticals,Vitamin C,1000,10,10000,Cash,1200,12000,
INV4868,3/10/2025,Household,Toilet Paper,4000,9,36000,Cash,4800,43200,
INV4926,3/10/2025,Electronics,Earphones,1000,1,1000,Transfer,1200,1200,
INV4940,3/10/2025,Electronics,Extension Box,8000,2,16000,Card,9600,19200,
INV0524,3/11/2025,Household,Soap,1700,8,13600,Transfer,2040,16320,
INV0525,3/11/2025,Household,Detergent,6900,10,69000,Transfer,8280,82800,
INV0526,3/11/2025,Household,Detergent,6900,6,41400,Transfer,8280,49680,
INV0527,3/11/2025,Food items,Spaghetti,6000,6,36000,Card,7200,43200,
INV0528,3/11/2025,Household,Detergent,6900,8,55200,Transfer,8280,66240,
INV0529,3/11/2025,Beverages,Pepsi,2880,4,11520,Card,3456,13824,
INV0530,3/11/2025,Food items,Rice,48000,4,192000,Transfer,57600,230400,
INV3303,3/11/2025,Dairy,Butter,120,4,480,Transfer,144,576,
INV3327,3/11/2025,Household,Soap,1700,7,11900,Cash,2040,14280,
INV3475,3/11/2025,Food items,Tea,600,3,1800,Cash,720,2160,
INV3494,3/11/2025,Dairy,Milk,9100,4,36400,Card,10920,43680,
INV3582,3/11/2025,Food items,Eggs,3300,4,13200,Transfer,3960,15840,
INV3964,3/11/2025,Pharmaceuticals,Cough Syrup,2000,7,14000,Transfer,2400,16800,
INV3967,3/11/2025,Household,Detergent,6900,2,13800,Card,8280,16560,
INV4099,3/11/2025,Sport,Running Shoes,15000,7,105000,Transfer,18000,126000,
INV4162,3/11/2025,Sport,Dumbbells,400,7,2800,Cash,480,3360,
INV4177,3/11/2025,Household,Broom,500,8,4000,Card,600,4800,
INV4189,3/11/2025,Pharmaceuticals,Antibiotics,2000,2,4000,Cash,2400,4800,
INV4266,3/11/2025,Pharmaceuticals,Paracetamol,1000,7,7000,Card,1200,8400,
INV4334,3/11/2025,Food items,Garri,35000,6,210000,Card,42000,252000,
INV4482,3/11/2025,Household,Toilet Paper,4000,5,20000,Card,4800,24000,
INV4865,3/11/2025,Clothing,Cap,2000,4,8000,Card,2400,9600,
INV4917,3/11/2025,Electronics,Phone Charger,2000,5,10000,Cash,2400,12000,
INV0531,3/12/2025,Beverages,Pepsi,2880,1,2880,Transfer,3456,3456,
INV0532,3/12/2025,Snacks,Chocolate,3000,3,9000,Transfer,3600,10800,
INV0533,3/12/2025,Beverages,Pepsi,2880,6,17280,Card,3456,20736,
INV0534,3/12/2025,Beverages,Fanta,2880,10,28800,Cash,3456,34560,
INV0535,3/12/2025,Beverages,Fanta,2880,10,28800,Cash,3456,34560,
INV0536,3/12/2025,Snacks,Chips,400,5,2000,Cash,480,2400,
INV0537,3/12/2025,Snacks,Biscuits,5200,8,41600,Cash,6240,49920,
INV0538,3/12/2025,Beverages,Fanta,2880,10,28800,Cash,3456,34560,
INV3004,3/12/2025,Household,Toothpaste,800,6,4800,Cash,960,5760,
INV3287,3/12/2025,Food items,Coffee,1900,10,19000,Cash,2280,22800,
INV3539,3/12/2025,Dairy,Butter,120,2,240,Card,144,288,
INV4007,3/12/2025,Electronics,Earphones,1000,6,6000,Cash,1200,7200,
INV4041,3/12/2025,Pharmaceuticals,Antibiotics,2000,9,18000,Card,2400,21600,
INV4146,3/12/2025,Pharmaceuticals,Vitamin C,1000,4,4000,Transfer,1200,4800,
INV4179,3/12/2025,Electronics,LED Bulb,500,3,1500,Transfer,600,1800,
INV4213,3/12/2025,Sport,Running Shoes,15000,7,105000,Card,18000,126000,
INV4232,3/12/2025,Pharmaceuticals,Pain Relief Balm,2500,4,10000,Cash,3000,12000,
INV4249,3/12/2025,Pharmaceuticals,Antibiotics,2000,1,2000,Cash,2400,2400,
INV4273,3/12/2025,Sport,Dumbbells,400,4,1600,Card,480,1920,
INV4275,3/12/2025,Food items,Yam Flour,62000,4,248000,Card,74400,297600,
INV4349,3/12/2025,Household,Cooking Gas,1950,4,7800,Transfer,2340,9360,
INV4639,3/12/2025,Food items,Yam Flour,62000,7,434000,Card,74400,520800,
INV4782,3/12/2025,Household,Detergent,6900,7,48300,Card,8280,57960,
INV0539,3/13/2025,Household,Soap,1700,7,11900,Cash,2040,14280,
INV0540,3/13/2025,Household,Detergent,6900,10,69000,Cash,8280,82800,
INV0541,3/13/2025,Beverages,Fanta,2880,3,8640,Card,3456,10368,
INV0542,3/13/2025,Household,Detergent,6900,1,6900,Transfer,8280,8280,
INV0543,3/13/2025,Household,Soap,1700,8,13600,Card,2040,16320,
INV0544,3/13/2025,Beverages,Fanta,2880,7,20160,Cash,3456,24192,
INV0545,3/13/2025,Beverages,Coke,2880,6,17280,Transfer,3456,20736,
INV3318,3/13/2025,Dairy,Milk,9100,4,36400,Transfer,10920,43680,
INV3591,3/13/2025,Dairy,Milk,9100,4,36400,Transfer,10920,43680,
INV3823,3/13/2025,Food items,Bread,500,3,1500,Cash,600,1800,
INV3897,3/13/2025,Food items,Tea,600,10,6000,Card,720,7200,
INV4013,3/13/2025,Pharmaceuticals,Cough Syrup,2000,10,20000,Cash,2400,24000,
INV4071,3/13/2025,Household,Broom,500,8,4000,Cash,600,4800,
INV4110,3/13/2025,Food items,Rice,48000,7,336000,Cash,57600,403200,
INV4210,3/13/2025,Clothing,T-shirt,8000,4,32000,Cash,9600,38400,
INV4242,3/13/2025,Pharmaceuticals,Antibiotics,2000,10,20000,Transfer,2400,24000,
INV4344,3/13/2025,Food items,Beans,60000,5,300000,Transfer,72000,360000,
INV4438,3/13/2025,Clothing,Wristwatch,12000,2,24000,Transfer,14400,28800,
INV4636,3/13/2025,Sport,Jersey,13000,2,26000,Cash,15600,31200,
INV4819,3/13/2025,Clothing,Jeans,10000,1,10000,Cash,12000,12000,
INV4836,3/13/2025,Clothing,Cap,2000,8,16000,Transfer,2400,19200,
INV0546,3/14/2025,Snacks,Biscuits,5200,4,20800,Card,6240,24960,
INV0547,3/14/2025,Beverages,Pepsi,2880,6,17280,Transfer,3456,20736,
INV0548,3/14/2025,Food items,Beans,60000,7,420000,Transfer,72000,504000,
INV0549,3/14/2025,Beverages,Fanta,2880,2,5760,Cash,3456,6912,
INV0550,3/14/2025,Beverages,Coke,2880,7,20160,Card,3456,24192,
INV0551,3/14/2025,Beverages,Fanta,2880,4,11520,Cash,3456,13824,
INV0552,3/14/2025,Snacks,Chips,400,4,1600,Cash,480,1920,
INV0553,3/14/2025,Food items,Spaghetti,6000,4,24000,Cash,7200,28800,
INV0554,3/14/2025,Beverages,Coke,2880,6,17280,Transfer,3456,20736,
INV2858,3/14/2025,Dairy,Butter,120,7,840,Card,144,1008,
INV3470,3/14/2025,Household,Soap,1700,10,17000,Transfer,2040,20400,
INV4214,3/14/2025,Household,Cooking Gas,1950,4,7800,Card,2340,9360,
INV4239,3/14/2025,Electronics,LED Bulb,500,7,3500,Transfer,600,4200,
INV4281,3/14/2025,Food items,Beans,60000,2,120000,Cash,72000,144000,
INV4300,3/14/2025,Clothing,Shoes,15000,7,105000,Cash,18000,126000,
INV4314,3/14/2025,Electronics,Earphones,1000,9,9000,Transfer,1200,10800,
INV4320,3/14/2025,Household,Detergent,6900,6,41400,Card,8280,49680,
INV4461,3/14/2025,Electronics,Earphones,1000,7,7000,Cash,1200,8400,
INV4508,3/14/2025,Electronics,Extension Box,8000,9,72000,Cash,9600,86400,
INV4536,3/14/2025,Clothing,Shoes,15000,10,150000,Cash,18000,180000,
INV4550,3/14/2025,Food items,Palm Oil,50000,10,500000,Transfer,60000,600000,
INV4565,3/14/2025,Electronics,Extension Box,8000,5,40000,Cash,9600,48000,
INV4575,3/14/2025,Pharmaceuticals,Pain Relief Balm,2500,10,25000,Card,3000,30000,
INV4603,3/14/2025,Electronics,Power Bank,12000,3,36000,Transfer,14400,43200,
INV4698,3/14/2025,Clothing,Shoes,15000,4,60000,Card,18000,72000,
INV4763,3/14/2025,Food items,Palm Oil,50000,8,400000,Cash,60000,480000,
INV4864,3/14/2025,Sport,Football,2800,1,2800,Card,3360,3360,
INV4872,3/14/2025,Sport,Skipping Rope,3000,6,18000,Transfer,3600,21600,
INV4930,3/14/2025,Sport,Football,2800,9,25200,Transfer,3360,30240,
INV0555,3/15/2025,Food items,Spaghetti,6000,3,18000,Card,7200,21600,
INV0556,3/15/2025,Beverages,Coke,2880,8,23040,Transfer,3456,27648,
INV0557,3/15/2025,Beverages,Pepsi,2880,6,17280,Cash,3456,20736,
INV0558,3/15/2025,Food items,Rice,48000,10,480000,Transfer,57600,576000,
INV0559,3/15/2025,Household,Toothpaste,800,3,2400,Transfer,960,2880,
INV0560,3/15/2025,Beverages,Fanta,2880,4,11520,Card,3456,13824,
INV0561,3/15/2025,Snacks,Chocolate,3000,8,24000,Cash,3600,28800,
INV0562,3/15/2025,Snacks,Chips,400,7,2800,Card,480,3360,
INV0563,3/15/2025,Household,Detergent,6900,9,62100,Cash,8280,74520,
INV0564,3/15/2025,Household,Toothpaste,800,6,4800,Cash,960,5760,
INV2889,3/15/2025,Food items,Bread,500,3,1500,Card,600,1800,
INV3132,3/15/2025,Food items,Eggs,3300,3,9900,Card,3960,11880,
INV3970,3/15/2025,Household,Bucket,2500,2,5000,Card,3000,6000,
INV3977,3/15/2025,Pharmaceuticals,Paracetamol,1000,9,9000,Cash,1200,10800,
INV3981,3/15/2025,Pharmaceuticals,Vitamin C,1000,2,2000,Transfer,1200,2400,
INV4149,3/15/2025,Electronics,Power Bank,12000,4,48000,Cash,14400,57600,
INV4345,3/15/2025,Household,Broom,500,9,4500,Cash,600,5400,
INV4439,3/15/2025,Clothing,Wristwatch,12000,10,120000,Transfer,14400,144000,
INV4542,3/15/2025,Sport,Football,2800,3,8400,Transfer,3360,10080,
INV4743,3/15/2025,Clothing,Jeans,10000,2,20000,Card,12000,24000,
INV4746,3/15/2025,Pharmaceuticals,Paracetamol,1000,1,1000,Card,1200,1200,
INV4758,3/15/2025,Pharmaceuticals,Vitamin C,1000,8,8000,Transfer,1200,9600,
INV4814,3/15/2025,Sport,Skipping Rope,3000,8,24000,Transfer,3600,28800,
INV4823,3/15/2025,Household,Detergent,6900,8,55200,Cash,8280,66240,
INV0565,3/16/2025,Food items,Beans,60000,6,360000,Card,72000,432000,
INV0566,3/16/2025,Food items,Beans,60000,4,240000,Cash,72000,288000,
INV0567,3/16/2025,Household,Detergent,6900,6,41400,Transfer,8280,49680,
INV0568,3/16/2025,Beverages,Fanta,2880,2,5760,Card,3456,6912,
INV0569,3/16/2025,Beverages,Fanta,2880,2,5760,Card,3456,6912,
INV0570,3/16/2025,Household,Detergent,6900,2,13800,Cash,8280,16560,
INV0571,3/16/2025,Household,Toothpaste,800,4,3200,Transfer,960,3840,
INV0572,3/16/2025,Beverages,Fanta,2880,7,20160,Card,3456,24192,
INV0573,3/16/2025,Household,Toothpaste,800,6,4800,Card,960,5760,
INV0574,3/16/2025,Household,Detergent,6900,3,20700,Cash,8280,24840,
INV3117,3/16/2025,Food items,Rice,48000,1,48000,Card,57600,57600,
INV3633,3/16/2025,Food items,Coffee,1900,8,15200,Card,2280,18240,
INV3992,3/16/2025,Pharmaceuticals,Antibiotics,2000,2,4000,Cash,2400,4800,
INV4087,3/16/2025,Sport,Skipping Rope,3000,8,24000,Card,3600,28800,
INV4140,3/16/2025,Food items,Beans,60000,9,540000,Card,72000,648000,
INV4201,3/16/2025,Household,Bucket,2500,4,10000,Transfer,3000,12000,
INV4307,3/16/2025,Sport,Skipping Rope,3000,1,3000,Cash,3600,3600,
INV4400,3/16/2025,Food items,Garri,35000,5,175000,Card,42000,210000,
INV4426,3/16/2025,Sport,Running Shoes,15000,10,150000,Card,18000,180000,
INV4676,3/16/2025,Clothing,Wristwatch,12000,4,48000,Cash,14400,57600,
INV4716,3/16/2025,Electronics,Phone Charger,2000,4,8000,Cash,2400,9600,
INV0575,3/17/2025,Household,Detergent,6900,2,13800,Transfer,8280,16560,
INV0576,3/17/2025,Beverages,Fanta,2880,7,20160,Transfer,3456,24192,
INV0577,3/17/2025,Food items,Bread,500,1,500,Card,600,600,
INV0578,3/17/2025,Food items,Bread,500,9,4500,Card,600,5400,
INV0579,3/17/2025,Snacks,Biscuits,5200,6,31200,Transfer,6240,37440,
INV0580,3/17/2025,Food items,Bread,500,5,2500,Cash,600,3000,
INV0581,3/17/2025,Household,Soap,1700,9,15300,Cash,2040,18360,
INV0582,3/17/2025,Food items,Beans,60000,3,180000,Transfer,72000,216000,
INV3011,3/17/2025,Household,Soap,1700,9,15300,Transfer,2040,18360,
INV3716,3/17/2025,Dairy,Milk,9100,10,91000,Transfer,10920,109200,
INV4199,3/17/2025,Clothing,Jeans,10000,10,100000,Card,12000,120000,
INV4411,3/17/2025,Food items,Beans,60000,1,60000,Cash,72000,72000,
INV4551,3/17/2025,Sport,Running Shoes,15000,6,90000,Cash,18000,108000,
INV4753,3/17/2025,Household,Bucket,2500,4,10000,Cash,3000,12000,
INV4810,3/17/2025,Household,Bucket,2500,9,22500,Cash,3000,27000,
INV4837,3/17/2025,Sport,Jersey,13000,10,130000,Transfer,15600,156000,
INV0583,3/18/2025,Household,Shampoo,1200,6,7200,Cash,1440,8640,
INV0584,3/18/2025,Food items,Beans,60000,7,420000,Cash,72000,504000,
INV0585,3/18/2025,Food items,Rice,48000,5,240000,Transfer,57600,288000,
INV0586,3/18/2025,Household,Shampoo,1200,7,8400,Card,1440,10080,
INV0587,3/18/2025,Food items,Beans,60000,10,600000,Transfer,72000,720000,
INV0588,3/18/2025,Beverages,Water,1750,10,17500,Transfer,2100,21000,
INV0589,3/18/2025,Household,Toothpaste,800,7,5600,Transfer,960,6720,
INV0590,3/18/2025,Snacks,Biscuits,5200,6,31200,Cash,6240,37440,
INV0591,3/18/2025,Beverages,Pepsi,2880,5,14400,Card,3456,17280,
INV3028,3/18/2025,Dairy,Milk,9100,10,91000,Card,10920,109200,
INV3273,3/18/2025,Food items,Coffee,1900,7,13300,Transfer,2280,15960,
INV3384,3/18/2025,Dairy,Milk,9100,8,72800,Cash,10920,87360,
INV4155,3/18/2025,Household,Detergent,6900,10,69000,Card,8280,82800,
INV4251,3/18/2025,Electronics,LED Bulb,500,4,2000,Transfer,600,2400,
INV4424,3/18/2025,Sport,Dumbbells,400,5,2000,Transfer,480,2400,
INV4463,3/18/2025,Clothing,Shoes,15000,1,15000,Card,18000,18000,
INV4581,3/18/2025,Household,Toilet Paper,4000,3,12000,Cash,4800,14400,
INV4670,3/18/2025,Household,Broom,500,3,1500,Transfer,600,1800,
INV4908,3/18/2025,Clothing,Cap,2000,1,2000,Transfer,2400,2400,
INV0592,3/19/2025,Household,Shampoo,1200,8,9600,Cash,1440,11520,
INV0593,3/19/2025,Household,Shampoo,1200,8,9600,Transfer,1440,11520,
INV0594,3/19/2025,Beverages,Coke,2880,1,2880,Transfer,3456,3456,
INV0595,3/19/2025,Beverages,Water,1750,1,1750,Card,2100,2100,
INV0596,3/19/2025,Beverages,Coke,2880,3,8640,Transfer,3456,10368,
INV0597,3/19/2025,Snacks,Chips,400,3,1200,Cash,480,1440,
INV0598,3/19/2025,Food items,Spaghetti,6000,7,42000,Card,7200,50400,
INV0599,3/19/2025,Snacks,Chocolate,3000,4,12000,Card,3600,14400,
INV0600,3/19/2025,Snacks,Chocolate,3000,3,9000,Card,3600,10800,
INV0601,3/19/2025,Household,Shampoo,1200,5,6000,Transfer,1440,7200,
INV3064,3/19/2025,Dairy,Butter,120,4,480,Card,144,576,
INV3413,3/19/2025,Food items,Sugar,3600,5,18000,Card,4320,21600,
INV3997,3/19/2025,Clothing,Cap,2000,10,20000,Card,2400,24000,
INV4052,3/19/2025,Pharmaceuticals,Pain Relief Balm,2500,7,17500,Cash,3000,21000,
INV4095,3/19/2025,Pharmaceuticals,Antibiotics,2000,4,8000,Card,2400,9600,
INV4142,3/19/2025,Electronics,Power Bank,12000,5,60000,Cash,14400,72000,
INV4208,3/19/2025,Electronics,Phone Charger,2000,9,18000,Card,2400,21600,
INV4284,3/19/2025,Clothing,Jeans,10000,9,90000,Transfer,12000,108000,
INV4329,3/19/2025,Electronics,Power Bank,12000,2,24000,Cash,14400,28800,
INV4371,3/19/2025,Clothing,Jeans,10000,8,80000,Transfer,12000,96000,
INV4383,3/19/2025,Sport,Skipping Rope,3000,9,27000,Cash,3600,32400,
INV4493,3/19/2025,Household,Broom,500,4,2000,Card,600,2400,
INV4585,3/19/2025,Electronics,Earphones,1000,1,1000,Transfer,1200,1200,
INV4589,3/19/2025,Electronics,Power Bank,12000,8,96000,Cash,14400,115200,
INV4659,3/19/2025,Household,Detergent,6900,4,27600,Card,8280,33120,
INV4822,3/19/2025,Household,Toilet Paper,4000,4,16000,Card,4800,19200,
INV4832,3/19/2025,Food items,Yam Flour,62000,2,124000,Transfer,74400,148800,
INV4910,3/19/2025,Clothing,T-shirt,8000,1,8000,Transfer,9600,9600,
INV0602,3/20/2025,Food items,Beans,60000,4,240000,Transfer,72000,288000,
INV0603,3/20/2025,Food items,Bread,500,9,4500,Transfer,600,5400,
INV0604,3/20/2025,Beverages,Coke,2880,6,17280,Transfer,3456,20736,
INV0605,3/20/2025,Beverages,Water,1750,10,17500,Card,2100,21000,
INV0606,3/20/2025,Food items,Spaghetti,6000,7,42000,Transfer,7200,50400,
INV0607,3/20/2025,Food items,Spaghetti,6000,5,30000,Card,7200,36000,
INV0608,3/20/2025,Household,Detergent,6900,6,41400,Transfer,8280,49680,
INV2845,3/20/2025,Food items,Coffee,1900,2,3800,Card,2280,4560,
INV2863,3/20/2025,Food items,Coffee,1900,2,3800,Transfer,2280,4560,
INV3120,3/20/2025,Food items,Rice,48000,8,384000,Cash,57600,460800,
INV3219,3/20/2025,Food items,Rice,48000,7,336000,Cash,57600,403200,
INV3654,3/20/2025,Food items,Coffee,1900,4,7600,Cash,2280,9120,
INV3888,3/20/2025,Food items,Rice,48000,4,192000,Cash,57600,230400,
INV3899,3/20/2025,Food items,Eggs,3300,2,6600,Cash,3960,7920,
INV4160,3/20/2025,Household,Detergent,6900,5,34500,Card,8280,41400,
INV4172,3/20/2025,Food items,Rice,48000,2,96000,Transfer,57600,115200,
INV4226,3/20/2025,Clothing,Jeans,10000,10,100000,Transfer,12000,120000,
INV4227,3/20/2025,Sport,Jersey,13000,10,130000,Cash,15600,156000,
INV4375,3/20/2025,Food items,Beans,60000,3,180000,Transfer,72000,216000,
INV4443,3/20/2025,Sport,Running Shoes,15000,8,120000,Card,18000,144000,
INV4469,3/20/2025,Household,Cooking Gas,1950,6,11700,Card,2340,14040,
INV4511,3/20/2025,Electronics,LED Bulb,500,6,3000,Transfer,600,3600,
INV4512,3/20/2025,Clothing,Cap,2000,2,4000,Transfer,2400,4800,
INV4563,3/20/2025,Sport,Jersey,13000,9,117000,Cash,15600,140400,
INV4569,3/20/2025,Food items,Garri,35000,1,35000,Card,42000,42000,
INV4582,3/20/2025,Food items,Palm Oil,50000,3,150000,Cash,60000,180000,
INV4595,3/20/2025,Clothing,Cap,2000,1,2000,Transfer,2400,2400,
INV4687,3/20/2025,Household,Broom,500,9,4500,Cash,600,5400,
INV4726,3/20/2025,Sport,Jersey,13000,5,65000,Cash,15600,78000,
INV0609,3/21/2025,Beverages,Pepsi,2880,8,23040,Cash,3456,27648,
INV0610,3/21/2025,Household,Shampoo,1200,4,4800,Cash,1440,5760,
INV0611,3/21/2025,Snacks,Chocolate,3000,1,3000,Transfer,3600,3600,
INV0612,3/21/2025,Beverages,Fanta,2880,6,17280,Transfer,3456,20736,
INV0613,3/21/2025,Household,Shampoo,1200,8,9600,Cash,1440,11520,
INV0614,3/21/2025,Food items,Beans,60000,9,540000,Transfer,72000,648000,
INV0615,3/21/2025,Beverages,Coke,2880,7,20160,Cash,3456,24192,
INV0616,3/21/2025,Snacks,Chips,400,3,1200,Card,480,1440,
INV0617,3/21/2025,Food items,Rice,48000,9,432000,Cash,57600,518400,
INV0618,3/21/2025,Food items,Spaghetti,6000,8,48000,Card,7200,57600,
INV2859,3/21/2025,Household,Soap,1700,4,6800,Card,2040,8160,
INV3586,3/21/2025,Household,Toothpaste,800,3,2400,Cash,960,2880,
INV3641,3/21/2025,Food items,Coffee,1900,8,15200,Cash,2280,18240,
INV4123,3/21/2025,Household,Detergent,6900,9,62100,Card,8280,74520,
INV4256,3/21/2025,Electronics,Phone Charger,2000,3,6000,Transfer,2400,7200,
INV4283,3/21/2025,Electronics,Power Bank,12000,5,60000,Card,14400,72000,
INV4433,3/21/2025,Sport,Dumbbells,400,4,1600,Card,480,1920,
INV4826,3/21/2025,Electronics,Power Bank,12000,8,96000,Card,14400,115200,
INV4887,3/21/2025,Food items,Palm Oil,50000,6,300000,Card,60000,360000,
INV0619,3/22/2025,Snacks,Chips,400,10,4000,Transfer,480,4800,
INV0620,3/22/2025,Food items,Rice,48000,5,240000,Card,57600,288000,
INV0621,3/22/2025,Beverages,Pepsi,2880,4,11520,Cash,3456,13824,
INV0622,3/22/2025,Food items,Rice,48000,3,144000,Transfer,57600,172800,
INV0623,3/22/2025,Snacks,Biscuits,5200,9,46800,Transfer,6240,56160,
INV3232,3/22/2025,Dairy,Butter,120,5,600,Transfer,144,720,
INV3687,3/22/2025,Food items,Rice,48000,8,384000,Card,57600,460800,
INV3973,3/22/2025,Household,Toilet Paper,4000,8,32000,Card,4800,38400,
INV4000,3/22/2025,Clothing,Cap,2000,4,8000,Transfer,2400,9600,
INV4055,3/22/2025,Sport,Running Shoes,15000,6,90000,Cash,18000,108000,
INV4163,3/22/2025,Household,Cooking Gas,1950,1,1950,Card,2340,2340,
INV4362,3/22/2025,Household,Broom,500,8,4000,Cash,600,4800,
INV4389,3/22/2025,Sport,Jersey,13000,8,104000,Card,15600,124800,
INV4415,3/22/2025,Sport,Football,2800,6,16800,Card,3360,20160,
INV4522,3/22/2025,Sport,Running Shoes,15000,5,75000,Transfer,18000,90000,
INV4761,3/22/2025,Electronics,Power Bank,12000,1,12000,Cash,14400,14400,
INV4938,3/22/2025,Food items,Palm Oil,50000,5,250000,Card,60000,300000,
INV0624,3/23/2025,Household,Detergent,6900,4,27600,Card,8280,33120,
INV0625,3/23/2025,Food items,Rice,48000,7,336000,Cash,57600,403200,
INV0626,3/23/2025,Beverages,Water,1750,6,10500,Card,2100,12600,
INV0627,3/23/2025,Beverages,Pepsi,2880,1,2880,Card,3456,3456,
INV0628,3/23/2025,Household,Shampoo,1200,4,4800,Card,1440,5760,
INV0629,3/23/2025,Snacks,Chips,400,8,3200,Card,480,3840,
INV0630,3/23/2025,Food items,Rice,48000,8,384000,Cash,57600,460800,
INV2980,3/23/2025,Food items,Rice,48000,3,144000,Cash,57600,172800,
INV3289,3/23/2025,Food items,Coffee,1900,6,11400,Transfer,2280,13680,
INV3986,3/23/2025,Pharmaceuticals,Cough Syrup,2000,8,16000,Transfer,2400,19200,
INV4046,3/23/2025,Food items,Rice,48000,3,144000,Cash,57600,172800,
INV4098,3/23/2025,Clothing,Cap,2000,4,8000,Card,2400,9600,
INV4126,3/23/2025,Food items,Yam Flour,62000,6,372000,Transfer,74400,446400,
INV4130,3/23/2025,Sport,Running Shoes,15000,10,150000,Transfer,18000,180000,
INV4145,3/23/2025,Household,Cooking Gas,1950,1,1950,Card,2340,2340,
INV4435,3/23/2025,Clothing,Shoes,15000,4,60000,Cash,18000,72000,
INV4684,3/23/2025,Household,Toilet Paper,4000,7,28000,Card,4800,33600,
INV4688,3/23/2025,Household,Cooking Gas,1950,7,13650,Card,2340,16380,
INV4750,3/23/2025,Clothing,Shoes,15000,7,105000,Cash,18000,126000,
INV4835,3/23/2025,Electronics,LED Bulb,500,10,5000,Card,600,6000,
INV0631,3/24/2025,Snacks,Biscuits,5200,5,26000,Card,6240,31200,
INV0632,3/24/2025,Food items,Beans,60000,7,420000,Transfer,72000,504000,
INV0633,3/24/2025,Food items,Spaghetti,6000,3,18000,Cash,7200,21600,
INV0634,3/24/2025,Beverages,Fanta,2880,1,2880,Cash,3456,3456,
INV0635,3/24/2025,Household,Soap,1700,2,3400,Card,2040,4080,
INV0636,3/24/2025,Beverages,Coke,2880,4,11520,Cash,3456,13824,
INV0637,3/24/2025,Household,Detergent,6900,3,20700,Cash,8280,24840,
INV3527,3/24/2025,Food items,Tea,600,4,2400,Card,720,2880,
INV3569,3/24/2025,Food items,Sugar,3600,8,28800,Card,4320,34560,
INV3765,3/24/2025,Food items,Rice,48000,2,96000,Transfer,57600,115200,
INV4056,3/24/2025,Food items,Yam Flour,62000,9,558000,Cash,74400,669600,
INV4164,3/24/2025,Sport,Dumbbells,400,5,2000,Card,480,2400,
INV4234,3/24/2025,Household,Cooking Gas,1950,1,1950,Transfer,2340,2340,
INV4282,3/24/2025,Sport,Skipping Rope,3000,5,15000,Cash,3600,18000,
INV4315,3/24/2025,Household,Bucket,2500,4,10000,Cash,3000,12000,
INV4547,3/24/2025,Household,Bucket,2500,2,5000,Card,3000,6000,
INV4610,3/24/2025,Clothing,Jeans,10000,6,60000,Cash,12000,72000,
INV4776,3/24/2025,Electronics,LED Bulb,500,10,5000,Cash,600,6000,
INV4853,3/24/2025,Household,Bucket,2500,4,10000,Cash,3000,12000,
INV4855,3/24/2025,Pharmaceuticals,Vitamin C,1000,5,5000,Cash,1200,6000,
INV4878,3/24/2025,Household,Cooking Gas,1950,6,11700,Cash,2340,14040,
INV0638,3/25/2025,Snacks,Chips,400,10,4000,Transfer,480,4800,
INV0639,3/25/2025,Household,Toothpaste,800,10,8000,Transfer,960,9600,
INV0640,3/25/2025,Household,Soap,1700,8,13600,Cash,2040,16320,
INV0641,3/25/2025,Household,Shampoo,1200,8,9600,Card,1440,11520,
INV0642,3/25/2025,Beverages,Water,1750,10,17500,Transfer,2100,21000,
INV0643,3/25/2025,Household,Soap,1700,8,13600,Cash,2040,16320,
INV0644,3/25/2025,Beverages,Coke,2880,1,2880,Card,3456,3456,
INV0645,3/25/2025,Household,Shampoo,1200,7,8400,Cash,1440,10080,
INV0646,3/25/2025,Beverages,Water,1750,2,3500,Transfer,2100,4200,
INV3073,3/25/2025,Food items,Eggs,3300,4,13200,Card,3960,15840,
INV3953,3/25/2025,Electronics,Earphones,1000,7,7000,Cash,1200,8400,
INV4034,3/25/2025,Clothing,T-shirt,8000,5,40000,Transfer,9600,48000,
INV4277,3/25/2025,Electronics,Power Bank,12000,4,48000,Transfer,14400,57600,
INV4348,3/25/2025,Food items,Beans,60000,6,360000,Card,72000,432000,
INV4451,3/25/2025,Sport,Dumbbells,400,2,800,Card,480,960,
INV4502,3/25/2025,Electronics,Phone Charger,2000,7,14000,Cash,2400,16800,
INV4707,3/25/2025,Food items,Beans,60000,4,240000,Card,72000,288000,
INV4768,3/25/2025,Electronics,Extension Box,8000,4,32000,Card,9600,38400,
INV4916,3/25/2025,Pharmaceuticals,Cough Syrup,2000,3,6000,Card,2400,7200,
INV0647,3/26/2025,Snacks,Chocolate,3000,3,9000,Transfer,3600,10800,
INV0648,3/26/2025,Household,Soap,1700,6,10200,Cash,2040,12240,
INV0649,3/26/2025,Beverages,Coke,2880,10,28800,Card,3456,34560,
INV0650,3/26/2025,Household,Detergent,6900,1,6900,Card,8280,8280,
INV0651,3/26/2025,Beverages,Pepsi,2880,5,14400,Cash,3456,17280,
INV4048,3/26/2025,Clothing,T-shirt,8000,1,8000,Cash,9600,9600,
INV4144,3/26/2025,Pharmaceuticals,Antibiotics,2000,2,4000,Transfer,2400,4800,
INV4253,3/26/2025,Electronics,Phone Charger,2000,7,14000,Transfer,2400,16800,
INV4397,3/26/2025,Sport,Skipping Rope,3000,1,3000,Transfer,3600,3600,
INV4468,3/26/2025,Electronics,Phone Charger,2000,3,6000,Cash,2400,7200,
INV4481,3/26/2025,Food items,Garri,35000,9,315000,Transfer,42000,378000,
INV4526,3/26/2025,Pharmaceuticals,Paracetamol,1000,4,4000,Cash,1200,4800,
INV4696,3/26/2025,Household,Toilet Paper,4000,9,36000,Cash,4800,43200,
INV4711,3/26/2025,Pharmaceuticals,Pain Relief Balm,2500,5,12500,Transfer,3000,15000,
INV4775,3/26/2025,Clothing,Jeans,10000,3,30000,Card,12000,36000,
INV4783,3/26/2025,Clothing,T-shirt,8000,1,8000,Transfer,9600,9600,
INV4850,3/26/2025,Pharmaceuticals,Antibiotics,2000,5,10000,Card,2400,12000,
INV4894,3/26/2025,Electronics,LED Bulb,500,2,1000,Cash,600,1200,
INV0652,3/27/2025,Beverages,Fanta,2880,6,17280,Transfer,3456,20736,
INV0653,3/27/2025,Snacks,Chocolate,3000,5,15000,Transfer,3600,18000,
INV0654,3/27/2025,Beverages,Fanta,2880,5,14400,Card,3456,17280,
INV0655,3/27/2025,Beverages,Coke,2880,8,23040,Card,3456,27648,
INV0656,3/27/2025,Beverages,Water,1750,10,17500,Cash,2100,21000,
INV0657,3/27/2025,Household,Soap,1700,10,17000,Cash,2040,20400,
INV3292,3/27/2025,Food items,Eggs,3300,10,33000,Transfer,3960,39600,
INV3642,3/27/2025,Food items,Rice,48000,3,144000,Transfer,57600,172800,
INV4004,3/27/2025,Household,Bucket,2500,2,5000,Transfer,3000,6000,
INV4035,3/27/2025,Food items,Palm Oil,50000,7,350000,Cash,60000,420000,
INV4097,3/27/2025,Pharmaceuticals,Paracetamol,1000,8,8000,Card,1200,9600,
INV4107,3/27/2025,Sport,Dumbbells,400,6,2400,Transfer,480,2880,
INV4534,3/27/2025,Food items,Beans,60000,3,180000,Cash,72000,216000,
INV4590,3/27/2025,Electronics,Phone Charger,2000,2,4000,Transfer,2400,4800,
INV4649,3/27/2025,Food items,Palm Oil,50000,3,150000,Transfer,60000,180000,
INV4856,3/27/2025,Food items,Garri,35000,2,70000,Cash,42000,84000,
INV4858,3/27/2025,Food items,Garri,35000,3,105000,Cash,42000,126000,
INV4889,3/27/2025,Clothing,T-shirt,8000,9,72000,Card,9600,86400,
INV0658,3/28/2025,Food items,Rice,48000,6,288000,Cash,57600,345600,
INV0659,3/28/2025,Household,Soap,1700,10,17000,Card,2040,20400,
INV0660,3/28/2025,Snacks,Chocolate,3000,10,30000,Transfer,3600,36000,
INV0661,3/28/2025,Beverages,Water,1750,2,3500,Card,2100,4200,
INV0662,3/28/2025,Food items,Spaghetti,6000,9,54000,Transfer,7200,64800,
INV0663,3/28/2025,Beverages,Fanta,2880,10,28800,Cash,3456,34560,
INV0664,3/28/2025,Food items,Spaghetti,6000,7,42000,Cash,7200,50400,
INV0665,3/28/2025,Beverages,Pepsi,2880,6,17280,Card,3456,20736,
INV3210,3/28/2025,Food items,Tea,600,2,1200,Cash,720,1440,
INV3775,3/28/2025,Household,Soap,1700,9,15300,Cash,2040,18360,
INV4051,3/28/2025,Food items,Beans,60000,6,360000,Card,72000,432000,
INV4156,3/28/2025,Clothing,Cap,2000,3,6000,Card,2400,7200,
INV4286,3/28/2025,Electronics,Extension Box,8000,3,24000,Cash,9600,28800,
INV4296,3/28/2025,Electronics,Earphones,1000,7,7000,Card,1200,8400,
INV4368,3/28/2025,Food items,Garri,35000,3,105000,Transfer,42000,126000,
INV4412,3/28/2025,Food items,Yam Flour,62000,5,310000,Cash,74400,372000,
INV4555,3/28/2025,Food items,Yam Flour,62000,4,248000,Cash,74400,297600,
INV4568,3/28/2025,Food items,Beans,60000,3,180000,Cash,72000,216000,
INV4664,3/28/2025,Clothing,Jeans,10000,7,70000,Card,12000,84000,
INV4892,3/28/2025,Pharmaceuticals,Pain Relief Balm,2500,7,17500,Transfer,3000,21000,
INV0666,3/29/2025,Snacks,Chocolate,3000,8,24000,Card,3600,28800,
INV0667,3/29/2025,Household,Toothpaste,800,4,3200,Cash,960,3840,
INV0668,3/29/2025,Beverages,Pepsi,2880,1,2880,Cash,3456,3456,
INV0669,3/29/2025,Household,Soap,1700,7,11900,Card,2040,14280,
INV0670,3/29/2025,Food items,Bread,500,7,3500,Card,600,4200,
INV0671,3/29/2025,Beverages,Pepsi,2880,2,5760,Card,3456,6912,
INV0672,3/29/2025,Household,Soap,1700,9,15300,Transfer,2040,18360,
INV0673,3/29/2025,Household,Soap,1700,9,15300,Cash,2040,18360,
INV3309,3/29/2025,Food items,Eggs,3300,10,33000,Card,3960,39600,
INV3332,3/29/2025,Household,Soap,1700,7,11900,Transfer,2040,14280,
INV3514,3/29/2025,Household,Soap,1700,3,5100,Card,2040,6120,
INV3540,3/29/2025,Household,Toothpaste,800,6,4800,Card,960,5760,
INV3575,3/29/2025,Food items,Rice,48000,1,48000,Transfer,57600,57600,
INV3814,3/29/2025,Dairy,Butter,120,10,1200,Card,144,1440,
INV3962,3/29/2025,Pharmaceuticals,Paracetamol,1000,10,10000,Cash,1200,12000,
INV4044,3/29/2025,Pharmaceuticals,Antibiotics,2000,10,20000,Card,2400,24000,
INV4244,3/29/2025,Electronics,Power Bank,12000,4,48000,Card,14400,57600,
INV4456,3/29/2025,Pharmaceuticals,Paracetamol,1000,5,5000,Transfer,1200,6000,
INV4464,3/29/2025,Pharmaceuticals,Pain Relief Balm,2500,5,12500,Transfer,3000,15000,
INV4507,3/29/2025,Household,Bucket,2500,3,7500,Card,3000,9000,
INV4653,3/29/2025,Pharmaceuticals,Pain Relief Balm,2500,7,17500,Transfer,3000,21000,
INV4936,3/29/2025,Electronics,Extension Box,8000,10,80000,Transfer,9600,96000,
INV0674,3/30/2025,Beverages,Pepsi,2880,5,14400,Card,3456,17280,
INV0675,3/30/2025,Household,Soap,1700,2,3400,Transfer,2040,4080,
INV0676,3/30/2025,Beverages,Fanta,2880,3,8640,Transfer,3456,10368,
INV0677,3/30/2025,Snacks,Chocolate,3000,6,18000,Card,3600,21600,
INV0678,3/30/2025,Snacks,Chocolate,3000,6,18000,Card,3600,21600,
INV0679,3/30/2025,Household,Toothpaste,800,9,7200,Cash,960,8640,
INV0680,3/30/2025,Beverages,Water,1750,6,10500,Cash,2100,12600,
INV0681,3/30/2025,Snacks,Chocolate,3000,2,6000,Transfer,3600,7200,
INV2838,3/30/2025,Food items,Coffee,1900,6,11400,Card,2280,13680,
INV3161,3/30/2025,Dairy,Butter,120,4,480,Cash,144,576,
INV3236,3/30/2025,Food items,Tea,600,7,4200,Cash,720,5040,
INV3340,3/30/2025,Food items,Bread,500,9,4500,Transfer,600,5400,
INV4106,3/30/2025,Pharmaceuticals,Paracetamol,1000,9,9000,Transfer,1200,10800,
INV4254,3/30/2025,Sport,Jersey,13000,7,91000,Transfer,15600,109200,
INV4421,3/30/2025,Pharmaceuticals,Vitamin C,1000,8,8000,Cash,1200,9600,
INV4422,3/30/2025,Electronics,Phone Charger,2000,5,10000,Cash,2400,12000,
INV4591,3/30/2025,Food items,Yam Flour,62000,8,496000,Cash,74400,595200,
INV4594,3/30/2025,Pharmaceuticals,Cough Syrup,2000,6,12000,Transfer,2400,14400,
INV4619,3/30/2025,Food items,Beans,60000,2,120000,Cash,72000,144000,
INV4829,3/30/2025,Clothing,Jeans,10000,8,80000,Cash,12000,96000,
INV4831,3/30/2025,Household,Cooking Gas,1950,6,11700,Card,2340,14040,
INV4885,3/30/2025,Sport,Football,2800,5,14000,Transfer,3360,16800,
INV4911,3/30/2025,Electronics,Extension Box,8000,3,24000,Transfer,9600,28800,
INV0682,3/31/2025,Food items,Beans,60000,5,300000,Cash,72000,360000,
INV0683,3/31/2025,Beverages,Water,1750,3,5250,Card,2100,6300,
INV0684,3/31/2025,Beverages,Fanta,2880,10,28800,Transfer,3456,34560,
INV0685,3/31/2025,Household,Soap,1700,8,13600,Card,2040,16320,
INV0686,3/31/2025,Beverages,Coke,2880,8,23040,Cash,3456,27648,
INV0687,3/31/2025,Food items,Beans,60000,5,300000,Transfer,72000,360000,
INV0688,3/31/2025,Beverages,Fanta,2880,7,20160,Card,3456,24192,
INV0689,4/1/2025,Beverages,Coke,2880,8,23040,Transfer,3456,27648,
INV0690,4/1/2025,Beverages,Fanta,2880,9,25920,Transfer,3456,31104,
INV0691,4/1/2025,Household,Detergent,6900,7,48300,Card,8280,57960,
INV0692,4/1/2025,Beverages,Water,1750,5,8750,Transfer,2100,10500,
INV0693,4/1/2025,Beverages,Coke,2880,8,23040,Card,3456,27648,
INV0694,4/1/2025,Food items,Bread,500,9,4500,Transfer,600,5400,
INV0695,4/1/2025,Beverages,Fanta,2880,5,14400,Card,3456,17280,
INV0696,4/1/2025,Household,Shampoo,1200,3,3600,Card,1440,4320,
INV3118,4/1/2025,Dairy,Butter,120,2,240,Cash,144,288,
INV3180,4/1/2025,Food items,Tea,600,3,1800,Transfer,720,2160,
INV3863,4/1/2025,Food items,Coffee,1900,10,19000,Transfer,2280,22800,
INV0697,4/2/2025,Snacks,Chips,400,8,3200,Transfer,480,3840,
INV0698,4/2/2025,Food items,Beans,60000,9,540000,Transfer,72000,648000,
INV0699,4/2/2025,Snacks,Chocolate,3000,7,21000,Card,3600,25200,
INV0700,4/2/2025,Beverages,Coke,2880,6,17280,Card,3456,20736,
INV0701,4/2/2025,Household,Toothpaste,800,10,8000,Cash,960,9600,
INV0702,4/2/2025,Household,Detergent,6900,2,13800,Transfer,8280,16560,
INV0703,4/2/2025,Household,Detergent,6900,1,6900,Card,8280,8280,
INV2801,4/2/2025,Food items,Coffee,1900,7,13300,Transfer,2280,15960,
INV2918,4/2/2025,Household,Soap,1700,10,17000,Card,2040,20400,
INV3319,4/2/2025,Food items,Sugar,3600,6,21600,Card,4320,25920,
INV3388,4/2/2025,Food items,Bread,500,8,4000,Card,600,4800,
INV3848,4/2/2025,Dairy,Milk,9100,6,54600,Transfer,10920,65520,
INV0704,4/3/2025,Beverages,Water,1750,7,12250,Card,2100,14700,
INV0705,4/3/2025,Snacks,Biscuits,5200,5,26000,Transfer,6240,31200,
INV0706,4/3/2025,Food items,Spaghetti,6000,3,18000,Transfer,7200,21600,
INV0707,4/3/2025,Household,Detergent,6900,2,13800,Transfer,8280,16560,
INV0708,4/3/2025,Household,Detergent,6900,3,20700,Transfer,8280,24840,
INV3551,4/3/2025,Household,Soap,1700,7,11900,Transfer,2040,14280,
INV3605,4/3/2025,Household,Soap,1700,10,17000,Cash,2040,20400,
INV0709,4/4/2025,Snacks,Chocolate,3000,10,30000,Card,3600,36000,
INV0710,4/4/2025,Household,Shampoo,1200,8,9600,Card,1440,11520,
INV0711,4/4/2025,Food items,Bread,500,7,3500,Card,600,4200,
INV0712,4/4/2025,Food items,Spaghetti,6000,3,18000,Transfer,7200,21600,
INV0713,4/4/2025,Snacks,Chocolate,3000,1,3000,Card,3600,3600,
INV0714,4/4/2025,Household,Toothpaste,800,4,3200,Cash,960,3840,
INV3084,4/4/2025,Food items,Bread,500,3,1500,Cash,600,1800,
INV3257,4/4/2025,Food items,Eggs,3300,7,23100,Transfer,3960,27720,
INV3267,4/4/2025,Dairy,Milk,9100,8,72800,Transfer,10920,87360,
INV3419,4/4/2025,Food items,Coffee,1900,4,7600,Transfer,2280,9120,
INV0715,4/5/2025,Food items,Bread,500,1,500,Cash,600,600,
INV0716,4/5/2025,Household,Soap,1700,6,10200,Card,2040,12240,
INV0717,4/5/2025,Household,Soap,1700,3,5100,Transfer,2040,6120,
INV0718,4/5/2025,Household,Shampoo,1200,7,8400,Cash,1440,10080,
INV0719,4/5/2025,Food items,Beans,60000,7,420000,Transfer,72000,504000,
INV0720,4/5/2025,Food items,Bread,500,8,4000,Cash,600,4800,
INV0721,4/5/2025,Snacks,Biscuits,5200,1,5200,Transfer,6240,6240,
INV3634,4/5/2025,Food items,Coffee,1900,9,17100,Card,2280,20520,
INV3707,4/5/2025,Food items,Sugar,3600,7,25200,Card,4320,30240,
INV3924,4/5/2025,Food items,Bread,500,2,1000,Cash,600,1200,
INV0722,4/6/2025,Beverages,Water,1750,5,8750,Transfer,2100,10500,
INV0723,4/6/2025,Food items,Bread,500,7,3500,Transfer,600,4200,
INV0724,4/6/2025,Snacks,Chocolate,3000,7,21000,Card,3600,25200,
INV0725,4/6/2025,Food items,Rice,48000,10,480000,Card,57600,576000,
INV0726,4/6/2025,Beverages,Coke,2880,5,14400,Cash,3456,17280,
INV0727,4/6/2025,Beverages,Fanta,2880,2,5760,Transfer,3456,6912,
INV0728,4/6/2025,Household,Toothpaste,800,3,2400,Cash,960,2880,
INV0729,4/6/2025,Household,Toothpaste,800,9,7200,Card,960,8640,
INV0730,4/6/2025,Food items,Bread,500,5,2500,Transfer,600,3000,
INV2953,4/6/2025,Food items,Coffee,1900,6,11400,Cash,2280,13680,
INV3706,4/6/2025,Food items,Tea,600,4,2400,Card,720,2880,
INV3749,4/6/2025,Food items,Rice,48000,9,432000,Transfer,57600,518400,
INV0731,4/7/2025,Beverages,Water,1750,2,3500,Transfer,2100,4200,
INV0732,4/7/2025,Snacks,Biscuits,5200,1,5200,Cash,6240,6240,
INV0733,4/7/2025,Food items,Bread,500,1,500,Card,600,600,
INV0734,4/7/2025,Household,Toothpaste,800,9,7200,Card,960,8640,
INV0735,4/7/2025,Beverages,Pepsi,2880,3,8640,Transfer,3456,10368,
INV0736,4/7/2025,Snacks,Chips,400,9,3600,Card,480,4320,
INV2762,4/7/2025,Food items,Eggs,3300,7,23100,Card,3960,27720,
INV3301,4/7/2025,Household,Soap,1700,7,11900,Transfer,2040,14280,
INV3448,4/7/2025,Household,Soap,1700,10,17000,Cash,2040,20400,
INV3451,4/7/2025,Household,Soap,1700,1,1700,Card,2040,2040,
INV0737,4/8/2025,Beverages,Coke,2880,7,20160,Card,3456,24192,
INV0738,4/8/2025,Household,Shampoo,1200,10,12000,Card,1440,14400,
INV0739,4/8/2025,Household,Soap,1700,2,3400,Cash,2040,4080,
INV0740,4/8/2025,Food items,Bread,500,6,3000,Card,600,3600,
INV0741,4/8/2025,Beverages,Pepsi,2880,6,17280,Cash,3456,20736,
INV0742,4/8/2025,Food items,Beans,60000,10,600000,Cash,72000,720000,
INV2991,4/8/2025,Household,Soap,1700,1,1700,Card,2040,2040,
INV3060,4/8/2025,Food items,Sugar,3600,8,28800,Transfer,4320,34560,
INV3306,4/8/2025,Dairy,Butter,120,5,600,Transfer,144,720,
INV0743,4/9/2025,Food items,Bread,500,4,2000,Card,600,2400,
INV0744,4/9/2025,Beverages,Fanta,2880,5,14400,Transfer,3456,17280,
INV0745,4/9/2025,Snacks,Chocolate,3000,1,3000,Card,3600,3600,
INV0746,4/9/2025,Household,Shampoo,1200,6,7200,Card,1440,8640,
INV0747,4/9/2025,Food items,Spaghetti,6000,5,30000,Card,7200,36000,
INV0748,4/9/2025,Food items,Bread,500,4,2000,Cash,600,2400,
INV2865,4/9/2025,Food items,Coffee,1900,7,13300,Cash,2280,15960,
INV3220,4/9/2025,Food items,Coffee,1900,1,1900,Card,2280,2280,
INV0749,4/10/2025,Snacks,Chips,400,4,1600,Card,480,1920,
INV0750,4/10/2025,Food items,Rice,48000,7,336000,Card,57600,403200,
INV0751,4/10/2025,Snacks,Chocolate,3000,2,6000,Card,3600,7200,
INV0752,4/10/2025,Snacks,Chocolate,3000,7,21000,Cash,3600,25200,
INV0753,4/10/2025,Food items,Spaghetti,6000,3,18000,Transfer,7200,21600,
INV0754,4/10/2025,Beverages,Water,1750,4,7000,Cash,2100,8400,
INV0755,4/10/2025,Food items,Spaghetti,6000,1,6000,Transfer,7200,7200,
INV0756,4/10/2025,Food items,Rice,48000,4,192000,Cash,57600,230400,
INV3223,4/10/2025,Food items,Coffee,1900,3,5700,Transfer,2280,6840,
INV3466,4/10/2025,Food items,Rice,48000,2,96000,Transfer,57600,115200,
INV3536,4/10/2025,Food items,Tea,600,1,600,Card,720,720,
INV0757,4/11/2025,Food items,Bread,500,2,1000,Cash,600,1200,
INV0758,4/11/2025,Beverages,Coke,2880,4,11520,Transfer,3456,13824,
INV0759,4/11/2025,Snacks,Chips,400,7,2800,Transfer,480,3360,
INV0760,4/11/2025,Snacks,Biscuits,5200,10,52000,Card,6240,62400,
INV0761,4/11/2025,Beverages,Fanta,2880,10,28800,Transfer,3456,34560,
INV0762,4/11/2025,Household,Soap,1700,9,15300,Cash,2040,18360,
INV0763,4/11/2025,Household,Soap,1700,1,1700,Cash,2040,2040,
INV0764,4/11/2025,Household,Detergent,6900,4,27600,Card,8280,33120,
INV0765,4/11/2025,Food items,Rice,48000,5,240000,Transfer,57600,288000,
INV2771,4/11/2025,Food items,Coffee,1900,6,11400,Card,2280,13680,
INV2973,4/11/2025,Food items,Bread,500,9,4500,Transfer,600,5400,
INV3075,4/11/2025,Food items,Rice,48000,3,144000,Transfer,57600,172800,
INV3155,4/11/2025,Dairy,Milk,9100,7,63700,Transfer,10920,76440,
INV3225,4/11/2025,Food items,Eggs,3300,3,9900,Card,3960,11880,
INV0766,4/12/2025,Beverages,Pepsi,2880,10,28800,Card,3456,34560,
INV0767,4/12/2025,Food items,Spaghetti,6000,10,60000,Card,7200,72000,
INV0768,4/12/2025,Food items,Spaghetti,6000,7,42000,Card,7200,50400,
INV0769,4/12/2025,Snacks,Biscuits,5200,2,10400,Transfer,6240,12480,
INV0770,4/12/2025,Beverages,Water,1750,10,17500,Cash,2100,21000,
INV0771,4/12/2025,Snacks,Biscuits,5200,10,52000,Card,6240,62400,
INV0772,4/12/2025,Food items,Spaghetti,6000,8,48000,Transfer,7200,57600,
INV3921,4/12/2025,Food items,Bread,500,2,1000,Cash,600,1200,
INV0773,4/13/2025,Beverages,Water,1750,1,1750,Card,2100,2100,
INV0774,4/13/2025,Snacks,Chips,400,3,1200,Cash,480,1440,
INV0775,4/13/2025,Beverages,Coke,2880,10,28800,Cash,3456,34560,
INV0776,4/13/2025,Food items,Rice,48000,2,96000,Cash,57600,115200,
INV0777,4/13/2025,Snacks,Biscuits,5200,1,5200,Card,6240,6240,
INV0778,4/13/2025,Household,Shampoo,1200,8,9600,Card,1440,11520,
INV0779,4/13/2025,Snacks,Chips,400,2,800,Card,480,960,
INV0780,4/13/2025,Beverages,Pepsi,2880,10,28800,Card,3456,34560,
INV0781,4/13/2025,Snacks,Chocolate,3000,8,24000,Transfer,3600,28800,
INV2952,4/13/2025,Food items,Bread,500,8,4000,Cash,600,4800,
INV3285,4/13/2025,Dairy,Milk,9100,10,91000,Cash,10920,109200,
INV3638,4/13/2025,Food items,Tea,600,2,1200,Cash,720,1440,
INV3769,4/13/2025,Household,Soap,1700,10,17000,Card,2040,20400,
INV3825,4/13/2025,Household,Toothpaste,800,4,3200,Transfer,960,3840,
INV0782,4/14/2025,Beverages,Pepsi,2880,3,8640,Transfer,3456,10368,
INV0783,4/14/2025,Household,Detergent,6900,3,20700,Cash,8280,24840,
INV0784,4/14/2025,Snacks,Chocolate,3000,9,27000,Card,3600,32400,
INV0785,4/14/2025,Beverages,Pepsi,2880,5,14400,Transfer,3456,17280,
INV0786,4/14/2025,Snacks,Chips,400,10,4000,Card,480,4800,
INV0787,4/14/2025,Household,Toothpaste,800,2,1600,Transfer,960,1920,
INV0788,4/14/2025,Food items,Bread,500,2,1000,Card,600,1200,
INV0789,4/14/2025,Food items,Bread,500,9,4500,Card,600,5400,
INV2948,4/14/2025,Household,Soap,1700,7,11900,Transfer,2040,14280,
INV3026,4/14/2025,Food items,Coffee,1900,2,3800,Transfer,2280,4560,
INV3411,4/14/2025,Dairy,Milk,9100,8,72800,Cash,10920,87360,
INV0790,4/15/2025,Household,Detergent,6900,4,27600,Transfer,8280,33120,
INV0791,4/15/2025,Food items,Bread,500,2,1000,Transfer,600,1200,
INV0792,4/15/2025,Food items,Spaghetti,6000,10,60000,Card,7200,72000,
INV0793,4/15/2025,Household,Soap,1700,2,3400,Card,2040,4080,
INV0794,4/15/2025,Household,Toothpaste,800,9,7200,Cash,960,8640,
INV0795,4/15/2025,Beverages,Coke,2880,9,25920,Transfer,3456,31104,
INV0796,4/15/2025,Household,Soap,1700,9,15300,Transfer,2040,18360,
INV2997,4/15/2025,Food items,Rice,48000,8,384000,Cash,57600,460800,
INV0797,4/16/2025,Snacks,Biscuits,5200,10,52000,Cash,6240,62400,
INV0798,4/16/2025,Household,Detergent,6900,2,13800,Card,8280,16560,
INV0799,4/16/2025,Household,Toothpaste,800,7,5600,Transfer,960,6720,
INV0800,4/16/2025,Snacks,Biscuits,5200,10,52000,Card,6240,62400,
INV0801,4/16/2025,Food items,Rice,48000,1,48000,Cash,57600,57600,
INV0802,4/16/2025,Food items,Beans,60000,3,180000,Transfer,72000,216000,
INV0803,4/16/2025,Beverages,Fanta,2880,7,20160,Cash,3456,24192,
INV3617,4/16/2025,Household,Toothpaste,800,2,1600,Card,960,1920,
INV3810,4/16/2025,Food items,Bread,500,9,4500,Card,600,5400,
INV3941,4/16/2025,Food items,Coffee,1900,9,17100,Transfer,2280,20520,
INV0804,4/17/2025,Food items,Spaghetti,6000,1,6000,Transfer,7200,7200,
INV0805,4/17/2025,Household,Toothpaste,800,2,1600,Card,960,1920,
INV0806,4/17/2025,Beverages,Coke,2880,6,17280,Card,3456,20736,
INV0807,4/17/2025,Snacks,Chocolate,3000,3,9000,Cash,3600,10800,
INV0808,4/17/2025,Food items,Bread,500,9,4500,Card,600,5400,
INV0809,4/17/2025,Beverages,Fanta,2880,10,28800,Cash,3456,34560,
INV0810,4/17/2025,Beverages,Fanta,2880,4,11520,Cash,3456,13824,
INV0811,4/17/2025,Food items,Rice,48000,8,384000,Cash,57600,460800,
INV0812,4/17/2025,Beverages,Water,1750,10,17500,Card,2100,21000,
INV2852,4/17/2025,Dairy,Milk,9100,2,18200,Card,10920,21840,
INV3093,4/17/2025,Food items,Rice,48000,6,288000,Card,57600,345600,
INV3454,4/17/2025,Food items,Tea,600,4,2400,Transfer,720,2880,
INV3697,4/17/2025,Food items,Tea,600,5,3000,Transfer,720,3600,
INV3925,4/17/2025,Food items,Rice,48000,7,336000,Card,57600,403200,
INV0813,4/18/2025,Food items,Bread,500,9,4500,Cash,600,5400,
INV0814,4/18/2025,Food items,Beans,60000,10,600000,Card,72000,720000,
INV0815,4/18/2025,Food items,Rice,48000,3,144000,Cash,57600,172800,
INV0816,4/18/2025,Food items,Bread,500,9,4500,Card,600,5400,
INV0817,4/18/2025,Household,Detergent,6900,4,27600,Cash,8280,33120,
INV0818,4/18/2025,Food items,Rice,48000,6,288000,Transfer,57600,345600,
INV0819,4/18/2025,Food items,Bread,500,6,3000,Card,600,3600,
INV0820,4/18/2025,Household,Soap,1700,4,6800,Cash,2040,8160,
INV3007,4/18/2025,Food items,Rice,48000,3,144000,Card,57600,172800,
INV3098,4/18/2025,Household,Toothpaste,800,2,1600,Cash,960,1920,
INV3447,4/18/2025,Food items,Tea,600,6,3600,Card,720,4320,
INV3792,4/18/2025,Food items,Sugar,3600,8,28800,Card,4320,34560,
INV3809,4/18/2025,Food items,Coffee,1900,2,3800,Cash,2280,4560,
INV0821,4/19/2025,Food items,Beans,60000,3,180000,Transfer,72000,216000,
INV0822,4/19/2025,Household,Toothpaste,800,8,6400,Card,960,7680,
INV0823,4/19/2025,Beverages,Pepsi,2880,3,8640,Card,3456,10368,
INV0824,4/19/2025,Beverages,Fanta,2880,5,14400,Card,3456,17280,
INV0825,4/19/2025,Food items,Bread,500,9,4500,Card,600,5400,
INV0826,4/19/2025,Household,Soap,1700,10,17000,Card,2040,20400,
INV0827,4/19/2025,Snacks,Biscuits,5200,4,20800,Transfer,6240,24960,
INV0828,4/19/2025,Beverages,Pepsi,2880,8,23040,Transfer,3456,27648,
INV0829,4/19/2025,Snacks,Chocolate,3000,5,15000,Transfer,3600,18000,
INV0830,4/19/2025,Beverages,Water,1750,1,1750,Cash,2100,2100,
INV2908,4/19/2025,Dairy,Milk,9100,7,63700,Cash,10920,76440,
INV3504,4/19/2025,Dairy,Butter,120,4,480,Cash,144,576,
INV3640,4/19/2025,Food items,Rice,48000,8,384000,Cash,57600,460800,
INV0831,4/20/2025,Household,Toothpaste,800,4,3200,Card,960,3840,
INV0832,4/20/2025,Beverages,Fanta,2880,3,8640,Card,3456,10368,
INV0833,4/20/2025,Snacks,Biscuits,5200,6,31200,Transfer,6240,37440,
INV0834,4/20/2025,Snacks,Chips,400,8,3200,Transfer,480,3840,
INV0835,4/20/2025,Food items,Beans,60000,8,480000,Transfer,72000,576000,
INV0836,4/20/2025,Household,Toothpaste,800,8,6400,Card,960,7680,
INV3702,4/20/2025,Food items,Coffee,1900,3,5700,Transfer,2280,6840,
INV0837,4/21/2025,Beverages,Fanta,2880,3,8640,Cash,3456,10368,
INV0838,4/21/2025,Household,Detergent,6900,7,48300,Cash,8280,57960,
INV0839,4/21/2025,Beverages,Water,1750,9,15750,Cash,2100,18900,
INV0840,4/21/2025,Beverages,Water,1750,5,8750,Card,2100,10500,
INV0841,4/21/2025,Food items,Rice,48000,10,480000,Cash,57600,576000,
INV0842,4/21/2025,Food items,Bread,500,5,2500,Cash,600,3000,
INV3110,4/21/2025,Food items,Bread,500,9,4500,Transfer,600,5400,
INV3191,4/21/2025,Food items,Bread,500,10,5000,Cash,600,6000,
INV3380,4/21/2025,Dairy,Milk,9100,2,18200,Cash,10920,21840,
INV3493,4/21/2025,Dairy,Butter,120,3,360,Card,144,432,
INV3509,4/21/2025,Food items,Bread,500,9,4500,Cash,600,5400,
INV3579,4/21/2025,Food items,Sugar,3600,2,7200,Card,4320,8640,
INV3596,4/21/2025,Food items,Eggs,3300,1,3300,Cash,3960,3960,
INV3932,4/21/2025,Food items,Tea,600,7,4200,Card,720,5040,
INV0843,4/22/2025,Beverages,Water,1750,7,12250,Cash,2100,14700,
INV0844,4/22/2025,Food items,Rice,48000,6,288000,Transfer,57600,345600,
INV0845,4/22/2025,Snacks,Chocolate,3000,1,3000,Transfer,3600,3600,
INV0846,4/22/2025,Household,Toothpaste,800,3,2400,Card,960,2880,
INV0847,4/22/2025,Household,Shampoo,1200,5,6000,Transfer,1440,7200,
INV0848,4/22/2025,Beverages,Fanta,2880,6,17280,Card,3456,20736,
INV0849,4/22/2025,Food items,Beans,60000,9,540000,Cash,72000,648000,
INV0850,4/22/2025,Household,Toothpaste,800,5,4000,Transfer,960,4800,
INV0851,4/22/2025,Food items,Bread,500,9,4500,Cash,600,5400,
INV3136,4/22/2025,Household,Toothpaste,800,10,8000,Card,960,9600,
INV3566,4/22/2025,Dairy,Milk,9100,1,9100,Card,10920,10920,
INV0852,4/23/2025,Beverages,Water,1750,8,14000,Card,2100,16800,
INV0853,4/23/2025,Food items,Bread,500,2,1000,Cash,600,1200,
INV0854,4/23/2025,Snacks,Biscuits,5200,5,26000,Card,6240,31200,
INV0855,4/23/2025,Household,Detergent,6900,7,48300,Transfer,8280,57960,
INV0856,4/23/2025,Beverages,Fanta,2880,3,8640,Card,3456,10368,
INV0857,4/23/2025,Food items,Beans,60000,10,600000,Cash,72000,720000,
INV0858,4/23/2025,Beverages,Pepsi,2880,5,14400,Cash,3456,17280,
INV0859,4/23/2025,Food items,Beans,60000,5,300000,Cash,72000,360000,
INV0860,4/23/2025,Food items,Rice,48000,6,288000,Card,57600,345600,
INV2815,4/23/2025,Household,Soap,1700,2,3400,Cash,2040,4080,
INV2901,4/23/2025,Food items,Bread,500,7,3500,Card,600,4200,
INV3169,4/23/2025,Dairy,Butter,120,6,720,Transfer,144,864,
INV3548,4/23/2025,Food items,Eggs,3300,4,13200,Cash,3960,15840,
INV3748,4/23/2025,Dairy,Butter,120,9,1080,Card,144,1296,
INV3797,4/23/2025,Food items,Sugar,3600,8,28800,Cash,4320,34560,
INV0861,4/24/2025,Food items,Bread,500,2,1000,Card,600,1200,
INV0862,4/24/2025,Household,Shampoo,1200,8,9600,Transfer,1440,11520,
INV0863,4/24/2025,Household,Toothpaste,800,6,4800,Cash,960,5760,
INV0864,4/24/2025,Food items,Beans,60000,8,480000,Transfer,72000,576000,
INV0865,4/24/2025,Household,Detergent,6900,1,6900,Card,8280,8280,
INV0866,4/24/2025,Household,Shampoo,1200,3,3600,Card,1440,4320,
INV0867,4/24/2025,Snacks,Chocolate,3000,4,12000,Transfer,3600,14400,
INV0868,4/24/2025,Food items,Rice,48000,2,96000,Transfer,57600,115200,
INV0869,4/24/2025,Household,Soap,1700,3,5100,Transfer,2040,6120,
INV0870,4/24/2025,Food items,Rice,48000,10,480000,Card,57600,576000,
INV3461,4/24/2025,Food items,Eggs,3300,6,19800,Cash,3960,23760,
INV3649,4/24/2025,Household,Soap,1700,9,15300,Cash,2040,18360,
INV3808,4/24/2025,Food items,Tea,600,10,6000,Transfer,720,7200,
INV3927,4/24/2025,Food items,Tea,600,9,5400,Card,720,6480,
INV0871,4/25/2025,Household,Soap,1700,10,17000,Cash,2040,20400,
INV0872,4/25/2025,Food items,Spaghetti,6000,9,54000,Card,7200,64800,
INV0873,4/25/2025,Snacks,Biscuits,5200,5,26000,Card,6240,31200,
INV0874,4/25/2025,Snacks,Chocolate,3000,6,18000,Card,3600,21600,
INV0875,4/25/2025,Household,Shampoo,1200,3,3600,Cash,1440,4320,
INV0876,4/25/2025,Household,Soap,1700,10,17000,Card,2040,20400,
INV2874,4/25/2025,Household,Toothpaste,800,1,800,Transfer,960,960,
INV2904,4/25/2025,Food items,Sugar,3600,7,25200,Cash,4320,30240,
INV3107,4/25/2025,Food items,Rice,48000,3,144000,Transfer,57600,172800,
INV3164,4/25/2025,Food items,Coffee,1900,1,1900,Transfer,2280,2280,
INV3176,4/25/2025,Food items,Sugar,3600,1,3600,Transfer,4320,4320,
INV0877,4/26/2025,Household,Toothpaste,800,8,6400,Cash,960,7680,
INV0878,4/26/2025,Food items,Beans,60000,5,300000,Card,72000,360000,
INV0879,4/26/2025,Food items,Spaghetti,6000,3,18000,Card,7200,21600,
INV0880,4/26/2025,Food items,Bread,500,2,1000,Cash,600,1200,
INV0881,4/26/2025,Snacks,Chocolate,3000,1,3000,Cash,3600,3600,
INV3317,4/26/2025,Food items,Eggs,3300,6,19800,Cash,3960,23760,
INV3422,4/26/2025,Dairy,Milk,9100,6,54600,Transfer,10920,65520,
INV3598,4/26/2025,Food items,Eggs,3300,10,33000,Cash,3960,39600,
INV0882,4/27/2025,Beverages,Pepsi,2880,10,28800,Card,3456,34560,
INV0883,4/27/2025,Snacks,Chips,400,2,800,Cash,480,960,
INV0884,4/27/2025,Beverages,Pepsi,2880,3,8640,Card,3456,10368,
INV0885,4/27/2025,Beverages,Water,1750,4,7000,Cash,2100,8400,
INV0886,4/27/2025,Snacks,Chips,400,7,2800,Card,480,3360,
INV3122,4/27/2025,Food items,Coffee,1900,1,1900,Card,2280,2280,
INV3364,4/27/2025,Food items,Tea,600,6,3600,Cash,720,4320,
INV3452,4/27/2025,Food items,Eggs,3300,9,29700,Transfer,3960,35640,
INV3534,4/27/2025,Household,Soap,1700,10,17000,Transfer,2040,20400,
INV3619,4/27/2025,Dairy,Butter,120,1,120,Card,144,144,
INV0887,4/28/2025,Beverages,Coke,2880,2,5760,Card,3456,6912,
INV0888,4/28/2025,Snacks,Chocolate,3000,10,30000,Transfer,3600,36000,
INV0889,4/28/2025,Household,Shampoo,1200,6,7200,Transfer,1440,8640,
INV0890,4/28/2025,Beverages,Fanta,2880,4,11520,Cash,3456,13824,
INV0891,4/28/2025,Beverages,Fanta,2880,9,25920,Cash,3456,31104,
INV0892,4/28/2025,Household,Soap,1700,6,10200,Card,2040,12240,
INV0893,4/28/2025,Beverages,Coke,2880,6,17280,Cash,3456,20736,
INV0894,4/28/2025,Beverages,Water,1750,1,1750,Cash,2100,2100,
INV0895,4/28/2025,Household,Soap,1700,4,6800,Transfer,2040,8160,
INV3400,4/28/2025,Food items,Coffee,1900,10,19000,Transfer,2280,22800,
INV3401,4/28/2025,Food items,Sugar,3600,6,21600,Card,4320,25920,
INV3545,4/28/2025,Food items,Coffee,1900,9,17100,Card,2280,20520,
INV3669,4/28/2025,Food items,Bread,500,4,2000,Transfer,600,2400,
INV3811,4/28/2025,Food items,Coffee,1900,6,11400,Transfer,2280,13680,
INV0896,4/29/2025,Food items,Beans,60000,1,60000,Card,72000,72000,
INV0897,4/29/2025,Beverages,Water,1750,7,12250,Transfer,2100,14700,
INV0898,4/29/2025,Food items,Spaghetti,6000,6,36000,Card,7200,43200,
INV0899,4/29/2025,Household,Toothpaste,800,10,8000,Card,960,9600,
INV0900,4/29/2025,Beverages,Pepsi,2880,8,23040,Cash,3456,27648,
INV2841,4/29/2025,Food items,Tea,600,6,3600,Transfer,720,4320,
INV3031,4/29/2025,Food items,Coffee,1900,9,17100,Transfer,2280,20520,
INV3399,4/29/2025,Dairy,Milk,9100,7,63700,Transfer,10920,76440,
INV3442,4/29/2025,Food items,Coffee,1900,4,7600,Card,2280,9120,
INV3468,4/29/2025,Food items,Bread,500,1,500,Transfer,600,600,
INV3717,4/29/2025,Food items,Coffee,1900,8,15200,Cash,2280,18240,
INV0901,4/30/2025,Beverages,Coke,2880,2,5760,Transfer,3456,6912,
INV0902,4/30/2025,Snacks,Chocolate,3000,4,12000,Cash,3600,14400,
INV0903,4/30/2025,Household,Soap,1700,7,11900,Card,2040,14280,
INV0904,4/30/2025,Food items,Rice,48000,1,48000,Transfer,57600,57600,
INV0905,4/30/2025,Beverages,Coke,2880,1,2880,Card,3456,3456,
INV3528,4/30/2025,Food items,Rice,48000,9,432000,Transfer,57600,518400,
INV3570,4/30/2025,Food items,Bread,500,1,500,Card,600,600,
INV3800,4/30/2025,Dairy,Milk,9100,6,54600,Card,10920,65520,
INV3885,4/30/2025,Food items,Rice,48000,9,432000,Transfer,57600,518400,
INV3895,4/30/2025,Food items,Bread,500,10,5000,Card,600,6000,
INV0906,5/1/2025,Snacks,Chocolate,3000,4,12000,Transfer,3600,14400,
INV0907,5/1/2025,Household,Detergent,6900,9,62100,Cash,8280,74520,
INV0908,5/1/2025,Beverages,Pepsi,2880,1,2880,Transfer,3456,3456,
INV0909,5/1/2025,Beverages,Fanta,2880,7,20160,Transfer,3456,24192,
INV0910,5/1/2025,Food items,Rice,48000,6,288000,Card,57600,345600,
INV0911,5/1/2025,Food items,Rice,48000,9,432000,Transfer,57600,518400,
INV0912,5/1/2025,Snacks,Biscuits,5200,1,5200,Cash,6240,6240,
INV0913,5/1/2025,Beverages,Water,1750,2,3500,Card,2100,4200,
INV0914,5/1/2025,Household,Shampoo,1200,2,2400,Transfer,1440,2880,
INV3204,5/1/2025,Food items,Sugar,3600,2,7200,Card,4320,8640,
INV3574,5/1/2025,Food items,Rice,48000,6,288000,Transfer,57600,345600,
INV3881,5/1/2025,Food items,Eggs,3300,7,23100,Cash,3960,27720,
INV0915,5/2/2025,Household,Soap,1700,9,15300,Card,2040,18360,
INV0916,5/2/2025,Food items,Beans,60000,1,60000,Cash,72000,72000,
INV0917,5/2/2025,Beverages,Coke,2880,1,2880,Cash,3456,3456,
INV0918,5/2/2025,Snacks,Biscuits,5200,5,26000,Transfer,6240,31200,
INV0919,5/2/2025,Food items,Spaghetti,6000,5,30000,Card,7200,36000,
INV0920,5/2/2025,Snacks,Chips,400,4,1600,Cash,480,1920,
INV2836,5/2/2025,Household,Soap,1700,4,6800,Card,2040,8160,
INV3428,5/2/2025,Food items,Rice,48000,3,144000,Transfer,57600,172800,
INV3553,5/2/2025,Household,Toothpaste,800,1,800,Card,960,960,
INV3902,5/2/2025,Dairy,Butter,120,7,840,Card,144,1008,
INV0921,5/3/2025,Household,Soap,1700,5,8500,Transfer,2040,10200,
INV0922,5/3/2025,Household,Toothpaste,800,3,2400,Transfer,960,2880,
INV0923,5/3/2025,Snacks,Chips,400,1,400,Transfer,480,480,
INV0924,5/3/2025,Food items,Bread,500,5,2500,Card,600,3000,
INV0925,5/3/2025,Food items,Beans,60000,5,300000,Transfer,72000,360000,
INV0926,5/3/2025,Food items,Spaghetti,6000,2,12000,Card,7200,14400,
INV0927,5/3/2025,Beverages,Pepsi,2880,1,2880,Cash,3456,3456,
INV0928,5/3/2025,Food items,Beans,60000,7,420000,Card,72000,504000,
INV3383,5/3/2025,Household,Toothpaste,800,9,7200,Cash,960,8640,
INV3459,5/3/2025,Food items,Rice,48000,2,96000,Transfer,57600,115200,
INV3529,5/3/2025,Food items,Tea,600,5,3000,Transfer,720,3600,
INV3826,5/3/2025,Food items,Tea,600,6,3600,Cash,720,4320,
INV0929,5/4/2025,Beverages,Pepsi,2880,5,14400,Card,3456,17280,
INV0930,5/4/2025,Food items,Bread,500,7,3500,Transfer,600,4200,
INV0931,5/4/2025,Food items,Bread,500,2,1000,Cash,600,1200,
INV0932,5/4/2025,Food items,Spaghetti,6000,1,6000,Cash,7200,7200,
INV0933,5/4/2025,Beverages,Water,1750,1,1750,Cash,2100,2100,
INV0934,5/4/2025,Food items,Rice,48000,5,240000,Transfer,57600,288000,
INV0935,5/4/2025,Snacks,Biscuits,5200,2,10400,Transfer,6240,12480,
INV0936,5/4/2025,Food items,Rice,48000,8,384000,Cash,57600,460800,
INV2881,5/4/2025,Food items,Coffee,1900,1,1900,Transfer,2280,2280,
INV3149,5/4/2025,Food items,Eggs,3300,5,16500,Card,3960,19800,
INV3339,5/4/2025,Food items,Rice,48000,2,96000,Cash,57600,115200,
INV3581,5/4/2025,Food items,Coffee,1900,5,9500,Transfer,2280,11400,
INV0937,5/5/2025,Snacks,Biscuits,5200,5,26000,Cash,6240,31200,
INV0938,5/5/2025,Household,Detergent,6900,8,55200,Card,8280,66240,
INV0939,5/5/2025,Beverages,Water,1750,5,8750,Card,2100,10500,
INV0940,5/5/2025,Food items,Beans,60000,9,540000,Card,72000,648000,
INV0941,5/5/2025,Food items,Beans,60000,5,300000,Cash,72000,360000,
INV2923,5/5/2025,Food items,Coffee,1900,8,15200,Transfer,2280,18240,
INV3296,5/5/2025,Food items,Coffee,1900,3,5700,Cash,2280,6840,
INV3408,5/5/2025,Food items,Coffee,1900,7,13300,Card,2280,15960,
INV0942,5/6/2025,Food items,Bread,500,4,2000,Card,600,2400,
INV0943,5/6/2025,Snacks,Chips,400,10,4000,Cash,480,4800,
INV0944,5/6/2025,Food items,Bread,500,9,4500,Transfer,600,5400,
INV0945,5/6/2025,Snacks,Biscuits,5200,9,46800,Cash,6240,56160,
INV0946,5/6/2025,Food items,Spaghetti,6000,10,60000,Transfer,7200,72000,
INV0947,5/6/2025,Beverages,Fanta,2880,10,28800,Card,3456,34560,
INV0948,5/6/2025,Beverages,Water,1750,6,10500,Transfer,2100,12600,
INV0949,5/6/2025,Food items,Beans,60000,3,180000,Transfer,72000,216000,
INV3131,5/6/2025,Food items,Sugar,3600,10,36000,Cash,4320,43200,
INV3264,5/6/2025,Food items,Eggs,3300,8,26400,Transfer,3960,31680,
INV3329,5/6/2025,Food items,Bread,500,5,2500,Transfer,600,3000,
INV0950,5/7/2025,Food items,Bread,500,7,3500,Transfer,600,4200,
INV0951,5/7/2025,Household,Toothpaste,800,8,6400,Cash,960,7680,
INV0952,5/7/2025,Food items,Beans,60000,9,540000,Cash,72000,648000,
INV0953,5/7/2025,Food items,Spaghetti,6000,7,42000,Cash,7200,50400,
INV0954,5/7/2025,Food items,Bread,500,2,1000,Cash,600,1200,
INV0955,5/7/2025,Snacks,Chips,400,1,400,Transfer,480,480,
INV0956,5/7/2025,Beverages,Coke,2880,1,2880,Card,3456,3456,
INV0957,5/7/2025,Beverages,Pepsi,2880,9,25920,Cash,3456,31104,
INV0958,5/7/2025,Food items,Rice,48000,9,432000,Transfer,57600,518400,
INV0959,5/7/2025,Snacks,Biscuits,5200,9,46800,Card,6240,56160,
INV3623,5/7/2025,Dairy,Milk,9100,7,63700,Card,10920,76440,
INV3838,5/7/2025,Dairy,Milk,9100,3,27300,Cash,10920,32760,
INV0960,5/8/2025,Household,Detergent,6900,3,20700,Card,8280,24840,
INV0961,5/8/2025,Food items,Rice,48000,3,144000,Card,57600,172800,
INV0962,5/8/2025,Household,Detergent,6900,3,20700,Card,8280,24840,
INV0963,5/8/2025,Food items,Rice,48000,8,384000,Cash,57600,460800,
INV0964,5/8/2025,Food items,Rice,48000,10,480000,Card,57600,576000,
INV0965,5/8/2025,Household,Detergent,6900,7,48300,Transfer,8280,57960,
INV0966,5/8/2025,Household,Soap,1700,5,8500,Card,2040,10200,
INV3091,5/8/2025,Food items,Bread,500,2,1000,Card,600,1200,
INV3675,5/8/2025,Dairy,Milk,9100,8,72800,Card,10920,87360,
INV3853,5/8/2025,Household,Soap,1700,10,17000,Card,2040,20400,
INV3880,5/8/2025,Dairy,Milk,9100,7,63700,Cash,10920,76440,
INV0967,5/9/2025,Household,Detergent,6900,3,20700,Transfer,8280,24840,
INV0968,5/9/2025,Beverages,Coke,2880,10,28800,Transfer,3456,34560,
INV0969,5/9/2025,Food items,Bread,500,10,5000,Transfer,600,6000,
INV0970,5/9/2025,Food items,Rice,48000,1,48000,Cash,57600,57600,
INV0971,5/9/2025,Food items,Beans,60000,9,540000,Card,72000,648000,
INV0972,5/9/2025,Food items,Spaghetti,6000,9,54000,Cash,7200,64800,
INV0973,5/9/2025,Snacks,Chocolate,3000,2,6000,Card,3600,7200,
INV0974,5/9/2025,Food items,Beans,60000,3,180000,Card,72000,216000,
INV0975,5/9/2025,Household,Detergent,6900,5,34500,Cash,8280,41400,
INV0976,5/9/2025,Household,Toothpaste,800,6,4800,Cash,960,5760,
INV3114,5/9/2025,Food items,Tea,600,4,2400,Cash,720,2880,
INV3124,5/9/2025,Food items,Rice,48000,5,240000,Transfer,57600,288000,
INV3348,5/9/2025,Dairy,Milk,9100,3,27300,Transfer,10920,32760,
INV3576,5/9/2025,Food items,Rice,48000,2,96000,Transfer,57600,115200,
INV3703,5/9/2025,Household,Toothpaste,800,8,6400,Card,960,7680,
INV0977,5/10/2025,Food items,Spaghetti,6000,5,30000,Cash,7200,36000,
INV0978,5/10/2025,Snacks,Chocolate,3000,5,15000,Transfer,3600,18000,
INV0979,5/10/2025,Food items,Spaghetti,6000,1,6000,Transfer,7200,7200,
INV0980,5/10/2025,Food items,Bread,500,8,4000,Cash,600,4800,
INV0981,5/10/2025,Household,Toothpaste,800,3,2400,Cash,960,2880,
INV3345,5/10/2025,Dairy,Milk,9100,9,81900,Card,10920,98280,
INV3417,5/10/2025,Food items,Bread,500,4,2000,Card,600,2400,
INV0982,5/11/2025,Snacks,Chocolate,3000,3,9000,Transfer,3600,10800,
INV0983,5/11/2025,Beverages,Water,1750,6,10500,Cash,2100,12600,
INV0984,5/11/2025,Household,Shampoo,1200,5,6000,Cash,1440,7200,
INV0985,5/11/2025,Food items,Spaghetti,6000,9,54000,Transfer,7200,64800,
INV0986,5/11/2025,Beverages,Water,1750,7,12250,Cash,2100,14700,
INV0987,5/11/2025,Household,Detergent,6900,3,20700,Transfer,8280,24840,
INV0988,5/11/2025,Household,Shampoo,1200,2,2400,Transfer,1440,2880,
INV0989,5/11/2025,Snacks,Chocolate,3000,7,21000,Transfer,3600,25200,
INV0990,5/11/2025,Beverages,Coke,2880,7,20160,Card,3456,24192,
INV0991,5/11/2025,Household,Shampoo,1200,1,1200,Card,1440,1440,
INV3871,5/11/2025,Household,Soap,1700,1,1700,Card,2040,2040,
INV0992,5/12/2025,Food items,Bread,500,3,1500,Transfer,600,1800,
INV0993,5/12/2025,Beverages,Pepsi,2880,9,25920,Transfer,3456,31104,
INV0994,5/12/2025,Household,Toothpaste,800,10,8000,Cash,960,9600,
INV0995,5/12/2025,Food items,Rice,48000,2,96000,Transfer,57600,115200,
INV0996,5/12/2025,Household,Toothpaste,800,7,5600,Transfer,960,6720,
INV0997,5/12/2025,Food items,Spaghetti,6000,10,60000,Card,7200,72000,
INV0998,5/12/2025,Household,Detergent,6900,1,6900,Card,8280,8280,
INV0999,5/12/2025,Food items,Rice,48000,5,240000,Card,57600,288000,
INV1000,5/12/2025,Food items,Bread,500,4,2000,Cash,600,2400,
INV3106,5/12/2025,Dairy,Milk,9100,2,18200,Cash,10920,21840,
INV3144,5/12/2025,Food items,Bread,500,8,4000,Cash,600,4800,
INV3435,5/12/2025,Food items,Eggs,3300,7,23100,Card,3960,27720,
INV3939,5/12/2025,Food items,Rice,48000,1,48000,Transfer,57600,57600,
INV1001,5/13/2025,Beverages,Water,1750,6,10500,Card,2100,12600,
INV1002,5/13/2025,Snacks,Biscuits,5200,9,46800,Transfer,6240,56160,
INV1003,5/13/2025,Household,Toothpaste,800,8,6400,Card,960,7680,
INV1004,5/13/2025,Beverages,Pepsi,2880,6,17280,Cash,3456,20736,
INV1005,5/13/2025,Beverages,Fanta,2880,3,8640,Transfer,3456,10368,
INV1006,5/13/2025,Household,Soap,1700,8,13600,Cash,2040,16320,
INV1007,5/13/2025,Snacks,Chips,400,8,3200,Card,480,3840,
INV1008,5/13/2025,Household,Soap,1700,4,6800,Cash,2040,8160,
INV1009,5/13/2025,Food items,Spaghetti,6000,5,30000,Transfer,7200,36000,
INV2839,5/13/2025,Household,Toothpaste,800,1,800,Transfer,960,960,
INV3627,5/13/2025,Food items,Tea,600,8,4800,Cash,720,5760,
INV1010,5/14/2025,Household,Toothpaste,800,7,5600,Cash,960,6720,
INV1011,5/14/2025,Household,Detergent,6900,2,13800,Transfer,8280,16560,
INV1012,5/14/2025,Snacks,Chips,400,3,1200,Cash,480,1440,
INV1013,5/14/2025,Beverages,Pepsi,2880,6,17280,Card,3456,20736,
INV1014,5/14/2025,Snacks,Chocolate,3000,4,12000,Card,3600,14400,
INV1015,5/14/2025,Household,Detergent,6900,5,34500,Cash,8280,41400,
INV1016,5/14/2025,Snacks,Chips,400,5,2000,Cash,480,2400,
INV3005,5/14/2025,Food items,Bread,500,7,3500,Cash,600,4200,
INV3646,5/14/2025,Household,Toothpaste,800,10,8000,Card,960,9600,
INV3919,5/14/2025,Dairy,Milk,9100,4,36400,Card,10920,43680,
INV1017,5/15/2025,Beverages,Water,1750,2,3500,Transfer,2100,4200,
INV1018,5/15/2025,Food items,Beans,60000,8,480000,Transfer,72000,576000,
INV1019,5/15/2025,Beverages,Coke,2880,2,5760,Card,3456,6912,
INV1020,5/15/2025,Beverages,Pepsi,2880,4,11520,Card,3456,13824,
INV1021,5/15/2025,Snacks,Chips,400,3,1200,Transfer,480,1440,
INV1022,5/15/2025,Beverages,Coke,2880,2,5760,Card,3456,6912,
INV2965,5/15/2025,Food items,Coffee,1900,3,5700,Cash,2280,6840,
INV3833,5/15/2025,Household,Toothpaste,800,1,800,Transfer,960,960,
INV1023,5/16/2025,Beverages,Pepsi,2880,7,20160,Card,3456,24192,
INV1024,5/16/2025,Beverages,Water,1750,9,15750,Cash,2100,18900,
INV1025,5/16/2025,Food items,Spaghetti,6000,10,60000,Card,7200,72000,
INV1026,5/16/2025,Household,Toothpaste,800,7,5600,Card,960,6720,
INV1027,5/16/2025,Snacks,Biscuits,5200,9,46800,Transfer,6240,56160,
INV1028,5/16/2025,Beverages,Fanta,2880,1,2880,Cash,3456,3456,
INV1029,5/16/2025,Snacks,Biscuits,5200,8,41600,Transfer,6240,49920,
INV3314,5/16/2025,Household,Soap,1700,4,6800,Transfer,2040,8160,
INV3650,5/16/2025,Dairy,Butter,120,8,960,Card,144,1152,
INV3942,5/16/2025,Household,Toothpaste,800,8,6400,Transfer,960,7680,
INV1030,5/17/2025,Beverages,Fanta,2880,7,20160,Card,3456,24192,
INV1031,5/17/2025,Food items,Spaghetti,6000,10,60000,Cash,7200,72000,
INV1032,5/17/2025,Food items,Beans,60000,1,60000,Cash,72000,72000,
INV1033,5/17/2025,Snacks,Biscuits,5200,4,20800,Card,6240,24960,
INV1034,5/17/2025,Beverages,Pepsi,2880,10,28800,Card,3456,34560,
INV1035,5/17/2025,Household,Shampoo,1200,2,2400,Transfer,1440,2880,
INV1036,5/17/2025,Beverages,Pepsi,2880,6,17280,Cash,3456,20736,
INV1037,5/17/2025,Beverages,Coke,2880,2,5760,Card,3456,6912,
INV1038,5/17/2025,Snacks,Biscuits,5200,4,20800,Transfer,6240,24960,
INV3213,5/17/2025,Food items,Bread,500,1,500,Card,600,600,
INV3240,5/17/2025,Household,Soap,1700,3,5100,Cash,2040,6120,
INV3290,5/17/2025,Food items,Tea,600,3,1800,Card,720,2160,
INV3295,5/17/2025,Food items,Bread,500,8,4000,Transfer,600,4800,
INV3873,5/17/2025,Food items,Rice,48000,1,48000,Transfer,57600,57600,
INV1039,5/18/2025,Beverages,Water,1750,6,10500,Card,2100,12600,
INV1040,5/18/2025,Beverages,Coke,2880,9,25920,Card,3456,31104,
INV1041,5/18/2025,Household,Soap,1700,9,15300,Transfer,2040,18360,
INV1042,5/18/2025,Household,Toothpaste,800,10,8000,Transfer,960,9600,
INV1043,5/18/2025,Household,Detergent,6900,5,34500,Transfer,8280,41400,
INV1044,5/18/2025,Beverages,Fanta,2880,8,23040,Transfer,3456,27648,
INV1045,5/18/2025,Food items,Beans,60000,8,480000,Card,72000,576000,
INV3418,5/18/2025,Food items,Sugar,3600,4,14400,Card,4320,17280,
INV3735,5/18/2025,Food items,Tea,600,3,1800,Transfer,720,2160,
INV3756,5/18/2025,Food items,Tea,600,3,1800,Transfer,720,2160,
INV1046,5/19/2025,Beverages,Fanta,2880,5,14400,Cash,3456,17280,
INV1047,5/19/2025,Household,Toothpaste,800,5,4000,Card,960,4800,
INV1048,5/19/2025,Household,Toothpaste,800,10,8000,Transfer,960,9600,
INV1049,5/19/2025,Food items,Beans,60000,4,240000,Transfer,72000,288000,
INV1050,5/19/2025,Food items,Rice,48000,8,384000,Cash,57600,460800,
INV1051,5/19/2025,Food items,Bread,500,1,500,Card,600,600,
INV1052,5/19/2025,Snacks,Biscuits,5200,4,20800,Cash,6240,24960,
INV1053,5/19/2025,Beverages,Water,1750,2,3500,Card,2100,4200,
INV3255,5/19/2025,Food items,Bread,500,10,5000,Transfer,600,6000,
INV3429,5/19/2025,Household,Soap,1700,2,3400,Cash,2040,4080,
INV1054,5/20/2025,Beverages,Fanta,2880,2,5760,Cash,3456,6912,
INV1055,5/20/2025,Food items,Bread,500,7,3500,Cash,600,4200,
INV1056,5/20/2025,Beverages,Coke,2880,6,17280,Transfer,3456,20736,
INV1057,5/20/2025,Household,Toothpaste,800,6,4800,Card,960,5760,
INV1058,5/20/2025,Household,Soap,1700,8,13600,Cash,2040,16320,
INV1059,5/20/2025,Household,Soap,1700,1,1700,Transfer,2040,2040,
INV2770,5/20/2025,Household,Soap,1700,10,17000,Cash,2040,20400,
INV2867,5/20/2025,Dairy,Butter,120,3,360,Transfer,144,432,
INV3564,5/20/2025,Food items,Rice,48000,8,384000,Cash,57600,460800,
INV1060,5/21/2025,Snacks,Chips,400,8,3200,Cash,480,3840,
INV1061,5/21/2025,Snacks,Biscuits,5200,8,41600,Transfer,6240,49920,
INV1062,5/21/2025,Food items,Bread,500,1,500,Cash,600,600,
INV1063,5/21/2025,Beverages,Water,1750,7,12250,Card,2100,14700,
INV1064,5/21/2025,Household,Shampoo,1200,8,9600,Transfer,1440,11520,
INV1065,5/21/2025,Household,Shampoo,1200,9,10800,Transfer,1440,12960,
INV1066,5/21/2025,Household,Toothpaste,800,10,8000,Cash,960,9600,
INV1067,5/21/2025,Snacks,Chocolate,3000,9,27000,Card,3600,32400,
INV1068,5/21/2025,Beverages,Coke,2880,9,25920,Card,3456,31104,
INV1069,5/21/2025,Beverages,Coke,2880,8,23040,Card,3456,27648,
INV3331,5/21/2025,Food items,Eggs,3300,1,3300,Cash,3960,3960,
INV3857,5/21/2025,Dairy,Butter,120,8,960,Card,144,1152,
INV3937,5/21/2025,Food items,Coffee,1900,3,5700,Cash,2280,6840,
INV1070,5/22/2025,Snacks,Biscuits,5200,1,5200,Transfer,6240,6240,
INV1071,5/22/2025,Household,Soap,1700,2,3400,Cash,2040,4080,
INV1072,5/22/2025,Food items,Bread,500,10,5000,Card,600,6000,
INV1073,5/22/2025,Household,Shampoo,1200,3,3600,Card,1440,4320,
INV1074,5/22/2025,Beverages,Fanta,2880,7,20160,Cash,3456,24192,
INV1075,5/22/2025,Beverages,Water,1750,4,7000,Transfer,2100,8400,
INV2927,5/22/2025,Household,Soap,1700,10,17000,Transfer,2040,20400,
INV3048,5/22/2025,Dairy,Butter,120,3,360,Cash,144,432,
INV3074,5/22/2025,Food items,Eggs,3300,3,9900,Card,3960,11880,
INV3100,5/22/2025,Food items,Bread,500,2,1000,Transfer,600,1200,
INV3652,5/22/2025,Food items,Eggs,3300,2,6600,Card,3960,7920,
INV1076,5/23/2025,Household,Detergent,6900,10,69000,Cash,8280,82800,
INV1077,5/23/2025,Beverages,Water,1750,6,10500,Transfer,2100,12600,
INV1078,5/23/2025,Food items,Rice,48000,4,192000,Transfer,57600,230400,
INV1079,5/23/2025,Household,Soap,1700,10,17000,Cash,2040,20400,
INV1080,5/23/2025,Household,Toothpaste,800,5,4000,Cash,960,4800,
INV3824,5/23/2025,Dairy,Butter,120,9,1080,Transfer,144,1296,
INV3929,5/23/2025,Food items,Eggs,3300,10,33000,Cash,3960,39600,
INV1081,5/24/2025,Food items,Rice,48000,5,240000,Card,57600,288000,
INV1082,5/24/2025,Household,Soap,1700,8,13600,Cash,2040,16320,
INV1083,5/24/2025,Household,Shampoo,1200,9,10800,Card,1440,12960,
INV1084,5/24/2025,Household,Soap,1700,5,8500,Transfer,2040,10200,
INV1085,5/24/2025,Food items,Rice,48000,5,240000,Transfer,57600,288000,
INV1086,5/24/2025,Food items,Rice,48000,6,288000,Transfer,57600,345600,
INV1087,5/24/2025,Household,Detergent,6900,7,48300,Card,8280,57960,
INV1088,5/24/2025,Food items,Rice,48000,2,96000,Cash,57600,115200,
INV1089,5/24/2025,Beverages,Pepsi,2880,6,17280,Cash,3456,20736,
INV1090,5/24/2025,Household,Soap,1700,4,6800,Card,2040,8160,
INV3079,5/24/2025,Food items,Sugar,3600,2,7200,Transfer,4320,8640,
INV3508,5/24/2025,Food items,Bread,500,5,2500,Transfer,600,3000,
INV1091,5/25/2025,Food items,Rice,48000,6,288000,Cash,57600,345600,
INV1092,5/25/2025,Beverages,Pepsi,2880,10,28800,Cash,3456,34560,
INV1093,5/25/2025,Snacks,Chips,400,7,2800,Cash,480,3360,
INV1094,5/25/2025,Food items,Rice,48000,3,144000,Card,57600,172800,
INV1095,5/25/2025,Snacks,Chocolate,3000,2,6000,Transfer,3600,7200,
INV1096,5/25/2025,Household,Detergent,6900,7,48300,Cash,8280,57960,
INV1097,5/25/2025,Food items,Beans,60000,1,60000,Cash,72000,72000,
INV1098,5/25/2025,Food items,Bread,500,8,4000,Cash,600,4800,
INV3409,5/25/2025,Food items,Tea,600,7,4200,Transfer,720,5040,
INV3772,5/25/2025,Food items,Bread,500,10,5000,Card,600,6000,
INV1099,5/26/2025,Snacks,Chips,400,7,2800,Card,480,3360,
INV1100,5/26/2025,Snacks,Chocolate,3000,7,21000,Cash,3600,25200,
INV1101,5/26/2025,Household,Detergent,6900,8,55200,Transfer,8280,66240,
INV1102,5/26/2025,Beverages,Fanta,2880,5,14400,Cash,3456,17280,
INV1103,5/26/2025,Beverages,Water,1750,10,17500,Card,2100,21000,
INV1104,5/26/2025,Food items,Bread,500,1,500,Transfer,600,600,
INV1105,5/26/2025,Beverages,Coke,2880,4,11520,Cash,3456,13824,
INV1106,5/26/2025,Snacks,Chips,400,9,3600,Card,480,4320,
INV1107,5/26/2025,Snacks,Chocolate,3000,4,12000,Transfer,3600,14400,
INV1108,5/26/2025,Snacks,Chips,400,7,2800,Cash,480,3360,
INV2796,5/26/2025,Food items,Eggs,3300,8,26400,Card,3960,31680,
INV2943,5/26/2025,Household,Soap,1700,1,1700,Transfer,2040,2040,
INV3019,5/26/2025,Food items,Sugar,3600,4,14400,Card,4320,17280,
INV1109,5/27/2025,Food items,Rice,48000,7,336000,Cash,57600,403200,
INV1110,5/27/2025,Household,Shampoo,1200,8,9600,Card,1440,11520,
INV1111,5/27/2025,Household,Shampoo,1200,10,12000,Cash,1440,14400,
INV1112,5/27/2025,Snacks,Chocolate,3000,3,9000,Card,3600,10800,
INV1113,5/27/2025,Snacks,Chocolate,3000,8,24000,Transfer,3600,28800,
INV1114,5/27/2025,Beverages,Pepsi,2880,2,5760,Transfer,3456,6912,
INV1115,5/27/2025,Beverages,Water,1750,9,15750,Cash,2100,18900,
INV1116,5/27/2025,Snacks,Biscuits,5200,5,26000,Transfer,6240,31200,
INV1117,5/27/2025,Household,Soap,1700,8,13600,Card,2040,16320,
INV1118,5/27/2025,Food items,Rice,48000,9,432000,Transfer,57600,518400,
INV2982,5/27/2025,Dairy,Milk,9100,1,9100,Cash,10920,10920,
INV3587,5/27/2025,Food items,Bread,500,1,500,Card,600,600,
INV3751,5/27/2025,Food items,Bread,500,2,1000,Cash,600,1200,
INV3914,5/27/2025,Food items,Eggs,3300,7,23100,Card,3960,27720,
INV1119,5/28/2025,Household,Soap,1700,6,10200,Cash,2040,12240,
INV1120,5/28/2025,Snacks,Chocolate,3000,6,18000,Cash,3600,21600,
INV1121,5/28/2025,Beverages,Water,1750,7,12250,Transfer,2100,14700,
INV1122,5/28/2025,Household,Soap,1700,5,8500,Transfer,2040,10200,
INV1123,5/28/2025,Snacks,Chocolate,3000,4,12000,Cash,3600,14400,
INV1124,5/28/2025,Household,Soap,1700,3,5100,Card,2040,6120,
INV1125,5/28/2025,Beverages,Pepsi,2880,6,17280,Card,3456,20736,
INV1126,5/28/2025,Household,Shampoo,1200,4,4800,Transfer,1440,5760,
INV1127,5/28/2025,Beverages,Pepsi,2880,2,5760,Card,3456,6912,
INV1128,5/28/2025,Snacks,Chips,400,9,3600,Card,480,4320,
INV3178,5/28/2025,Food items,Coffee,1900,4,7600,Transfer,2280,9120,
INV3437,5/28/2025,Food items,Eggs,3300,2,6600,Transfer,3960,7920,
INV1129,5/29/2025,Food items,Spaghetti,6000,10,60000,Card,7200,72000,
INV1130,5/29/2025,Beverages,Pepsi,2880,1,2880,Transfer,3456,3456,
INV1131,5/29/2025,Snacks,Chips,400,3,1200,Cash,480,1440,
INV1132,5/29/2025,Snacks,Chocolate,3000,6,18000,Cash,3600,21600,
INV1133,5/29/2025,Food items,Rice,48000,6,288000,Cash,57600,345600,
INV1134,5/29/2025,Beverages,Water,1750,1,1750,Cash,2100,2100,
INV2833,5/29/2025,Food items,Sugar,3600,6,21600,Card,4320,25920,
INV1135,5/30/2025,Snacks,Biscuits,5200,4,20800,Cash,6240,24960,
INV1136,5/30/2025,Snacks,Chocolate,3000,10,30000,Cash,3600,36000,
INV1137,5/30/2025,Beverages,Coke,2880,10,28800,Transfer,3456,34560,
INV1138,5/30/2025,Snacks,Chips,400,4,1600,Transfer,480,1920,
INV1139,5/30/2025,Snacks,Chocolate,3000,2,6000,Transfer,3600,7200,
INV1140,5/30/2025,Food items,Bread,500,8,4000,Card,600,4800,
INV1141,5/30/2025,Household,Soap,1700,7,11900,Cash,2040,14280,
INV3066,5/30/2025,Household,Toothpaste,800,6,4800,Transfer,960,5760,
INV3360,5/30/2025,Household,Soap,1700,4,6800,Cash,2040,8160,
INV3860,5/30/2025,Food items,Bread,500,6,3000,Transfer,600,3600,
INV1142,5/31/2025,Snacks,Chocolate,3000,4,12000,Transfer,3600,14400,
INV1143,5/31/2025,Household,Detergent,6900,7,48300,Card,8280,57960,
INV1144,5/31/2025,Food items,Rice,48000,10,480000,Cash,57600,576000,
INV1145,5/31/2025,Household,Soap,1700,3,5100,Cash,2040,6120,
INV1146,5/31/2025,Beverages,Pepsi,2880,7,20160,Card,3456,24192,
INV1147,5/31/2025,Snacks,Chips,400,10,4000,Cash,480,4800,
INV1148,5/31/2025,Snacks,Chocolate,3000,6,18000,Card,3600,21600,
INV1149,6/1/2025,Beverages,Fanta,2880,5,14400,Cash,3456,17280,
INV1150,6/1/2025,Household,Shampoo,1200,5,6000,Card,1440,7200,
INV1151,6/1/2025,Beverages,Coke,2880,1,2880,Card,3456,3456,
INV1152,6/1/2025,Household,Soap,1700,5,8500,Cash,2040,10200,
INV1153,6/1/2025,Beverages,Coke,2880,1,2880,Card,3456,3456,
INV1154,6/1/2025,Beverages,Fanta,2880,1,2880,Card,3456,3456,
INV1155,6/1/2025,Food items,Bread,500,2,1000,Card,600,1200,
INV2891,6/1/2025,Food items,Rice,48000,7,336000,Transfer,57600,403200,
INV3513,6/1/2025,Food items,Bread,500,10,5000,Card,600,6000,
INV1156,6/2/2025,Beverages,Fanta,2880,8,23040,Cash,3456,27648,
INV1157,6/2/2025,Snacks,Chocolate,3000,7,21000,Card,3600,25200,
INV1158,6/2/2025,Food items,Bread,500,5,2500,Transfer,600,3000,
INV1159,6/2/2025,Snacks,Chips,400,2,800,Cash,480,960,
INV1160,6/2/2025,Snacks,Chips,400,1,400,Cash,480,480,
INV2847,6/2/2025,Food items,Tea,600,3,1800,Transfer,720,2160,
INV1161,6/3/2025,Food items,Rice,48000,3,144000,Cash,57600,172800,
INV1162,6/3/2025,Beverages,Coke,2880,2,5760,Card,3456,6912,
INV1163,6/3/2025,Snacks,Chips,400,3,1200,Card,480,1440,
INV1164,6/3/2025,Snacks,Chips,400,3,1200,Cash,480,1440,
INV1165,6/3/2025,Beverages,Fanta,2880,7,20160,Transfer,3456,24192,
INV1166,6/3/2025,Household,Detergent,6900,7,48300,Transfer,8280,57960,
INV1167,6/3/2025,Beverages,Pepsi,2880,5,14400,Card,3456,17280,
INV1168,6/3/2025,Snacks,Chips,400,5,2000,Cash,480,2400,
INV1169,6/3/2025,Food items,Bread,500,7,3500,Cash,600,4200,
INV3434,6/3/2025,Food items,Coffee,1900,8,15200,Transfer,2280,18240,
INV3845,6/3/2025,Household,Toothpaste,800,8,6400,Cash,960,7680,
INV1170,6/4/2025,Household,Toothpaste,800,7,5600,Card,960,6720,
INV1171,6/4/2025,Food items,Bread,500,7,3500,Transfer,600,4200,
INV1172,6/4/2025,Food items,Bread,500,9,4500,Card,600,5400,
INV1173,6/4/2025,Food items,Bread,500,6,3000,Transfer,600,3600,
INV1174,6/4/2025,Snacks,Chips,400,2,800,Cash,480,960,
INV1175,6/4/2025,Beverages,Water,1750,3,5250,Cash,2100,6300,
INV1176,6/4/2025,Snacks,Biscuits,5200,4,20800,Card,6240,24960,
INV1177,6/4/2025,Snacks,Biscuits,5200,3,15600,Cash,6240,18720,
INV1178,6/4/2025,Snacks,Chocolate,3000,6,18000,Card,3600,21600,
INV1179,6/4/2025,Food items,Spaghetti,6000,7,42000,Transfer,7200,50400,
INV2753,6/4/2025,Food items,Coffee,1900,3,5700,Card,2280,6840,
INV3370,6/4/2025,Household,Toothpaste,800,8,6400,Transfer,960,7680,
INV3557,6/4/2025,Food items,Coffee,1900,4,7600,Cash,2280,9120,
INV3663,6/4/2025,Dairy,Butter,120,9,1080,Cash,144,1296,
INV1180,6/5/2025,Household,Shampoo,1200,10,12000,Card,1440,14400,
INV1181,6/5/2025,Snacks,Biscuits,5200,10,52000,Cash,6240,62400,
INV1182,6/5/2025,Household,Detergent,6900,2,13800,Cash,8280,16560,
INV1183,6/5/2025,Household,Shampoo,1200,8,9600,Card,1440,11520,
INV1184,6/5/2025,Food items,Rice,48000,6,288000,Cash,57600,345600,
INV1185,6/5/2025,Household,Detergent,6900,8,55200,Card,8280,66240,
INV1186,6/5/2025,Household,Soap,1700,4,6800,Cash,2040,8160,
INV2757,6/5/2025,Household,Soap,1700,6,10200,Transfer,2040,12240,
INV3197,6/5/2025,Food items,Eggs,3300,9,29700,Transfer,3960,35640,
INV3813,6/5/2025,Household,Toothpaste,800,5,4000,Cash,960,4800,
INV1187,6/6/2025,Snacks,Chips,400,10,4000,Cash,480,4800,
INV1188,6/6/2025,Beverages,Water,1750,9,15750,Cash,2100,18900,
INV1189,6/6/2025,Food items,Rice,48000,3,144000,Transfer,57600,172800,
INV1190,6/6/2025,Household,Soap,1700,7,11900,Cash,2040,14280,
INV1191,6/6/2025,Food items,Bread,500,9,4500,Cash,600,5400,
INV1192,6/6/2025,Beverages,Pepsi,2880,9,25920,Transfer,3456,31104,
INV1193,6/6/2025,Food items,Rice,48000,1,48000,Cash,57600,57600,
INV1194,6/6/2025,Beverages,Fanta,2880,5,14400,Transfer,3456,17280,
INV1195,6/6/2025,Beverages,Pepsi,2880,4,11520,Transfer,3456,13824,
INV2840,6/6/2025,Food items,Rice,48000,3,144000,Cash,57600,172800,
INV3023,6/6/2025,Food items,Eggs,3300,1,3300,Transfer,3960,3960,
INV3163,6/6/2025,Dairy,Milk,9100,9,81900,Cash,10920,98280,
INV3171,6/6/2025,Food items,Eggs,3300,5,16500,Transfer,3960,19800,
INV3323,6/6/2025,Dairy,Butter,120,1,120,Transfer,144,144,
INV3456,6/6/2025,Food items,Tea,600,3,1800,Card,720,2160,
INV3903,6/6/2025,Household,Toothpaste,800,3,2400,Cash,960,2880,
INV1196,6/7/2025,Snacks,Biscuits,5200,1,5200,Cash,6240,6240,
INV1197,6/7/2025,Food items,Spaghetti,6000,9,54000,Cash,7200,64800,
INV1198,6/7/2025,Food items,Spaghetti,6000,1,6000,Cash,7200,7200,
INV1199,6/7/2025,Beverages,Pepsi,2880,5,14400,Card,3456,17280,
INV1200,6/7/2025,Food items,Beans,60000,2,120000,Card,72000,144000,
INV1201,6/7/2025,Beverages,Fanta,2880,3,8640,Transfer,3456,10368,
INV3443,6/7/2025,Food items,Tea,600,6,3600,Card,720,4320,
INV3866,6/7/2025,Food items,Sugar,3600,7,25200,Cash,4320,30240,
INV1202,6/8/2025,Household,Shampoo,1200,2,2400,Cash,1440,2880,
INV1203,6/8/2025,Household,Detergent,6900,9,62100,Card,8280,74520,
INV1204,6/8/2025,Snacks,Chips,400,4,1600,Cash,480,1920,
INV1205,6/8/2025,Food items,Beans,60000,2,120000,Cash,72000,144000,
INV1206,6/8/2025,Food items,Bread,500,6,3000,Cash,600,3600,
INV1207,6/8/2025,Snacks,Chips,400,2,800,Transfer,480,960,
INV2871,6/8/2025,Food items,Coffee,1900,10,19000,Card,2280,22800,
INV2883,6/8/2025,Household,Toothpaste,800,10,8000,Transfer,960,9600,
INV2896,6/8/2025,Dairy,Butter,120,2,240,Card,144,288,
INV3830,6/8/2025,Food items,Bread,500,4,2000,Card,600,2400,
INV3869,6/8/2025,Food items,Rice,48000,8,384000,Transfer,57600,460800,
INV1208,6/9/2025,Household,Detergent,6900,4,27600,Cash,8280,33120,
INV1209,6/9/2025,Household,Toothpaste,800,10,8000,Cash,960,9600,
INV1210,6/9/2025,Snacks,Chocolate,3000,6,18000,Transfer,3600,21600,
INV1211,6/9/2025,Snacks,Chocolate,3000,8,24000,Card,3600,28800,
INV1212,6/9/2025,Beverages,Fanta,2880,1,2880,Transfer,3456,3456,
INV1213,6/9/2025,Food items,Spaghetti,6000,2,12000,Card,7200,14400,
INV1214,6/9/2025,Household,Shampoo,1200,2,2400,Cash,1440,2880,
INV2979,6/9/2025,Food items,Eggs,3300,5,16500,Transfer,3960,19800,
INV3253,6/9/2025,Dairy,Butter,120,6,720,Transfer,144,864,
INV1215,6/10/2025,Household,Detergent,6900,8,55200,Cash,8280,66240,
INV1216,6/10/2025,Beverages,Water,1750,1,1750,Transfer,2100,2100,
INV1217,6/10/2025,Household,Soap,1700,5,8500,Transfer,2040,10200,
INV1218,6/10/2025,Snacks,Biscuits,5200,10,52000,Card,6240,62400,
INV1219,6/10/2025,Household,Detergent,6900,6,41400,Transfer,8280,49680,
INV1220,6/10/2025,Beverages,Fanta,2880,9,25920,Card,3456,31104,
INV1221,6/10/2025,Household,Toothpaste,800,2,1600,Card,960,1920,
INV1222,6/10/2025,Beverages,Pepsi,2880,7,20160,Cash,3456,24192,
INV1223,6/10/2025,Snacks,Chips,400,10,4000,Card,480,4800,
INV3029,6/10/2025,Food items,Tea,600,9,5400,Cash,720,6480,
INV3130,6/10/2025,Food items,Tea,600,8,4800,Transfer,720,5760,
INV3194,6/10/2025,Dairy,Milk,9100,6,54600,Cash,10920,65520,
INV1224,6/11/2025,Food items,Rice,48000,1,48000,Cash,57600,57600,
INV1225,6/11/2025,Beverages,Coke,2880,10,28800,Transfer,3456,34560,
INV1226,6/11/2025,Food items,Beans,60000,5,300000,Card,72000,360000,
INV1227,6/11/2025,Beverages,Coke,2880,1,2880,Card,3456,3456,
INV1228,6/11/2025,Snacks,Chocolate,3000,6,18000,Cash,3600,21600,
INV1229,6/11/2025,Food items,Bread,500,2,1000,Card,600,1200,
INV1230,6/11/2025,Food items,Spaghetti,6000,1,6000,Cash,7200,7200,
INV1231,6/11/2025,Snacks,Biscuits,5200,4,20800,Cash,6240,24960,
INV2792,6/11/2025,Dairy,Milk,9100,5,45500,Cash,10920,54600,
INV3046,6/11/2025,Food items,Tea,600,4,2400,Transfer,720,2880,
INV3125,6/11/2025,Food items,Bread,500,1,500,Cash,600,600,
INV1232,6/12/2025,Food items,Rice,48000,2,96000,Card,57600,115200,
INV1233,6/12/2025,Beverages,Coke,2880,6,17280,Transfer,3456,20736,
INV1234,6/12/2025,Food items,Bread,500,7,3500,Transfer,600,4200,
INV1235,6/12/2025,Household,Shampoo,1200,2,2400,Transfer,1440,2880,
INV1236,6/12/2025,Household,Shampoo,1200,3,3600,Cash,1440,4320,
INV1237,6/12/2025,Snacks,Biscuits,5200,7,36400,Card,6240,43680,
INV3086,6/12/2025,Dairy,Milk,9100,9,81900,Card,10920,98280,
INV3913,6/12/2025,Food items,Rice,48000,2,96000,Transfer,57600,115200,
INV3931,6/12/2025,Household,Toothpaste,800,2,1600,Cash,960,1920,
INV1238,6/13/2025,Beverages,Coke,2880,6,17280,Transfer,3456,20736,
INV1239,6/13/2025,Household,Soap,1700,10,17000,Transfer,2040,20400,
INV1240,6/13/2025,Food items,Beans,60000,4,240000,Cash,72000,288000,
INV1241,6/13/2025,Beverages,Pepsi,2880,8,23040,Card,3456,27648,
INV1242,6/13/2025,Food items,Spaghetti,6000,6,36000,Card,7200,43200,
INV1243,6/13/2025,Beverages,Coke,2880,4,11520,Cash,3456,13824,
INV1244,6/13/2025,Household,Detergent,6900,1,6900,Transfer,8280,8280,
INV3067,6/13/2025,Food items,Coffee,1900,9,17100,Cash,2280,20520,
INV3105,6/13/2025,Food items,Rice,48000,10,480000,Transfer,57600,576000,
INV3269,6/13/2025,Food items,Sugar,3600,4,14400,Cash,4320,17280,
INV3367,6/13/2025,Dairy,Butter,120,5,600,Card,144,720,
INV1245,6/14/2025,Household,Shampoo,1200,8,9600,Cash,1440,11520,
INV1246,6/14/2025,Household,Detergent,6900,3,20700,Transfer,8280,24840,
INV1247,6/14/2025,Beverages,Water,1750,5,8750,Transfer,2100,10500,
INV1248,6/14/2025,Household,Toothpaste,800,7,5600,Card,960,6720,
INV1249,6/14/2025,Snacks,Chips,400,7,2800,Transfer,480,3360,
INV1250,6/14/2025,Snacks,Chocolate,3000,8,24000,Card,3600,28800,
INV1251,6/14/2025,Beverages,Fanta,2880,1,2880,Transfer,3456,3456,
INV3099,6/14/2025,Food items,Tea,600,2,1200,Card,720,1440,
INV3664,6/14/2025,Food items,Rice,48000,8,384000,Cash,57600,460800,
INV3668,6/14/2025,Food items,Coffee,1900,6,11400,Transfer,2280,13680,
INV1252,6/15/2025,Beverages,Water,1750,9,15750,Transfer,2100,18900,
INV1253,6/15/2025,Food items,Beans,60000,9,540000,Transfer,72000,648000,
INV1254,6/15/2025,Household,Soap,1700,10,17000,Card,2040,20400,
INV1255,6/15/2025,Household,Toothpaste,800,5,4000,Card,960,4800,
INV1256,6/15/2025,Food items,Beans,60000,6,360000,Card,72000,432000,
INV1257,6/15/2025,Snacks,Biscuits,5200,7,36400,Transfer,6240,43680,
INV1258,6/15/2025,Snacks,Chips,400,1,400,Transfer,480,480,
INV1259,6/15/2025,Beverages,Water,1750,3,5250,Cash,2100,6300,
INV1260,6/15/2025,Food items,Rice,48000,5,240000,Cash,57600,288000,
INV2751,6/15/2025,Household,Toothpaste,800,7,5600,Cash,960,6720,
INV2884,6/15/2025,Food items,Tea,600,2,1200,Card,720,1440,
INV3397,6/15/2025,Food items,Sugar,3600,6,21600,Card,4320,25920,
INV1261,6/16/2025,Household,Detergent,6900,2,13800,Card,8280,16560,
INV1262,6/16/2025,Food items,Spaghetti,6000,9,54000,Cash,7200,64800,
INV1263,6/16/2025,Food items,Bread,500,5,2500,Card,600,3000,
INV1264,6/16/2025,Snacks,Chips,400,3,1200,Card,480,1440,
INV1265,6/16/2025,Household,Toothpaste,800,9,7200,Cash,960,8640,
INV1266,6/16/2025,Household,Soap,1700,4,6800,Cash,2040,8160,
INV1267,6/16/2025,Beverages,Pepsi,2880,8,23040,Transfer,3456,27648,
INV1268,6/16/2025,Food items,Bread,500,4,2000,Card,600,2400,
INV1269,6/16/2025,Household,Soap,1700,5,8500,Card,2040,10200,
INV2787,6/16/2025,Dairy,Butter,120,9,1080,Transfer,144,1296,
INV2951,6/16/2025,Food items,Tea,600,2,1200,Card,720,1440,
INV3718,6/16/2025,Food items,Tea,600,8,4800,Card,720,5760,
INV3784,6/16/2025,Food items,Eggs,3300,3,9900,Card,3960,11880,
INV1270,6/17/2025,Snacks,Biscuits,5200,8,41600,Card,6240,49920,
INV1271,6/17/2025,Household,Soap,1700,3,5100,Cash,2040,6120,
INV1272,6/17/2025,Household,Soap,1700,10,17000,Cash,2040,20400,
INV1273,6/17/2025,Household,Shampoo,1200,10,12000,Transfer,1440,14400,
INV1274,6/17/2025,Beverages,Coke,2880,1,2880,Card,3456,3456,
INV1275,6/17/2025,Beverages,Coke,2880,1,2880,Transfer,3456,3456,
INV1276,6/17/2025,Snacks,Chocolate,3000,7,21000,Card,3600,25200,
INV1277,6/17/2025,Household,Detergent,6900,3,20700,Card,8280,24840,
INV2807,6/17/2025,Dairy,Butter,120,2,240,Card,144,288,
INV2910,6/17/2025,Food items,Sugar,3600,8,28800,Cash,4320,34560,
INV3167,6/17/2025,Dairy,Butter,120,4,480,Card,144,576,
INV3186,6/17/2025,Food items,Rice,48000,6,288000,Transfer,57600,345600,
INV3248,6/17/2025,Food items,Eggs,3300,3,9900,Transfer,3960,11880,
INV3362,6/17/2025,Dairy,Butter,120,5,600,Cash,144,720,
INV3592,6/17/2025,Food items,Rice,48000,8,384000,Transfer,57600,460800,
INV3840,6/17/2025,Food items,Sugar,3600,3,10800,Cash,4320,12960,
INV3909,6/17/2025,Food items,Coffee,1900,10,19000,Card,2280,22800,
INV1278,6/18/2025,Household,Soap,1700,6,10200,Transfer,2040,12240,
INV1279,6/18/2025,Household,Detergent,6900,1,6900,Card,8280,8280,
INV1280,6/18/2025,Household,Soap,1700,10,17000,Cash,2040,20400,
INV1281,6/18/2025,Household,Toothpaste,800,6,4800,Card,960,5760,
INV1282,6/18/2025,Household,Shampoo,1200,9,10800,Card,1440,12960,
INV1283,6/18/2025,Household,Soap,1700,10,17000,Cash,2040,20400,
INV3628,6/18/2025,Dairy,Milk,9100,8,72800,Cash,10920,87360,
INV3795,6/18/2025,Food items,Sugar,3600,2,7200,Transfer,4320,8640,
INV1284,6/19/2025,Food items,Bread,500,7,3500,Transfer,600,4200,
INV1285,6/19/2025,Household,Toothpaste,800,5,4000,Cash,960,4800,
INV1286,6/19/2025,Household,Soap,1700,10,17000,Card,2040,20400,
INV1287,6/19/2025,Beverages,Water,1750,3,5250,Transfer,2100,6300,
INV1288,6/19/2025,Beverages,Pepsi,2880,8,23040,Cash,3456,27648,
INV1289,6/19/2025,Food items,Spaghetti,6000,7,42000,Cash,7200,50400,
INV1290,6/19/2025,Food items,Beans,60000,5,300000,Cash,72000,360000,
INV1291,6/19/2025,Food items,Rice,48000,7,336000,Cash,57600,403200,
INV3133,6/19/2025,Household,Toothpaste,800,5,4000,Cash,960,4800,
INV3407,6/19/2025,Food items,Rice,48000,9,432000,Transfer,57600,518400,
INV3721,6/19/2025,Dairy,Butter,120,5,600,Card,144,720,
INV1292,6/20/2025,Snacks,Biscuits,5200,10,52000,Cash,6240,62400,
INV1293,6/20/2025,Household,Soap,1700,4,6800,Transfer,2040,8160,
INV1294,6/20/2025,Household,Detergent,6900,7,48300,Card,8280,57960,
INV1295,6/20/2025,Beverages,Coke,2880,1,2880,Transfer,3456,3456,
INV1296,6/20/2025,Snacks,Chips,400,2,800,Cash,480,960,
INV1297,6/20/2025,Food items,Rice,48000,1,48000,Card,57600,57600,
INV1298,6/20/2025,Beverages,Pepsi,2880,6,17280,Card,3456,20736,
INV1299,6/20/2025,Food items,Spaghetti,6000,10,60000,Cash,7200,72000,
INV2972,6/20/2025,Household,Toothpaste,800,8,6400,Cash,960,7680,
INV3776,6/20/2025,Food items,Bread,500,1,500,Transfer,600,600,
INV3819,6/20/2025,Food items,Coffee,1900,6,11400,Card,2280,13680,
INV1300,6/21/2025,Food items,Bread,500,5,2500,Transfer,600,3000,
INV1301,6/21/2025,Food items,Rice,48000,6,288000,Cash,57600,345600,
INV1302,6/21/2025,Beverages,Pepsi,2880,4,11520,Card,3456,13824,
INV1303,6/21/2025,Household,Detergent,6900,9,62100,Cash,8280,74520,
INV1304,6/21/2025,Food items,Bread,500,9,4500,Card,600,5400,
INV1305,6/21/2025,Household,Soap,1700,2,3400,Cash,2040,4080,
INV1306,6/21/2025,Food items,Beans,60000,4,240000,Cash,72000,288000,
INV1307,6/21/2025,Food items,Bread,500,9,4500,Transfer,600,5400,
INV2873,6/21/2025,Dairy,Butter,120,3,360,Transfer,144,432,
INV3049,6/21/2025,Household,Toothpaste,800,8,6400,Card,960,7680,
INV1308,6/22/2025,Household,Shampoo,1200,3,3600,Cash,1440,4320,
INV1309,6/22/2025,Household,Shampoo,1200,6,7200,Cash,1440,8640,
INV1310,6/22/2025,Beverages,Pepsi,2880,2,5760,Card,3456,6912,
INV1311,6/22/2025,Household,Toothpaste,800,10,8000,Card,960,9600,
INV1312,6/22/2025,Household,Soap,1700,3,5100,Cash,2040,6120,
INV1313,6/22/2025,Food items,Bread,500,4,2000,Transfer,600,2400,
INV1314,6/22/2025,Household,Toothpaste,800,8,6400,Cash,960,7680,
INV2789,6/22/2025,Food items,Coffee,1900,4,7600,Transfer,2280,9120,
INV2886,6/22/2025,Food items,Coffee,1900,7,13300,Card,2280,15960,
INV2920,6/22/2025,Household,Toothpaste,800,6,4800,Cash,960,5760,
INV3182,6/22/2025,Dairy,Milk,9100,8,72800,Transfer,10920,87360,
INV3231,6/22/2025,Food items,Eggs,3300,9,29700,Transfer,3960,35640,
INV3308,6/22/2025,Food items,Tea,600,6,3600,Cash,720,4320,
INV1315,6/23/2025,Beverages,Pepsi,2880,7,20160,Card,3456,24192,
INV1316,6/23/2025,Snacks,Chips,400,10,4000,Card,480,4800,
INV1317,6/23/2025,Food items,Spaghetti,6000,8,48000,Cash,7200,57600,
INV1318,6/23/2025,Household,Toothpaste,800,10,8000,Transfer,960,9600,
INV1319,6/23/2025,Food items,Beans,60000,2,120000,Cash,72000,144000,
INV1320,6/23/2025,Beverages,Water,1750,7,12250,Cash,2100,14700,
INV1321,6/23/2025,Snacks,Chocolate,3000,1,3000,Cash,3600,3600,
INV1322,6/23/2025,Household,Detergent,6900,8,55200,Transfer,8280,66240,
INV1323,6/23/2025,Beverages,Fanta,2880,4,11520,Transfer,3456,13824,
INV1324,6/23/2025,Snacks,Chocolate,3000,8,24000,Cash,3600,28800,
INV2822,6/23/2025,Food items,Coffee,1900,2,3800,Card,2280,4560,
INV3387,6/23/2025,Household,Soap,1700,6,10200,Cash,2040,12240,
INV3690,6/23/2025,Food items,Sugar,3600,2,7200,Cash,4320,8640,
INV1325,6/24/2025,Beverages,Pepsi,2880,2,5760,Cash,3456,6912,
INV1326,6/24/2025,Food items,Bread,500,10,5000,Card,600,6000,
INV1327,6/24/2025,Beverages,Coke,2880,2,5760,Cash,3456,6912,
INV1328,6/24/2025,Household,Toothpaste,800,7,5600,Cash,960,6720,
INV1329,6/24/2025,Food items,Bread,500,4,2000,Transfer,600,2400,
INV1330,6/24/2025,Beverages,Water,1750,1,1750,Transfer,2100,2100,
INV1331,6/24/2025,Beverages,Water,1750,9,15750,Card,2100,18900,
INV1332,6/24/2025,Household,Shampoo,1200,1,1200,Transfer,1440,1440,
INV2879,6/24/2025,Household,Toothpaste,800,9,7200,Cash,960,8640,
INV3271,6/24/2025,Household,Soap,1700,6,10200,Transfer,2040,12240,
INV3423,6/24/2025,Household,Soap,1700,1,1700,Transfer,2040,2040,
INV3872,6/24/2025,Food items,Eggs,3300,10,33000,Card,3960,39600,
INV1333,6/25/2025,Snacks,Chocolate,3000,3,9000,Cash,3600,10800,
INV1334,6/25/2025,Food items,Spaghetti,6000,1,6000,Transfer,7200,7200,
INV1335,6/25/2025,Snacks,Biscuits,5200,7,36400,Transfer,6240,43680,
INV1336,6/25/2025,Beverages,Pepsi,2880,10,28800,Card,3456,34560,
INV1337,6/25/2025,Beverages,Pepsi,2880,3,8640,Cash,3456,10368,
INV1338,6/25/2025,Snacks,Biscuits,5200,2,10400,Transfer,6240,12480,
INV1339,6/25/2025,Snacks,Chips,400,8,3200,Transfer,480,3840,
INV1340,6/25/2025,Snacks,Biscuits,5200,2,10400,Card,6240,12480,
INV1341,6/25/2025,Food items,Beans,60000,6,360000,Card,72000,432000,
INV2812,6/25/2025,Food items,Coffee,1900,10,19000,Cash,2280,22800,
INV3056,6/25/2025,Food items,Sugar,3600,6,21600,Transfer,4320,25920,
INV3177,6/25/2025,Food items,Coffee,1900,4,7600,Transfer,2280,9120,
INV3260,6/25/2025,Dairy,Butter,120,5,600,Cash,144,720,
INV3877,6/25/2025,Dairy,Butter,120,3,360,Transfer,144,432,
INV1342,6/26/2025,Snacks,Chocolate,3000,5,15000,Cash,3600,18000,
INV1343,6/26/2025,Beverages,Coke,2880,9,25920,Cash,3456,31104,
INV1344,6/26/2025,Household,Detergent,6900,3,20700,Cash,8280,24840,
INV1345,6/26/2025,Household,Detergent,6900,5,34500,Transfer,8280,41400,
INV1346,6/26/2025,Snacks,Biscuits,5200,5,26000,Cash,6240,31200,
INV1347,6/26/2025,Household,Toothpaste,800,3,2400,Card,960,2880,
INV1348,6/26/2025,Beverages,Fanta,2880,7,20160,Card,3456,24192,
INV1349,6/26/2025,Beverages,Water,1750,9,15750,Card,2100,18900,
INV1350,6/27/2025,Snacks,Chocolate,3000,1,3000,Card,3600,3600,
INV1351,6/27/2025,Snacks,Chips,400,1,400,Card,480,480,
INV1352,6/27/2025,Beverages,Water,1750,2,3500,Transfer,2100,4200,
INV1353,6/27/2025,Household,Soap,1700,1,1700,Cash,2040,2040,
INV1354,6/27/2025,Household,Toothpaste,800,2,1600,Card,960,1920,
INV1355,6/27/2025,Food items,Bread,500,5,2500,Card,600,3000,
INV1356,6/27/2025,Household,Shampoo,1200,4,4800,Card,1440,5760,
INV1357,6/27/2025,Beverages,Fanta,2880,3,8640,Card,3456,10368,
INV1358,6/27/2025,Beverages,Coke,2880,1,2880,Card,3456,3456,
INV1359,6/27/2025,Household,Toothpaste,800,4,3200,Transfer,960,3840,
INV2877,6/27/2025,Food items,Coffee,1900,5,9500,Transfer,2280,11400,
INV3519,6/27/2025,Food items,Eggs,3300,5,16500,Transfer,3960,19800,
INV1360,6/28/2025,Snacks,Chocolate,3000,10,30000,Transfer,3600,36000,
INV1361,6/28/2025,Household,Toothpaste,800,7,5600,Card,960,6720,
INV1362,6/28/2025,Snacks,Chocolate,3000,4,12000,Transfer,3600,14400,
INV1363,6/28/2025,Beverages,Water,1750,2,3500,Cash,2100,4200,
INV1364,6/28/2025,Food items,Bread,500,2,1000,Cash,600,1200,
INV2956,6/28/2025,Food items,Rice,48000,2,96000,Card,57600,115200,
INV3291,6/28/2025,Household,Toothpaste,800,2,1600,Cash,960,1920,
INV3656,6/28/2025,Food items,Bread,500,7,3500,Transfer,600,4200,
INV3700,6/28/2025,Dairy,Milk,9100,6,54600,Cash,10920,65520,
INV3893,6/28/2025,Food items,Rice,48000,4,192000,Card,57600,230400,
INV1365,6/29/2025,Beverages,Fanta,2880,1,2880,Cash,3456,3456,
INV1366,6/29/2025,Beverages,Water,1750,1,1750,Cash,2100,2100,
INV1367,6/29/2025,Snacks,Chips,400,2,800,Cash,480,960,
INV1368,6/29/2025,Household,Shampoo,1200,8,9600,Transfer,1440,11520,
INV1369,6/29/2025,Beverages,Pepsi,2880,4,11520,Card,3456,13824,
INV1370,6/29/2025,Beverages,Water,1750,10,17500,Card,2100,21000,
INV1371,6/29/2025,Food items,Spaghetti,6000,8,48000,Card,7200,57600,
INV1372,6/29/2025,Household,Shampoo,1200,7,8400,Cash,1440,10080,
INV1373,6/29/2025,Food items,Beans,60000,4,240000,Cash,72000,288000,
INV2795,6/29/2025,Household,Soap,1700,6,10200,Cash,2040,12240,
INV3778,6/29/2025,Food items,Rice,48000,9,432000,Cash,57600,518400,
INV1374,6/30/2025,Snacks,Chips,400,8,3200,Transfer,480,3840,
INV1375,6/30/2025,Food items,Beans,60000,5,300000,Card,72000,360000,
INV1376,6/30/2025,Snacks,Chips,400,6,2400,Card,480,2880,
INV1377,6/30/2025,Snacks,Chips,400,7,2800,Card,480,3360,
INV1378,6/30/2025,Food items,Spaghetti,6000,10,60000,Card,7200,72000,
INV1379,6/30/2025,Food items,Spaghetti,6000,2,12000,Transfer,7200,14400,
INV1380,6/30/2025,Beverages,Water,1750,10,17500,Card,2100,21000,
INV1381,6/30/2025,Household,Toothpaste,800,8,6400,Transfer,960,7680,
INV3111,6/30/2025,Food items,Rice,48000,2,96000,Transfer,57600,115200,
INV1382,7/1/2025,Snacks,Chips,400,6,2400,Cash,480,2880,
INV1383,7/1/2025,Beverages,Pepsi,2880,10,28800,Transfer,3456,34560,
INV1384,7/1/2025,Household,Detergent,6900,8,55200,Transfer,8280,66240,
INV1385,7/1/2025,Household,Shampoo,1200,9,10800,Card,1440,12960,
INV1386,7/1/2025,Food items,Spaghetti,6000,9,54000,Card,7200,64800,
INV1387,7/1/2025,Snacks,Chocolate,3000,5,15000,Cash,3600,18000,
INV1388,7/1/2025,Snacks,Biscuits,5200,6,31200,Card,6240,37440,
INV3061,7/1/2025,Dairy,Butter,120,9,1080,Card,144,1296,
INV3615,7/1/2025,Food items,Sugar,3600,9,32400,Transfer,4320,38880,
INV1389,7/2/2025,Food items,Beans,60000,10,600000,Transfer,72000,720000,
INV1390,7/2/2025,Beverages,Pepsi,2880,6,17280,Transfer,3456,20736,
INV1391,7/2/2025,Food items,Bread,500,10,5000,Card,600,6000,
INV1392,7/2/2025,Food items,Bread,500,2,1000,Card,600,1200,
INV1393,7/2/2025,Beverages,Fanta,2880,5,14400,Card,3456,17280,
INV1394,7/2/2025,Food items,Spaghetti,6000,8,48000,Cash,7200,57600,
INV1395,7/2/2025,Beverages,Pepsi,2880,7,20160,Cash,3456,24192,
INV1396,7/2/2025,Beverages,Water,1750,1,1750,Card,2100,2100,
INV1397,7/2/2025,Household,Soap,1700,3,5100,Transfer,2040,6120,
INV3406,7/2/2025,Dairy,Butter,120,1,120,Card,144,144,
INV3738,7/2/2025,Household,Soap,1700,4,6800,Card,2040,8160,
INV1398,7/3/2025,Household,Detergent,6900,1,6900,Card,8280,8280,
INV1399,7/3/2025,Snacks,Chocolate,3000,9,27000,Transfer,3600,32400,
INV1400,7/3/2025,Snacks,Chocolate,3000,9,27000,Cash,3600,32400,
INV1401,7/3/2025,Snacks,Biscuits,5200,2,10400,Transfer,6240,12480,
INV1402,7/3/2025,Beverages,Fanta,2880,2,5760,Cash,3456,6912,
INV1403,7/3/2025,Beverages,Coke,2880,4,11520,Transfer,3456,13824,
INV1404,7/3/2025,Household,Toothpaste,800,7,5600,Transfer,960,6720,
INV1405,7/3/2025,Food items,Spaghetti,6000,4,24000,Transfer,7200,28800,
INV1406,7/3/2025,Beverages,Water,1750,9,15750,Transfer,2100,18900,
INV3500,7/3/2025,Food items,Sugar,3600,10,36000,Transfer,4320,43200,
INV3559,7/3/2025,Food items,Sugar,3600,8,28800,Card,4320,34560,
INV3659,7/3/2025,Dairy,Milk,9100,5,45500,Cash,10920,54600,
INV3662,7/3/2025,Food items,Eggs,3300,6,19800,Card,3960,23760,
INV3679,7/3/2025,Food items,Coffee,1900,10,19000,Cash,2280,22800,
INV3698,7/3/2025,Household,Soap,1700,8,13600,Cash,2040,16320,
INV1407,7/4/2025,Snacks,Chocolate,3000,2,6000,Cash,3600,7200,
INV1408,7/4/2025,Beverages,Pepsi,2880,1,2880,Card,3456,3456,
INV1409,7/4/2025,Snacks,Chips,400,7,2800,Card,480,3360,
INV1410,7/4/2025,Beverages,Water,1750,8,14000,Card,2100,16800,
INV1411,7/4/2025,Beverages,Pepsi,2880,9,25920,Card,3456,31104,
INV1412,7/4/2025,Food items,Bread,500,1,500,Cash,600,600,
INV1413,7/4/2025,Food items,Beans,60000,8,480000,Card,72000,576000,
INV1414,7/4/2025,Snacks,Chips,400,4,1600,Cash,480,1920,
INV1415,7/4/2025,Snacks,Biscuits,5200,2,10400,Cash,6240,12480,
INV2955,7/4/2025,Food items,Tea,600,5,3000,Transfer,720,3600,
INV1416,7/5/2025,Food items,Spaghetti,6000,1,6000,Card,7200,7200,
INV1417,7/5/2025,Beverages,Coke,2880,7,20160,Card,3456,24192,
INV1418,7/5/2025,Household,Shampoo,1200,8,9600,Transfer,1440,11520,
INV1419,7/5/2025,Household,Shampoo,1200,1,1200,Cash,1440,1440,
INV1420,7/5/2025,Food items,Beans,60000,1,60000,Transfer,72000,72000,
INV3835,7/5/2025,Dairy,Milk,9100,1,9100,Cash,10920,10920,
INV1421,7/6/2025,Beverages,Fanta,2880,4,11520,Card,3456,13824,
INV1422,7/6/2025,Beverages,Fanta,2880,6,17280,Card,3456,20736,
INV1423,7/6/2025,Household,Soap,1700,1,1700,Card,2040,2040,
INV1424,7/6/2025,Household,Detergent,6900,7,48300,Card,8280,57960,
INV1425,7/6/2025,Food items,Spaghetti,6000,10,60000,Transfer,7200,72000,
INV1426,7/6/2025,Snacks,Biscuits,5200,5,26000,Transfer,6240,31200,
INV2808,7/6/2025,Food items,Sugar,3600,7,25200,Transfer,4320,30240,
INV2888,7/6/2025,Food items,Sugar,3600,7,25200,Card,4320,30240,
INV3410,7/6/2025,Food items,Sugar,3600,1,3600,Cash,4320,4320,
INV3457,7/6/2025,Food items,Coffee,1900,2,3800,Card,2280,4560,
INV3680,7/6/2025,Household,Toothpaste,800,8,6400,Cash,960,7680,
INV1427,7/7/2025,Beverages,Fanta,2880,3,8640,Card,3456,10368,
INV1428,7/7/2025,Beverages,Fanta,2880,5,14400,Card,3456,17280,
INV1429,7/7/2025,Household,Soap,1700,6,10200,Card,2040,12240,
INV1430,7/7/2025,Household,Shampoo,1200,3,3600,Card,1440,4320,
INV1431,7/7/2025,Household,Soap,1700,8,13600,Card,2040,16320,
INV1432,7/7/2025,Snacks,Chips,400,1,400,Transfer,480,480,
INV1433,7/7/2025,Beverages,Coke,2880,10,28800,Cash,3456,34560,
INV1434,7/7/2025,Beverages,Pepsi,2880,7,20160,Transfer,3456,24192,
INV2989,7/7/2025,Dairy,Butter,120,6,720,Card,144,864,
INV2998,7/7/2025,Food items,Rice,48000,4,192000,Cash,57600,230400,
INV2999,7/7/2025,Dairy,Butter,120,10,1200,Transfer,144,1440,
INV3518,7/7/2025,Food items,Sugar,3600,6,21600,Card,4320,25920,
INV3886,7/7/2025,Food items,Bread,500,7,3500,Transfer,600,4200,
INV1435,7/8/2025,Beverages,Coke,2880,4,11520,Card,3456,13824,
INV1436,7/8/2025,Snacks,Chips,400,3,1200,Cash,480,1440,
INV1437,7/8/2025,Household,Soap,1700,8,13600,Transfer,2040,16320,
INV1438,7/8/2025,Household,Toothpaste,800,9,7200,Transfer,960,8640,
INV1439,7/8/2025,Snacks,Chocolate,3000,9,27000,Cash,3600,32400,
INV1440,7/8/2025,Beverages,Fanta,2880,10,28800,Cash,3456,34560,
INV2803,7/8/2025,Dairy,Butter,120,6,720,Transfer,144,864,
INV3563,7/8/2025,Food items,Rice,48000,2,96000,Card,57600,115200,
INV3686,7/8/2025,Dairy,Milk,9100,2,18200,Card,10920,21840,
INV1441,7/9/2025,Household,Toothpaste,800,1,800,Transfer,960,960,
INV1442,7/9/2025,Food items,Beans,60000,2,120000,Cash,72000,144000,
INV1443,7/9/2025,Beverages,Pepsi,2880,5,14400,Transfer,3456,17280,
INV1444,7/9/2025,Beverages,Water,1750,4,7000,Card,2100,8400,
INV1445,7/9/2025,Food items,Beans,60000,2,120000,Card,72000,144000,
INV1446,7/9/2025,Snacks,Chocolate,3000,10,30000,Transfer,3600,36000,
INV1447,7/9/2025,Food items,Spaghetti,6000,8,48000,Transfer,7200,57600,
INV1448,7/9/2025,Food items,Bread,500,3,1500,Cash,600,1800,
INV1449,7/9/2025,Food items,Spaghetti,6000,1,6000,Card,7200,7200,
INV1450,7/9/2025,Snacks,Biscuits,5200,1,5200,Card,6240,6240,
INV3851,7/9/2025,Food items,Sugar,3600,5,18000,Transfer,4320,21600,
INV1451,7/10/2025,Household,Shampoo,1200,7,8400,Transfer,1440,10080,
INV1452,7/10/2025,Household,Toothpaste,800,9,7200,Card,960,8640,
INV1453,7/10/2025,Beverages,Coke,2880,10,28800,Transfer,3456,34560,
INV1454,7/10/2025,Snacks,Chips,400,6,2400,Transfer,480,2880,
INV1455,7/10/2025,Household,Shampoo,1200,9,10800,Transfer,1440,12960,
INV1456,7/10/2025,Household,Detergent,6900,6,41400,Transfer,8280,49680,
INV3501,7/10/2025,Dairy,Milk,9100,3,27300,Cash,10920,32760,
INV3567,7/10/2025,Food items,Eggs,3300,7,23100,Cash,3960,27720,
INV1457,7/11/2025,Beverages,Coke,2880,6,17280,Transfer,3456,20736,
INV1458,7/11/2025,Beverages,Coke,2880,8,23040,Card,3456,27648,
INV1459,7/11/2025,Food items,Rice,48000,2,96000,Transfer,57600,115200,
INV1460,7/11/2025,Snacks,Chocolate,3000,4,12000,Transfer,3600,14400,
INV1461,7/11/2025,Snacks,Chocolate,3000,5,15000,Card,3600,18000,
INV2790,7/11/2025,Food items,Eggs,3300,4,13200,Cash,3960,15840,
INV2945,7/11/2025,Food items,Bread,500,9,4500,Transfer,600,5400,
INV3354,7/11/2025,Food items,Bread,500,8,4000,Card,600,4800,
INV1462,7/12/2025,Food items,Bread,500,4,2000,Card,600,2400,
INV1463,7/12/2025,Snacks,Chocolate,3000,2,6000,Cash,3600,7200,
INV1464,7/12/2025,Snacks,Chips,400,7,2800,Cash,480,3360,
INV1465,7/12/2025,Beverages,Fanta,2880,8,23040,Transfer,3456,27648,
INV1466,7/12/2025,Food items,Beans,60000,7,420000,Card,72000,504000,
INV1467,7/12/2025,Beverages,Coke,2880,9,25920,Card,3456,31104,
INV1468,7/12/2025,Food items,Rice,48000,2,96000,Card,57600,115200,
INV1469,7/12/2025,Snacks,Chocolate,3000,4,12000,Card,3600,14400,
INV1470,7/12/2025,Household,Detergent,6900,5,34500,Card,8280,41400,
INV1471,7/12/2025,Beverages,Water,1750,3,5250,Cash,2100,6300,
INV3555,7/12/2025,Dairy,Milk,9100,7,63700,Card,10920,76440,
INV1472,7/13/2025,Household,Soap,1700,8,13600,Cash,2040,16320,
INV1473,7/13/2025,Food items,Beans,60000,8,480000,Transfer,72000,576000,
INV1474,7/13/2025,Snacks,Biscuits,5200,8,41600,Transfer,6240,49920,
INV1475,7/13/2025,Snacks,Biscuits,5200,3,15600,Cash,6240,18720,
INV1476,7/13/2025,Snacks,Chips,400,3,1200,Transfer,480,1440,
INV3330,7/13/2025,Food items,Eggs,3300,6,19800,Cash,3960,23760,
INV3626,7/13/2025,Dairy,Butter,120,9,1080,Card,144,1296,
INV1477,7/14/2025,Household,Shampoo,1200,8,9600,Transfer,1440,11520,
INV1478,7/14/2025,Household,Shampoo,1200,6,7200,Transfer,1440,8640,
INV1479,7/14/2025,Household,Soap,1700,10,17000,Transfer,2040,20400,
INV1480,7/14/2025,Household,Toothpaste,800,6,4800,Cash,960,5760,
INV1481,7/14/2025,Household,Toothpaste,800,6,4800,Transfer,960,5760,
INV1482,7/14/2025,Food items,Beans,60000,6,360000,Cash,72000,432000,
INV1483,7/14/2025,Food items,Bread,500,8,4000,Transfer,600,4800,
INV1484,7/14/2025,Food items,Rice,48000,8,384000,Cash,57600,460800,
INV1485,7/14/2025,Household,Shampoo,1200,8,9600,Cash,1440,11520,
INV2932,7/14/2025,Food items,Sugar,3600,7,25200,Cash,4320,30240,
INV3052,7/14/2025,Food items,Rice,48000,6,288000,Cash,57600,345600,
INV3543,7/14/2025,Food items,Sugar,3600,2,7200,Transfer,4320,8640,
INV1486,7/15/2025,Food items,Rice,48000,9,432000,Transfer,57600,518400,
INV1487,7/15/2025,Snacks,Chocolate,3000,9,27000,Transfer,3600,32400,
INV1488,7/15/2025,Beverages,Coke,2880,6,17280,Card,3456,20736,
INV1489,7/15/2025,Food items,Bread,500,9,4500,Card,600,5400,
INV1490,7/15/2025,Beverages,Coke,2880,1,2880,Transfer,3456,3456,
INV1491,7/15/2025,Food items,Rice,48000,6,288000,Cash,57600,345600,
INV3190,7/15/2025,Dairy,Butter,120,10,1200,Card,144,1440,
INV3403,7/15/2025,Food items,Coffee,1900,2,3800,Cash,2280,4560,
INV1492,7/16/2025,Snacks,Biscuits,5200,5,26000,Transfer,6240,31200,
INV1493,7/16/2025,Food items,Beans,60000,9,540000,Transfer,72000,648000,
INV1494,7/16/2025,Beverages,Pepsi,2880,4,11520,Transfer,3456,13824,
INV1495,7/16/2025,Food items,Spaghetti,6000,8,48000,Transfer,7200,57600,
INV1496,7/16/2025,Food items,Spaghetti,6000,2,12000,Cash,7200,14400,
INV1497,7/16/2025,Snacks,Chips,400,2,800,Card,480,960,
INV1498,7/16/2025,Snacks,Chocolate,3000,2,6000,Cash,3600,7200,
INV1499,7/16/2025,Household,Toothpaste,800,8,6400,Card,960,7680,
INV1500,7/16/2025,Beverages,Pepsi,2880,7,20160,Card,3456,24192,
INV1501,7/16/2025,Beverages,Coke,2880,2,5760,Cash,3456,6912,
INV2773,7/16/2025,Food items,Sugar,3600,8,28800,Card,4320,34560,
INV2802,7/16/2025,Dairy,Butter,120,5,600,Transfer,144,720,
INV3304,7/16/2025,Food items,Sugar,3600,8,28800,Cash,4320,34560,
INV3343,7/16/2025,Food items,Rice,48000,10,480000,Transfer,57600,576000,
INV3485,7/16/2025,Food items,Tea,600,4,2400,Card,720,2880,
INV1502,7/17/2025,Snacks,Biscuits,5200,4,20800,Cash,6240,24960,
INV1503,7/17/2025,Food items,Beans,60000,1,60000,Cash,72000,72000,
INV1504,7/17/2025,Snacks,Biscuits,5200,9,46800,Transfer,6240,56160,
INV1505,7/17/2025,Beverages,Fanta,2880,2,5760,Cash,3456,6912,
INV1506,7/17/2025,Beverages,Fanta,2880,5,14400,Transfer,3456,17280,
INV1507,7/17/2025,Snacks,Chocolate,3000,4,12000,Transfer,3600,14400,
INV2894,7/17/2025,Dairy,Milk,9100,8,72800,Transfer,10920,87360,
INV3165,7/17/2025,Household,Toothpaste,800,9,7200,Card,960,8640,
INV1508,7/18/2025,Beverages,Fanta,2880,10,28800,Cash,3456,34560,
INV1509,7/18/2025,Food items,Rice,48000,9,432000,Transfer,57600,518400,
INV1510,7/18/2025,Food items,Bread,500,6,3000,Cash,600,3600,
INV1511,7/18/2025,Household,Toothpaste,800,4,3200,Transfer,960,3840,
INV1512,7/18/2025,Snacks,Chips,400,1,400,Transfer,480,480,
INV1513,7/18/2025,Household,Detergent,6900,5,34500,Cash,8280,41400,
INV1514,7/18/2025,Snacks,Biscuits,5200,1,5200,Card,6240,6240,
INV3090,7/18/2025,Food items,Bread,500,1,500,Card,600,600,
INV3392,7/18/2025,Food items,Tea,600,10,6000,Cash,720,7200,
INV3821,7/18/2025,Dairy,Milk,9100,7,63700,Cash,10920,76440,
INV3858,7/18/2025,Food items,Sugar,3600,4,14400,Cash,4320,17280,
INV1515,7/19/2025,Snacks,Biscuits,5200,3,15600,Transfer,6240,18720,
INV1516,7/19/2025,Snacks,Chips,400,2,800,Transfer,480,960,
INV1517,7/19/2025,Household,Toothpaste,800,8,6400,Card,960,7680,
INV1518,7/19/2025,Snacks,Chocolate,3000,9,27000,Transfer,3600,32400,
INV1519,7/19/2025,Household,Toothpaste,800,6,4800,Card,960,5760,
INV1520,7/19/2025,Food items,Bread,500,5,2500,Card,600,3000,
INV1521,7/19/2025,Food items,Bread,500,5,2500,Card,600,3000,
INV1522,7/19/2025,Household,Soap,1700,3,5100,Transfer,2040,6120,
INV2768,7/19/2025,Food items,Eggs,3300,1,3300,Transfer,3960,3960,
INV3373,7/19/2025,Food items,Eggs,3300,2,6600,Card,3960,7920,
INV3420,7/19/2025,Food items,Coffee,1900,6,11400,Cash,2280,13680,
INV3597,7/19/2025,Food items,Rice,48000,7,336000,Transfer,57600,403200,
INV3882,7/19/2025,Food items,Tea,600,7,4200,Cash,720,5040,
INV1523,7/20/2025,Food items,Spaghetti,6000,10,60000,Cash,7200,72000,
INV1524,7/20/2025,Snacks,Chips,400,4,1600,Transfer,480,1920,
INV1525,7/20/2025,Snacks,Chips,400,2,800,Cash,480,960,
INV1526,7/20/2025,Snacks,Chocolate,3000,1,3000,Card,3600,3600,
INV1527,7/20/2025,Snacks,Chips,400,10,4000,Cash,480,4800,
INV1528,7/20/2025,Household,Toothpaste,800,7,5600,Card,960,6720,
INV1529,7/20/2025,Snacks,Chips,400,10,4000,Transfer,480,4800,
INV1530,7/20/2025,Food items,Spaghetti,6000,9,54000,Transfer,7200,64800,
INV3335,7/20/2025,Food items,Coffee,1900,9,17100,Transfer,2280,20520,
INV1531,7/21/2025,Beverages,Water,1750,5,8750,Transfer,2100,10500,
INV1532,7/21/2025,Food items,Bread,500,6,3000,Card,600,3600,
INV1533,7/21/2025,Beverages,Coke,2880,10,28800,Transfer,3456,34560,
INV1534,7/21/2025,Household,Shampoo,1200,3,3600,Cash,1440,4320,
INV1535,7/21/2025,Household,Toothpaste,800,7,5600,Cash,960,6720,
INV1536,7/21/2025,Beverages,Fanta,2880,6,17280,Card,3456,20736,
INV3733,7/21/2025,Household,Soap,1700,1,1700,Cash,2040,2040,
INV1537,7/22/2025,Snacks,Biscuits,5200,7,36400,Transfer,6240,43680,
INV1538,7/22/2025,Snacks,Biscuits,5200,8,41600,Transfer,6240,49920,
INV1539,7/22/2025,Beverages,Pepsi,2880,3,8640,Cash,3456,10368,
INV1540,7/22/2025,Household,Toothpaste,800,9,7200,Card,960,8640,
INV1541,7/22/2025,Food items,Beans,60000,10,600000,Cash,72000,720000,
INV1542,7/22/2025,Beverages,Pepsi,2880,1,2880,Cash,3456,3456,
INV1543,7/22/2025,Beverages,Fanta,2880,10,28800,Transfer,3456,34560,
INV1544,7/22/2025,Food items,Rice,48000,1,48000,Transfer,57600,57600,
INV1545,7/22/2025,Food items,Beans,60000,1,60000,Transfer,72000,72000,
INV2934,7/22/2025,Dairy,Milk,9100,9,81900,Card,10920,98280,
INV3188,7/22/2025,Dairy,Butter,120,6,720,Card,144,864,
INV3589,7/22/2025,Food items,Coffee,1900,2,3800,Cash,2280,4560,
INV1546,7/23/2025,Food items,Beans,60000,4,240000,Transfer,72000,288000,
INV1547,7/23/2025,Food items,Beans,60000,7,420000,Transfer,72000,504000,
INV1548,7/23/2025,Beverages,Water,1750,1,1750,Transfer,2100,2100,
INV1549,7/23/2025,Food items,Beans,60000,3,180000,Card,72000,216000,
INV1550,7/23/2025,Food items,Spaghetti,6000,4,24000,Card,7200,28800,
INV1551,7/23/2025,Snacks,Chocolate,3000,2,6000,Cash,3600,7200,
INV1552,7/23/2025,Food items,Beans,60000,3,180000,Transfer,72000,216000,
INV1553,7/23/2025,Food items,Rice,48000,9,432000,Cash,57600,518400,
INV1554,7/23/2025,Snacks,Chocolate,3000,6,18000,Cash,3600,21600,
INV1555,7/23/2025,Snacks,Chocolate,3000,2,6000,Card,3600,7200,
INV3221,7/23/2025,Food items,Sugar,3600,9,32400,Card,4320,38880,
INV3320,7/23/2025,Food items,Tea,600,2,1200,Card,720,1440,
INV3390,7/23/2025,Food items,Rice,48000,7,336000,Cash,57600,403200,
INV3841,7/23/2025,Household,Soap,1700,7,11900,Card,2040,14280,
INV1556,7/24/2025,Food items,Bread,500,7,3500,Cash,600,4200,
INV1557,7/24/2025,Household,Detergent,6900,4,27600,Cash,8280,33120,
INV1558,7/24/2025,Beverages,Pepsi,2880,7,20160,Card,3456,24192,
INV1559,7/24/2025,Food items,Bread,500,5,2500,Cash,600,3000,
INV1560,7/24/2025,Snacks,Chocolate,3000,3,9000,Cash,3600,10800,
INV3711,7/24/2025,Food items,Bread,500,2,1000,Card,600,1200,
INV1561,7/25/2025,Beverages,Pepsi,2880,10,28800,Cash,3456,34560,
INV1562,7/25/2025,Snacks,Chips,400,2,800,Transfer,480,960,
INV1563,7/25/2025,Household,Toothpaste,800,3,2400,Cash,960,2880,
INV1564,7/25/2025,Food items,Spaghetti,6000,9,54000,Cash,7200,64800,
INV1565,7/25/2025,Household,Toothpaste,800,2,1600,Cash,960,1920,
INV3336,7/25/2025,Food items,Sugar,3600,9,32400,Transfer,4320,38880,
INV3681,7/25/2025,Food items,Bread,500,4,2000,Transfer,600,2400,
INV3915,7/25/2025,Dairy,Butter,120,5,600,Cash,144,720,
INV3940,7/25/2025,Food items,Coffee,1900,3,5700,Cash,2280,6840,
INV1566,7/26/2025,Snacks,Biscuits,5200,8,41600,Transfer,6240,49920,
INV1567,7/26/2025,Snacks,Chocolate,3000,10,30000,Transfer,3600,36000,
INV1568,7/26/2025,Snacks,Chips,400,2,800,Cash,480,960,
INV1569,7/26/2025,Snacks,Chocolate,3000,3,9000,Transfer,3600,10800,
INV1570,7/26/2025,Beverages,Fanta,2880,8,23040,Cash,3456,27648,
INV1571,7/26/2025,Food items,Spaghetti,6000,8,48000,Cash,7200,57600,
INV1572,7/26/2025,Household,Toothpaste,800,10,8000,Cash,960,9600,
INV1573,7/26/2025,Food items,Spaghetti,6000,1,6000,Card,7200,7200,
INV1574,7/26/2025,Food items,Spaghetti,6000,2,12000,Cash,7200,14400,
INV1575,7/26/2025,Food items,Bread,500,8,4000,Card,600,4800,
INV3054,7/26/2025,Food items,Rice,48000,9,432000,Cash,57600,518400,
INV3109,7/26/2025,Food items,Eggs,3300,7,23100,Transfer,3960,27720,
INV3217,7/26/2025,Food items,Sugar,3600,2,7200,Cash,4320,8640,
INV3488,7/26/2025,Food items,Bread,500,8,4000,Cash,600,4800,
INV3796,7/26/2025,Food items,Eggs,3300,4,13200,Transfer,3960,15840,
INV1576,7/27/2025,Food items,Bread,500,2,1000,Transfer,600,1200,
INV1577,7/27/2025,Food items,Beans,60000,7,420000,Transfer,72000,504000,
INV1578,7/27/2025,Food items,Bread,500,6,3000,Cash,600,3600,
INV1579,7/27/2025,Food items,Spaghetti,6000,9,54000,Transfer,7200,64800,
INV1580,7/27/2025,Household,Soap,1700,3,5100,Card,2040,6120,
INV1581,7/27/2025,Beverages,Coke,2880,2,5760,Card,3456,6912,
INV1582,7/27/2025,Food items,Rice,48000,8,384000,Cash,57600,460800,
INV3923,7/27/2025,Food items,Tea,600,5,3000,Card,720,3600,
INV1583,7/28/2025,Beverages,Coke,2880,5,14400,Card,3456,17280,
INV1584,7/28/2025,Household,Shampoo,1200,4,4800,Cash,1440,5760,
INV1585,7/28/2025,Food items,Spaghetti,6000,9,54000,Card,7200,64800,
INV1586,7/28/2025,Snacks,Chocolate,3000,1,3000,Card,3600,3600,
INV1587,7/28/2025,Food items,Beans,60000,7,420000,Card,72000,504000,
INV1588,7/28/2025,Beverages,Pepsi,2880,9,25920,Card,3456,31104,
INV1589,7/28/2025,Household,Soap,1700,10,17000,Card,2040,20400,
INV1590,7/28/2025,Beverages,Pepsi,2880,10,28800,Card,3456,34560,
INV1591,7/28/2025,Beverages,Water,1750,1,1750,Card,2100,2100,
INV3487,7/28/2025,Food items,Eggs,3300,8,26400,Card,3960,31680,
INV1592,7/29/2025,Food items,Spaghetti,6000,5,30000,Card,7200,36000,
INV1593,7/29/2025,Snacks,Chocolate,3000,6,18000,Cash,3600,21600,
INV1594,7/29/2025,Household,Soap,1700,4,6800,Transfer,2040,8160,
INV1595,7/29/2025,Snacks,Chocolate,3000,2,6000,Cash,3600,7200,
INV1596,7/29/2025,Food items,Beans,60000,3,180000,Transfer,72000,216000,
INV1597,7/29/2025,Snacks,Biscuits,5200,4,20800,Transfer,6240,24960,
INV1598,7/29/2025,Beverages,Fanta,2880,7,20160,Cash,3456,24192,
INV2853,7/29/2025,Food items,Bread,500,7,3500,Transfer,600,4200,
INV2906,7/29/2025,Food items,Tea,600,7,4200,Cash,720,5040,
INV3211,7/29/2025,Food items,Bread,500,1,500,Card,600,600,
INV3424,7/29/2025,Food items,Coffee,1900,1,1900,Card,2280,2280,
INV1599,7/30/2025,Snacks,Chocolate,3000,2,6000,Cash,3600,7200,
INV1600,7/30/2025,Beverages,Pepsi,2880,8,23040,Card,3456,27648,
INV1601,7/30/2025,Household,Shampoo,1200,2,2400,Card,1440,2880,
INV1602,7/30/2025,Beverages,Water,1750,9,15750,Transfer,2100,18900,
INV1603,7/30/2025,Snacks,Biscuits,5200,9,46800,Cash,6240,56160,
INV1604,7/30/2025,Food items,Bread,500,4,2000,Card,600,2400,
INV1605,7/30/2025,Beverages,Coke,2880,2,5760,Cash,3456,6912,
INV1606,7/30/2025,Snacks,Biscuits,5200,4,20800,Transfer,6240,24960,
INV3682,7/30/2025,Food items,Sugar,3600,6,21600,Transfer,4320,25920,
INV3714,7/30/2025,Food items,Rice,48000,1,48000,Transfer,57600,57600,
INV3802,7/30/2025,Household,Toothpaste,800,6,4800,Cash,960,5760,
INV1607,7/31/2025,Beverages,Water,1750,8,14000,Transfer,2100,16800,
INV1608,7/31/2025,Beverages,Water,1750,2,3500,Card,2100,4200,
INV1609,7/31/2025,Snacks,Biscuits,5200,3,15600,Card,6240,18720,
INV1610,7/31/2025,Food items,Beans,60000,4,240000,Card,72000,288000,
INV1611,7/31/2025,Household,Soap,1700,2,3400,Cash,2040,4080,
INV1612,7/31/2025,Household,Soap,1700,6,10200,Transfer,2040,12240,
INV1613,7/31/2025,Household,Shampoo,1200,6,7200,Transfer,1440,8640,
INV1614,7/31/2025,Snacks,Biscuits,5200,9,46800,Card,6240,56160,
INV3139,7/31/2025,Dairy,Milk,9100,3,27300,Transfer,10920,32760,
INV3684,7/31/2025,Food items,Coffee,1900,5,9500,Cash,2280,11400,
INV1615,8/1/2025,Food items,Spaghetti,6000,9,54000,Cash,7200,64800,
INV1616,8/1/2025,Beverages,Water,1750,6,10500,Card,2100,12600,
INV1617,8/1/2025,Food items,Spaghetti,6000,8,48000,Transfer,7200,57600,
INV1618,8/1/2025,Household,Soap,1700,7,11900,Card,2040,14280,
INV1619,8/1/2025,Beverages,Pepsi,2880,4,11520,Cash,3456,13824,
INV1620,8/1/2025,Food items,Spaghetti,6000,7,42000,Card,7200,50400,
INV2882,8/1/2025,Dairy,Butter,120,7,840,Transfer,144,1008,
INV1621,8/2/2025,Snacks,Chips,400,3,1200,Transfer,480,1440,
INV1622,8/2/2025,Food items,Beans,60000,1,60000,Transfer,72000,72000,
INV1623,8/2/2025,Household,Toothpaste,800,6,4800,Cash,960,5760,
INV1624,8/2/2025,Household,Shampoo,1200,4,4800,Transfer,1440,5760,
INV1625,8/2/2025,Beverages,Coke,2880,1,2880,Card,3456,3456,
INV1626,8/2/2025,Snacks,Chips,400,10,4000,Transfer,480,4800,
INV1627,8/2/2025,Snacks,Chips,400,2,800,Transfer,480,960,
INV2855,8/2/2025,Dairy,Milk,9100,5,45500,Transfer,10920,54600,
INV3839,8/2/2025,Food items,Coffee,1900,6,11400,Cash,2280,13680,
INV3865,8/2/2025,Household,Toothpaste,800,2,1600,Transfer,960,1920,
INV1628,8/3/2025,Snacks,Chocolate,3000,4,12000,Transfer,3600,14400,
INV1629,8/3/2025,Household,Toothpaste,800,8,6400,Card,960,7680,
INV1630,8/3/2025,Food items,Spaghetti,6000,1,6000,Transfer,7200,7200,
INV1631,8/3/2025,Beverages,Coke,2880,1,2880,Cash,3456,3456,
INV1632,8/3/2025,Food items,Spaghetti,6000,9,54000,Cash,7200,64800,
INV1633,8/3/2025,Snacks,Chocolate,3000,4,12000,Transfer,3600,14400,
INV1634,8/3/2025,Household,Toothpaste,800,8,6400,Card,960,7680,
INV1635,8/3/2025,Beverages,Pepsi,2880,10,28800,Cash,3456,34560,
INV1636,8/3/2025,Beverages,Coke,2880,3,8640,Cash,3456,10368,
INV3083,8/3/2025,Dairy,Milk,9100,10,91000,Transfer,10920,109200,
INV1637,8/4/2025,Food items,Beans,60000,5,300000,Cash,72000,360000,
INV1638,8/4/2025,Household,Soap,1700,3,5100,Cash,2040,6120,
INV1639,8/4/2025,Beverages,Fanta,2880,3,8640,Cash,3456,10368,
INV1640,8/4/2025,Snacks,Chocolate,3000,2,6000,Card,3600,7200,
INV1641,8/4/2025,Snacks,Chocolate,3000,3,9000,Transfer,3600,10800,
INV1642,8/4/2025,Household,Shampoo,1200,3,3600,Card,1440,4320,
INV1643,8/4/2025,Household,Shampoo,1200,9,10800,Transfer,1440,12960,
INV1644,8/4/2025,Food items,Beans,60000,7,420000,Transfer,72000,504000,
INV2785,8/4/2025,Household,Toothpaste,800,2,1600,Cash,960,1920,
INV2861,8/4/2025,Food items,Sugar,3600,1,3600,Transfer,4320,4320,
INV2950,8/4/2025,Dairy,Butter,120,3,360,Transfer,144,432,
INV3351,8/4/2025,Food items,Eggs,3300,3,9900,Transfer,3960,11880,
INV3524,8/4/2025,Dairy,Milk,9100,1,9100,Card,10920,10920,
INV3561,8/4/2025,Dairy,Butter,120,2,240,Card,144,288,
INV1645,8/5/2025,Beverages,Coke,2880,5,14400,Card,3456,17280,
INV1646,8/5/2025,Household,Detergent,6900,1,6900,Card,8280,8280,
INV1647,8/5/2025,Beverages,Coke,2880,5,14400,Transfer,3456,17280,
INV1648,8/5/2025,Household,Shampoo,1200,4,4800,Transfer,1440,5760,
INV1649,8/5/2025,Food items,Bread,500,8,4000,Transfer,600,4800,
INV1650,8/5/2025,Household,Toothpaste,800,8,6400,Transfer,960,7680,
INV2756,8/5/2025,Food items,Rice,48000,4,192000,Cash,57600,230400,
INV3043,8/5/2025,Household,Toothpaste,800,1,800,Transfer,960,960,
INV3076,8/5/2025,Food items,Coffee,1900,5,9500,Transfer,2280,11400,
INV3414,8/5/2025,Dairy,Milk,9100,2,18200,Cash,10920,21840,
INV1651,8/6/2025,Food items,Rice,48000,2,96000,Transfer,57600,115200,
INV1652,8/6/2025,Food items,Spaghetti,6000,6,36000,Cash,7200,43200,
INV1653,8/6/2025,Household,Soap,1700,9,15300,Card,2040,18360,
INV1654,8/6/2025,Household,Soap,1700,9,15300,Cash,2040,18360,
INV1655,8/6/2025,Beverages,Fanta,2880,1,2880,Transfer,3456,3456,
INV2912,8/6/2025,Food items,Sugar,3600,2,7200,Transfer,4320,8640,
INV3757,8/6/2025,Food items,Tea,600,7,4200,Cash,720,5040,
INV1656,8/7/2025,Beverages,Pepsi,2880,10,28800,Cash,3456,34560,
INV1657,8/7/2025,Household,Shampoo,1200,3,3600,Cash,1440,4320,
INV1658,8/7/2025,Household,Detergent,6900,1,6900,Card,8280,8280,
INV1659,8/7/2025,Household,Toothpaste,800,1,800,Cash,960,960,
INV1660,8/7/2025,Food items,Rice,48000,6,288000,Transfer,57600,345600,
INV1661,8/7/2025,Snacks,Chocolate,3000,10,30000,Transfer,3600,36000,
INV1662,8/7/2025,Food items,Beans,60000,9,540000,Card,72000,648000,
INV1663,8/7/2025,Food items,Rice,48000,8,384000,Cash,57600,460800,
INV1664,8/7/2025,Household,Soap,1700,1,1700,Cash,2040,2040,
INV1665,8/7/2025,Beverages,Fanta,2880,2,5760,Cash,3456,6912,
INV3482,8/7/2025,Household,Soap,1700,10,17000,Transfer,2040,20400,
INV3578,8/7/2025,Food items,Sugar,3600,4,14400,Card,4320,17280,
INV3818,8/7/2025,Dairy,Butter,120,10,1200,Cash,144,1440,
INV3831,8/7/2025,Household,Soap,1700,2,3400,Transfer,2040,4080,
INV3887,8/7/2025,Food items,Coffee,1900,9,17100,Card,2280,20520,
INV1666,8/8/2025,Food items,Beans,60000,5,300000,Transfer,72000,360000,
INV1667,8/8/2025,Beverages,Water,1750,3,5250,Card,2100,6300,
INV1668,8/8/2025,Household,Shampoo,1200,3,3600,Card,1440,4320,
INV1669,8/8/2025,Food items,Spaghetti,6000,8,48000,Cash,7200,57600,
INV1670,8/8/2025,Beverages,Pepsi,2880,1,2880,Transfer,3456,3456,
INV2899,8/8/2025,Food items,Coffee,1900,4,7600,Card,2280,9120,
INV2971,8/8/2025,Household,Toothpaste,800,9,7200,Card,960,8640,
INV3108,8/8/2025,Food items,Bread,500,9,4500,Card,600,5400,
INV3547,8/8/2025,Food items,Bread,500,2,1000,Card,600,1200,
INV3688,8/8/2025,Household,Soap,1700,4,6800,Cash,2040,8160,
INV1671,8/9/2025,Food items,Rice,48000,1,48000,Card,57600,57600,
INV1672,8/9/2025,Beverages,Water,1750,1,1750,Cash,2100,2100,
INV1673,8/9/2025,Food items,Bread,500,7,3500,Cash,600,4200,
INV1674,8/9/2025,Food items,Rice,48000,7,336000,Cash,57600,403200,
INV1675,8/9/2025,Beverages,Coke,2880,6,17280,Cash,3456,20736,
INV3449,8/9/2025,Food items,Coffee,1900,5,9500,Transfer,2280,11400,
INV1676,8/10/2025,Food items,Rice,48000,8,384000,Cash,57600,460800,
INV1677,8/10/2025,Food items,Bread,500,9,4500,Transfer,600,5400,
INV1678,8/10/2025,Snacks,Chips,400,3,1200,Card,480,1440,
INV1679,8/10/2025,Beverages,Fanta,2880,7,20160,Card,3456,24192,
INV1680,8/10/2025,Beverages,Coke,2880,3,8640,Card,3456,10368,
INV1681,8/10/2025,Household,Detergent,6900,5,34500,Transfer,8280,41400,
INV1682,8/10/2025,Snacks,Chips,400,4,1600,Cash,480,1920,
INV2823,8/10/2025,Food items,Eggs,3300,4,13200,Transfer,3960,15840,
INV3386,8/10/2025,Dairy,Milk,9100,2,18200,Transfer,10920,21840,
INV3905,8/10/2025,Household,Soap,1700,5,8500,Transfer,2040,10200,
INV1683,8/11/2025,Beverages,Coke,2880,2,5760,Card,3456,6912,
INV1684,8/11/2025,Snacks,Chocolate,3000,7,21000,Cash,3600,25200,
INV1685,8/11/2025,Snacks,Chips,400,10,4000,Transfer,480,4800,
INV1686,8/11/2025,Beverages,Pepsi,2880,4,11520,Card,3456,13824,
INV1687,8/11/2025,Beverages,Coke,2880,2,5760,Cash,3456,6912,
INV1688,8/11/2025,Beverages,Coke,2880,8,23040,Cash,3456,27648,
INV1689,8/11/2025,Household,Detergent,6900,9,62100,Cash,8280,74520,
INV1690,8/11/2025,Food items,Beans,60000,6,360000,Transfer,72000,432000,
INV1691,8/11/2025,Beverages,Coke,2880,8,23040,Transfer,3456,27648,
INV2828,8/11/2025,Food items,Eggs,3300,5,16500,Cash,3960,19800,
INV2893,8/11/2025,Food items,Tea,600,2,1200,Card,720,1440,
INV3003,8/11/2025,Dairy,Butter,120,2,240,Card,144,288,
INV3849,8/11/2025,Food items,Sugar,3600,2,7200,Cash,4320,8640,
INV1692,8/12/2025,Snacks,Chocolate,3000,5,15000,Transfer,3600,18000,
INV1693,8/12/2025,Food items,Bread,500,9,4500,Cash,600,5400,
INV1694,8/12/2025,Food items,Beans,60000,10,600000,Transfer,72000,720000,
INV1695,8/12/2025,Food items,Rice,48000,8,384000,Transfer,57600,460800,
INV1696,8/12/2025,Food items,Spaghetti,6000,3,18000,Card,7200,21600,
INV1697,8/12/2025,Snacks,Chocolate,3000,1,3000,Cash,3600,3600,
INV3078,8/12/2025,Dairy,Milk,9100,8,72800,Cash,10920,87360,
INV3671,8/12/2025,Food items,Rice,48000,1,48000,Card,57600,57600,
INV1698,8/13/2025,Snacks,Chocolate,3000,2,6000,Transfer,3600,7200,
INV1699,8/13/2025,Food items,Bread,500,6,3000,Cash,600,3600,
INV1700,8/13/2025,Household,Soap,1700,6,10200,Transfer,2040,12240,
INV1701,8/13/2025,Food items,Spaghetti,6000,9,54000,Cash,7200,64800,
INV1702,8/13/2025,Food items,Spaghetti,6000,9,54000,Cash,7200,64800,
INV1703,8/13/2025,Household,Soap,1700,8,13600,Transfer,2040,16320,
INV1704,8/13/2025,Beverages,Coke,2880,2,5760,Card,3456,6912,
INV1705,8/13/2025,Household,Soap,1700,1,1700,Transfer,2040,2040,
INV3382,8/13/2025,Household,Soap,1700,1,1700,Card,2040,2040,
INV3479,8/13/2025,Food items,Bread,500,2,1000,Cash,600,1200,
INV3608,8/13/2025,Food items,Coffee,1900,3,5700,Card,2280,6840,
INV3704,8/13/2025,Food items,Tea,600,6,3600,Cash,720,4320,
INV1706,8/14/2025,Snacks,Chocolate,3000,5,15000,Transfer,3600,18000,
INV1707,8/14/2025,Snacks,Chocolate,3000,4,12000,Card,3600,14400,
INV1708,8/14/2025,Food items,Rice,48000,2,96000,Card,57600,115200,
INV1709,8/14/2025,Food items,Rice,48000,6,288000,Transfer,57600,345600,
INV1710,8/14/2025,Snacks,Chips,400,9,3600,Cash,480,4320,
INV1711,8/14/2025,Beverages,Coke,2880,9,25920,Cash,3456,31104,
INV1712,8/14/2025,Snacks,Chips,400,4,1600,Transfer,480,1920,
INV1713,8/14/2025,Food items,Rice,48000,7,336000,Transfer,57600,403200,
INV1714,8/14/2025,Snacks,Chocolate,3000,7,21000,Cash,3600,25200,
INV2996,8/14/2025,Food items,Coffee,1900,10,19000,Card,2280,22800,
INV3202,8/14/2025,Household,Toothpaste,800,3,2400,Card,960,2880,
INV3648,8/14/2025,Dairy,Milk,9100,10,91000,Transfer,10920,109200,
INV1715,8/15/2025,Food items,Spaghetti,6000,7,42000,Transfer,7200,50400,
INV1716,8/15/2025,Household,Toothpaste,800,8,6400,Card,960,7680,
INV1717,8/15/2025,Household,Shampoo,1200,10,12000,Transfer,1440,14400,
INV1718,8/15/2025,Household,Detergent,6900,9,62100,Transfer,8280,74520,
INV1719,8/15/2025,Household,Shampoo,1200,9,10800,Cash,1440,12960,
INV3228,8/15/2025,Food items,Bread,500,7,3500,Transfer,600,4200,
INV3541,8/15/2025,Food items,Bread,500,5,2500,Cash,600,3000,
INV1720,8/16/2025,Beverages,Coke,2880,10,28800,Cash,3456,34560,
INV1721,8/16/2025,Beverages,Pepsi,2880,8,23040,Cash,3456,27648,
INV1722,8/16/2025,Beverages,Fanta,2880,1,2880,Card,3456,3456,
INV1723,8/16/2025,Food items,Spaghetti,6000,10,60000,Transfer,7200,72000,
INV1724,8/16/2025,Beverages,Pepsi,2880,6,17280,Transfer,3456,20736,
INV1725,8/16/2025,Household,Detergent,6900,10,69000,Cash,8280,82800,
INV2946,8/16/2025,Dairy,Butter,120,4,480,Card,144,576,
INV3272,8/16/2025,Household,Toothpaste,800,8,6400,Transfer,960,7680,
INV1726,8/17/2025,Food items,Rice,48000,2,96000,Card,57600,115200,
INV1727,8/17/2025,Household,Soap,1700,8,13600,Cash,2040,16320,
INV1728,8/17/2025,Household,Toothpaste,800,9,7200,Transfer,960,8640,
INV1729,8/17/2025,Beverages,Water,1750,6,10500,Cash,2100,12600,
INV1730,8/17/2025,Beverages,Coke,2880,6,17280,Cash,3456,20736,
INV1731,8/17/2025,Food items,Spaghetti,6000,4,24000,Transfer,7200,28800,
INV2968,8/17/2025,Food items,Bread,500,2,1000,Transfer,600,1200,
INV3045,8/17/2025,Dairy,Milk,9100,1,9100,Cash,10920,10920,
INV3181,8/17/2025,Food items,Eggs,3300,1,3300,Cash,3960,3960,
INV3699,8/17/2025,Household,Soap,1700,6,10200,Cash,2040,12240,
INV1732,8/18/2025,Household,Detergent,6900,4,27600,Card,8280,33120,
INV1733,8/18/2025,Household,Detergent,6900,8,55200,Transfer,8280,66240,
INV1734,8/18/2025,Food items,Bread,500,7,3500,Transfer,600,4200,
INV1735,8/18/2025,Beverages,Pepsi,2880,5,14400,Card,3456,17280,
INV1736,8/18/2025,Snacks,Biscuits,5200,9,46800,Transfer,6240,56160,
INV1737,8/18/2025,Food items,Spaghetti,6000,7,42000,Card,7200,50400,
INV1738,8/18/2025,Household,Soap,1700,6,10200,Transfer,2040,12240,
INV2798,8/18/2025,Dairy,Milk,9100,7,63700,Transfer,10920,76440,
INV3027,8/18/2025,Dairy,Butter,120,7,840,Transfer,144,1008,
INV3600,8/18/2025,Household,Soap,1700,2,3400,Cash,2040,4080,
INV1739,8/19/2025,Household,Toothpaste,800,10,8000,Card,960,9600,
INV1740,8/19/2025,Beverages,Pepsi,2880,8,23040,Cash,3456,27648,
INV1741,8/19/2025,Snacks,Biscuits,5200,5,26000,Cash,6240,31200,
INV1742,8/19/2025,Beverages,Pepsi,2880,9,25920,Cash,3456,31104,
INV1743,8/19/2025,Snacks,Chocolate,3000,9,27000,Transfer,3600,32400,
INV1744,8/19/2025,Household,Detergent,6900,3,20700,Card,8280,24840,
INV1745,8/19/2025,Beverages,Fanta,2880,1,2880,Transfer,3456,3456,
INV1746,8/19/2025,Food items,Beans,60000,8,480000,Card,72000,576000,
INV1747,8/19/2025,Food items,Bread,500,5,2500,Transfer,600,3000,
INV2775,8/19/2025,Food items,Rice,48000,4,192000,Cash,57600,230400,
INV2995,8/19/2025,Dairy,Milk,9100,10,91000,Cash,10920,109200,
INV3234,8/19/2025,Household,Soap,1700,1,1700,Card,2040,2040,
INV3878,8/19/2025,Dairy,Butter,120,5,600,Cash,144,720,
INV3946,8/19/2025,Food items,Rice,48000,4,192000,Card,57600,230400,
INV1748,8/20/2025,Household,Toothpaste,800,10,8000,Transfer,960,9600,
INV1749,8/20/2025,Beverages,Water,1750,1,1750,Transfer,2100,2100,
INV1750,8/20/2025,Beverages,Fanta,2880,8,23040,Cash,3456,27648,
INV1751,8/20/2025,Food items,Bread,500,6,3000,Transfer,600,3600,
INV1752,8/20/2025,Food items,Spaghetti,6000,8,48000,Transfer,7200,57600,
INV1753,8/20/2025,Food items,Bread,500,6,3000,Card,600,3600,
INV1754,8/20/2025,Beverages,Fanta,2880,2,5760,Card,3456,6912,
INV3040,8/20/2025,Food items,Sugar,3600,3,10800,Cash,4320,12960,
INV3119,8/20/2025,Food items,Rice,48000,2,96000,Card,57600,115200,
INV3894,8/20/2025,Food items,Eggs,3300,1,3300,Cash,3960,3960,
INV1755,8/21/2025,Snacks,Chips,400,8,3200,Cash,480,3840,
INV1756,8/21/2025,Food items,Bread,500,2,1000,Card,600,1200,
INV1757,8/21/2025,Beverages,Coke,2880,7,20160,Transfer,3456,24192,
INV1758,8/21/2025,Snacks,Chips,400,10,4000,Cash,480,4800,
INV1759,8/21/2025,Food items,Beans,60000,3,180000,Transfer,72000,216000,
INV1760,8/21/2025,Household,Detergent,6900,3,20700,Card,8280,24840,
INV2860,8/21/2025,Dairy,Butter,120,4,480,Cash,144,576,
INV2890,8/21/2025,Food items,Rice,48000,1,48000,Card,57600,57600,
INV2961,8/21/2025,Food items,Tea,600,7,4200,Transfer,720,5040,
INV3510,8/21/2025,Food items,Rice,48000,2,96000,Cash,57600,115200,
INV3523,8/21/2025,Food items,Eggs,3300,10,33000,Cash,3960,39600,
INV1761,8/22/2025,Snacks,Chips,400,4,1600,Cash,480,1920,
INV1762,8/22/2025,Household,Toothpaste,800,4,3200,Card,960,3840,
INV1763,8/22/2025,Food items,Beans,60000,3,180000,Card,72000,216000,
INV1764,8/22/2025,Beverages,Coke,2880,8,23040,Transfer,3456,27648,
INV1765,8/22/2025,Household,Toothpaste,800,9,7200,Transfer,960,8640,
INV1766,8/22/2025,Food items,Rice,48000,8,384000,Card,57600,460800,
INV1767,8/22/2025,Food items,Bread,500,5,2500,Cash,600,3000,
INV1768,8/22/2025,Snacks,Chips,400,10,4000,Card,480,4800,
INV1769,8/22/2025,Beverages,Water,1750,3,5250,Cash,2100,6300,
INV1770,8/22/2025,Household,Detergent,6900,9,62100,Card,8280,74520,
INV3138,8/22/2025,Food items,Bread,500,1,500,Card,600,600,
INV3342,8/22/2025,Food items,Bread,500,6,3000,Card,600,3600,
INV3785,8/22/2025,Food items,Coffee,1900,5,9500,Transfer,2280,11400,
INV3786,8/22/2025,Food items,Rice,48000,10,480000,Card,57600,576000,
INV1771,8/23/2025,Snacks,Chips,400,5,2000,Card,480,2400,
INV1772,8/23/2025,Beverages,Fanta,2880,8,23040,Cash,3456,27648,
INV1773,8/23/2025,Snacks,Chips,400,3,1200,Cash,480,1440,
INV1774,8/23/2025,Beverages,Pepsi,2880,7,20160,Card,3456,24192,
INV1775,8/23/2025,Beverages,Fanta,2880,8,23040,Transfer,3456,27648,
INV1776,8/23/2025,Household,Toothpaste,800,3,2400,Cash,960,2880,
INV1777,8/23/2025,Food items,Bread,500,3,1500,Cash,600,1800,
INV1778,8/23/2025,Household,Detergent,6900,10,69000,Transfer,8280,82800,
INV2985,8/23/2025,Food items,Rice,48000,4,192000,Card,57600,230400,
INV3472,8/23/2025,Household,Toothpaste,800,7,5600,Card,960,6720,
INV1779,8/24/2025,Household,Toothpaste,800,9,7200,Cash,960,8640,
INV1780,8/24/2025,Snacks,Chocolate,3000,8,24000,Card,3600,28800,
INV1781,8/24/2025,Food items,Beans,60000,6,360000,Cash,72000,432000,
INV1782,8/24/2025,Snacks,Chocolate,3000,8,24000,Transfer,3600,28800,
INV1783,8/24/2025,Beverages,Fanta,2880,8,23040,Cash,3456,27648,
INV1784,8/24/2025,Food items,Beans,60000,7,420000,Card,72000,504000,
INV1785,8/24/2025,Snacks,Chocolate,3000,3,9000,Transfer,3600,10800,
INV2907,8/24/2025,Food items,Tea,600,2,1200,Card,720,1440,
INV3014,8/24/2025,Dairy,Butter,120,4,480,Transfer,144,576,
INV3030,8/24/2025,Food items,Bread,500,4,2000,Card,600,2400,
INV3077,8/24/2025,Food items,Tea,600,1,600,Transfer,720,720,
INV3762,8/24/2025,Household,Toothpaste,800,6,4800,Cash,960,5760,
INV1786,8/25/2025,Snacks,Chips,400,9,3600,Transfer,480,4320,
INV1787,8/25/2025,Snacks,Biscuits,5200,10,52000,Cash,6240,62400,
INV1788,8/25/2025,Beverages,Fanta,2880,5,14400,Cash,3456,17280,
INV1789,8/25/2025,Beverages,Coke,2880,7,20160,Cash,3456,24192,
INV1790,8/25/2025,Beverages,Coke,2880,10,28800,Transfer,3456,34560,
INV1791,8/25/2025,Household,Soap,1700,3,5100,Cash,2040,6120,
INV3047,8/25/2025,Dairy,Butter,120,10,1200,Card,144,1440,
INV3134,8/25/2025,Household,Toothpaste,800,9,7200,Transfer,960,8640,
INV3453,8/25/2025,Food items,Tea,600,6,3600,Transfer,720,4320,
INV1792,8/26/2025,Food items,Bread,500,5,2500,Transfer,600,3000,
INV1793,8/26/2025,Household,Shampoo,1200,7,8400,Transfer,1440,10080,
INV1794,8/26/2025,Beverages,Coke,2880,2,5760,Transfer,3456,6912,
INV1795,8/26/2025,Snacks,Chocolate,3000,4,12000,Transfer,3600,14400,
INV1796,8/26/2025,Food items,Beans,60000,4,240000,Card,72000,288000,
INV1797,8/26/2025,Snacks,Chips,400,3,1200,Transfer,480,1440,
INV1798,8/26/2025,Snacks,Chocolate,3000,6,18000,Transfer,3600,21600,
INV1799,8/26/2025,Snacks,Chocolate,3000,6,18000,Card,3600,21600,
INV1800,8/26/2025,Beverages,Water,1750,2,3500,Card,2100,4200,
INV1801,8/26/2025,Beverages,Pepsi,2880,6,17280,Card,3456,20736,
INV3184,8/26/2025,Food items,Bread,500,4,2000,Transfer,600,2400,
INV3263,8/26/2025,Food items,Eggs,3300,10,33000,Cash,3960,39600,
INV1802,8/27/2025,Beverages,Pepsi,2880,3,8640,Transfer,3456,10368,
INV1803,8/27/2025,Food items,Beans,60000,5,300000,Transfer,72000,360000,
INV1804,8/27/2025,Beverages,Pepsi,2880,10,28800,Cash,3456,34560,
INV1805,8/27/2025,Snacks,Biscuits,5200,1,5200,Card,6240,6240,
INV1806,8/27/2025,Snacks,Biscuits,5200,4,20800,Card,6240,24960,
INV1807,8/27/2025,Snacks,Chips,400,9,3600,Transfer,480,4320,
INV1808,8/27/2025,Food items,Beans,60000,5,300000,Cash,72000,360000,
INV3115,8/27/2025,Household,Soap,1700,2,3400,Card,2040,4080,
INV1809,8/28/2025,Beverages,Coke,2880,8,23040,Cash,3456,27648,
INV1810,8/28/2025,Food items,Spaghetti,6000,5,30000,Card,7200,36000,
INV1811,8/28/2025,Beverages,Water,1750,2,3500,Card,2100,4200,
INV1812,8/28/2025,Snacks,Biscuits,5200,2,10400,Cash,6240,12480,
INV1813,8/28/2025,Household,Toothpaste,800,6,4800,Cash,960,5760,
INV1814,8/28/2025,Food items,Bread,500,3,1500,Transfer,600,1800,
INV1815,8/28/2025,Household,Toothpaste,800,6,4800,Cash,960,5760,
INV1816,8/28/2025,Snacks,Chocolate,3000,1,3000,Cash,3600,3600,
INV1817,8/28/2025,Beverages,Fanta,2880,4,11520,Transfer,3456,13824,
INV3158,8/28/2025,Household,Soap,1700,7,11900,Card,2040,14280,
INV3506,8/28/2025,Household,Toothpaste,800,9,7200,Transfer,960,8640,
INV3624,8/28/2025,Food items,Sugar,3600,3,10800,Cash,4320,12960,
INV1818,8/29/2025,Food items,Spaghetti,6000,3,18000,Cash,7200,21600,
INV1819,8/29/2025,Household,Detergent,6900,2,13800,Card,8280,16560,
INV1820,8/29/2025,Snacks,Chocolate,3000,6,18000,Transfer,3600,21600,
INV1821,8/29/2025,Food items,Rice,48000,9,432000,Cash,57600,518400,
INV1822,8/29/2025,Food items,Spaghetti,6000,3,18000,Card,7200,21600,
INV1823,8/29/2025,Food items,Spaghetti,6000,1,6000,Cash,7200,7200,
INV1824,8/29/2025,Beverages,Water,1750,7,12250,Cash,2100,14700,
INV3168,8/29/2025,Dairy,Milk,9100,6,54600,Card,10920,65520,
INV3593,8/29/2025,Food items,Coffee,1900,6,11400,Card,2280,13680,
INV3651,8/29/2025,Dairy,Milk,9100,4,36400,Transfer,10920,43680,
INV1825,8/30/2025,Household,Soap,1700,7,11900,Transfer,2040,14280,
INV1826,8/30/2025,Snacks,Biscuits,5200,10,52000,Cash,6240,62400,
INV1827,8/30/2025,Food items,Beans,60000,7,420000,Cash,72000,504000,
INV1828,8/30/2025,Household,Soap,1700,1,1700,Card,2040,2040,
INV1829,8/30/2025,Beverages,Fanta,2880,7,20160,Cash,3456,24192,
INV1830,8/30/2025,Snacks,Biscuits,5200,4,20800,Card,6240,24960,
INV1831,8/30/2025,Beverages,Water,1750,8,14000,Card,2100,16800,
INV1832,8/30/2025,Beverages,Coke,2880,8,23040,Transfer,3456,27648,
INV1833,8/30/2025,Beverages,Fanta,2880,7,20160,Card,3456,24192,
INV1834,8/30/2025,Household,Shampoo,1200,3,3600,Cash,1440,4320,
INV3369,8/30/2025,Food items,Eggs,3300,3,9900,Transfer,3960,11880,
INV3381,8/30/2025,Food items,Bread,500,4,2000,Cash,600,2400,
INV3394,8/30/2025,Household,Toothpaste,800,3,2400,Transfer,960,2880,
INV3742,8/30/2025,Food items,Bread,500,4,2000,Transfer,600,2400,
INV1835,8/31/2025,Household,Toothpaste,800,2,1600,Cash,960,1920,
INV1836,8/31/2025,Food items,Bread,500,5,2500,Card,600,3000,
INV1837,8/31/2025,Beverages,Pepsi,2880,5,14400,Card,3456,17280,
INV1838,8/31/2025,Snacks,Chocolate,3000,4,12000,Transfer,3600,14400,
INV1839,8/31/2025,Food items,Spaghetti,6000,7,42000,Transfer,7200,50400,
INV1840,8/31/2025,Beverages,Pepsi,2880,4,11520,Transfer,3456,13824,
INV1841,8/31/2025,Food items,Bread,500,2,1000,Transfer,600,1200,
INV1842,8/31/2025,Food items,Bread,500,8,4000,Cash,600,4800,
INV1843,8/31/2025,Household,Detergent,6900,2,13800,Transfer,8280,16560,
INV1844,8/31/2025,Household,Shampoo,1200,4,4800,Cash,1440,5760,
INV2958,8/31/2025,Household,Soap,1700,3,5100,Card,2040,6120,
INV3621,8/31/2025,Food items,Rice,48000,6,288000,Card,57600,345600,
INV3829,8/31/2025,Household,Toothpaste,800,4,3200,Cash,960,3840,
INV3862,8/31/2025,Food items,Rice,48000,9,432000,Cash,57600,518400,
INV1845,9/1/2025,Food items,Rice,48000,1,48000,Transfer,57600,57600,
INV1846,9/1/2025,Food items,Spaghetti,6000,9,54000,Card,7200,64800,
INV1847,9/1/2025,Household,Detergent,6900,10,69000,Transfer,8280,82800,
INV1848,9/1/2025,Beverages,Coke,2880,6,17280,Transfer,3456,20736,
INV1849,9/1/2025,Beverages,Fanta,2880,6,17280,Card,3456,20736,
INV1850,9/1/2025,Snacks,Chips,400,3,1200,Cash,480,1440,
INV1851,9/1/2025,Snacks,Chips,400,8,3200,Card,480,3840,
INV2933,9/1/2025,Food items,Coffee,1900,4,7600,Transfer,2280,9120,
INV3803,9/1/2025,Dairy,Butter,120,4,480,Transfer,144,576,
INV1852,9/2/2025,Food items,Bread,500,7,3500,Transfer,600,4200,
INV1853,9/2/2025,Food items,Rice,48000,9,432000,Card,57600,518400,
INV1854,9/2/2025,Food items,Bread,500,6,3000,Transfer,600,3600,
INV1855,9/2/2025,Household,Shampoo,1200,6,7200,Card,1440,8640,
INV1856,9/2/2025,Food items,Bread,500,6,3000,Transfer,600,3600,
INV1857,9/2/2025,Snacks,Chocolate,3000,4,12000,Transfer,3600,14400,
INV2940,9/2/2025,Household,Soap,1700,8,13600,Transfer,2040,16320,
INV3057,9/2/2025,Dairy,Milk,9100,9,81900,Cash,10920,98280,
INV3666,9/2/2025,Food items,Coffee,1900,9,17100,Card,2280,20520,
INV1858,9/3/2025,Beverages,Fanta,2880,3,8640,Card,3456,10368,
INV1859,9/3/2025,Household,Soap,1700,7,11900,Cash,2040,14280,
INV1860,9/3/2025,Beverages,Coke,2880,9,25920,Cash,3456,31104,
INV1861,9/3/2025,Snacks,Chocolate,3000,6,18000,Cash,3600,21600,
INV1862,9/3/2025,Household,Toothpaste,800,2,1600,Card,960,1920,
INV1863,9/3/2025,Beverages,Water,1750,3,5250,Cash,2100,6300,
INV1864,9/3/2025,Beverages,Coke,2880,1,2880,Transfer,3456,3456,
INV1865,9/3/2025,Household,Soap,1700,5,8500,Transfer,2040,10200,
INV2936,9/3/2025,Household,Toothpaste,800,4,3200,Cash,960,3840,
INV2984,9/3/2025,Food items,Coffee,1900,5,9500,Transfer,2280,11400,
INV3189,9/3/2025,Food items,Eggs,3300,6,19800,Transfer,3960,23760,
INV3349,9/3/2025,Food items,Bread,500,3,1500,Transfer,600,1800,
INV3368,9/3/2025,Food items,Bread,500,2,1000,Cash,600,1200,
INV3622,9/3/2025,Food items,Tea,600,7,4200,Cash,720,5040,
INV1866,9/4/2025,Household,Soap,1700,7,11900,Card,2040,14280,
INV1867,9/4/2025,Beverages,Water,1750,9,15750,Card,2100,18900,
INV1868,9/4/2025,Snacks,Biscuits,5200,2,10400,Card,6240,12480,
INV1869,9/4/2025,Snacks,Biscuits,5200,2,10400,Cash,6240,12480,
INV1870,9/4/2025,Beverages,Fanta,2880,4,11520,Cash,3456,13824,
INV1871,9/4/2025,Household,Soap,1700,4,6800,Card,2040,8160,
INV1872,9/4/2025,Household,Soap,1700,3,5100,Cash,2040,6120,
INV1873,9/4/2025,Beverages,Fanta,2880,4,11520,Card,3456,13824,
INV2806,9/4/2025,Dairy,Milk,9100,3,27300,Cash,10920,32760,
INV3284,9/4/2025,Dairy,Milk,9100,2,18200,Cash,10920,21840,
INV1874,9/5/2025,Beverages,Water,1750,10,17500,Cash,2100,21000,
INV1875,9/5/2025,Beverages,Coke,2880,1,2880,Card,3456,3456,
INV1876,9/5/2025,Beverages,Coke,2880,7,20160,Cash,3456,24192,
INV1877,9/5/2025,Food items,Bread,500,4,2000,Transfer,600,2400,
INV1878,9/5/2025,Household,Detergent,6900,1,6900,Transfer,8280,8280,
INV1879,9/5/2025,Beverages,Fanta,2880,9,25920,Card,3456,31104,
INV1880,9/5/2025,Beverages,Pepsi,2880,10,28800,Cash,3456,34560,
INV3034,9/5/2025,Food items,Bread,500,10,5000,Transfer,600,6000,
INV3288,9/5/2025,Household,Soap,1700,3,5100,Card,2040,6120,
INV3356,9/5/2025,Food items,Tea,600,1,600,Cash,720,720,
INV3372,9/5/2025,Food items,Rice,48000,7,336000,Cash,57600,403200,
INV3705,9/5/2025,Dairy,Milk,9100,1,9100,Transfer,10920,10920,
INV1881,9/6/2025,Food items,Spaghetti,6000,2,12000,Card,7200,14400,
INV1882,9/6/2025,Snacks,Chocolate,3000,9,27000,Card,3600,32400,
INV1883,9/6/2025,Food items,Rice,48000,10,480000,Card,57600,576000,
INV1884,9/6/2025,Household,Soap,1700,7,11900,Cash,2040,14280,
INV1885,9/6/2025,Food items,Spaghetti,6000,8,48000,Card,7200,57600,
INV2772,9/6/2025,Food items,Sugar,3600,8,28800,Transfer,4320,34560,
INV2947,9/6/2025,Household,Toothpaste,800,8,6400,Cash,960,7680,
INV3436,9/6/2025,Food items,Tea,600,10,6000,Transfer,720,7200,
INV3812,9/6/2025,Food items,Tea,600,3,1800,Transfer,720,2160,
INV1886,9/7/2025,Beverages,Coke,2880,4,11520,Card,3456,13824,
INV1887,9/7/2025,Household,Toothpaste,800,8,6400,Cash,960,7680,
INV1888,9/7/2025,Food items,Spaghetti,6000,5,30000,Transfer,7200,36000,
INV1889,9/7/2025,Household,Toothpaste,800,2,1600,Cash,960,1920,
INV1890,9/7/2025,Beverages,Pepsi,2880,8,23040,Cash,3456,27648,
INV1891,9/7/2025,Beverages,Coke,2880,6,17280,Card,3456,20736,
INV1892,9/7/2025,Food items,Beans,60000,1,60000,Card,72000,72000,
INV2755,9/7/2025,Food items,Bread,500,1,500,Transfer,600,600,
INV3151,9/7/2025,Household,Toothpaste,800,1,800,Card,960,960,
INV3918,9/7/2025,Food items,Eggs,3300,2,6600,Transfer,3960,7920,
INV1893,9/8/2025,Food items,Bread,500,3,1500,Card,600,1800,
INV1894,9/8/2025,Household,Shampoo,1200,3,3600,Transfer,1440,4320,
INV1895,9/8/2025,Household,Detergent,6900,8,55200,Card,8280,66240,
INV1896,9/8/2025,Food items,Rice,48000,7,336000,Transfer,57600,403200,
INV1897,9/8/2025,Household,Detergent,6900,5,34500,Card,8280,41400,
INV1898,9/8/2025,Beverages,Coke,2880,4,11520,Transfer,3456,13824,
INV1899,9/8/2025,Beverages,Pepsi,2880,5,14400,Card,3456,17280,
INV1900,9/8/2025,Food items,Rice,48000,2,96000,Cash,57600,115200,
INV1901,9/8/2025,Food items,Beans,60000,4,240000,Transfer,72000,288000,
INV1902,9/8/2025,Snacks,Biscuits,5200,7,36400,Transfer,6240,43680,
INV3938,9/8/2025,Food items,Tea,600,5,3000,Cash,720,3600,
INV1903,9/9/2025,Food items,Rice,48000,6,288000,Card,57600,345600,
INV1904,9/9/2025,Household,Toothpaste,800,8,6400,Card,960,7680,
INV1905,9/9/2025,Beverages,Coke,2880,7,20160,Cash,3456,24192,
INV1906,9/9/2025,Food items,Beans,60000,6,360000,Transfer,72000,432000,
INV1907,9/9/2025,Household,Detergent,6900,1,6900,Cash,8280,8280,
INV1908,9/9/2025,Household,Toothpaste,800,6,4800,Transfer,960,5760,
INV1909,9/9/2025,Household,Shampoo,1200,7,8400,Cash,1440,10080,
INV3730,9/9/2025,Household,Toothpaste,800,10,8000,Cash,960,9600,
INV1910,9/10/2025,Beverages,Coke,2880,1,2880,Cash,3456,3456,
INV1911,9/10/2025,Beverages,Coke,2880,9,25920,Cash,3456,31104,
INV1912,9/10/2025,Household,Toothpaste,800,8,6400,Card,960,7680,
INV1913,9/10/2025,Snacks,Biscuits,5200,3,15600,Card,6240,18720,
INV1914,9/10/2025,Snacks,Biscuits,5200,1,5200,Card,6240,6240,
INV1915,9/10/2025,Beverages,Pepsi,2880,8,23040,Cash,3456,27648,
INV1916,9/10/2025,Household,Toothpaste,800,4,3200,Transfer,960,3840,
INV1917,9/10/2025,Household,Shampoo,1200,5,6000,Card,1440,7200,
INV1918,9/10/2025,Household,Soap,1700,1,1700,Card,2040,2040,
INV2843,9/10/2025,Food items,Bread,500,5,2500,Card,600,3000,
INV3009,9/10/2025,Household,Toothpaste,800,5,4000,Card,960,4800,
INV3391,9/10/2025,Household,Soap,1700,5,8500,Card,2040,10200,
INV3770,9/10/2025,Food items,Rice,48000,1,48000,Card,57600,57600,
INV3771,9/10/2025,Food items,Tea,600,5,3000,Cash,720,3600,
INV1919,9/11/2025,Household,Detergent,6900,1,6900,Cash,8280,8280,
INV1920,9/11/2025,Snacks,Chips,400,7,2800,Card,480,3360,
INV1921,9/11/2025,Household,Detergent,6900,10,69000,Cash,8280,82800,
INV1922,9/11/2025,Beverages,Water,1750,1,1750,Transfer,2100,2100,
INV1923,9/11/2025,Household,Detergent,6900,2,13800,Transfer,8280,16560,
INV2922,9/11/2025,Food items,Eggs,3300,8,26400,Transfer,3960,31680,
INV1924,9/12/2025,Food items,Beans,60000,6,360000,Card,72000,432000,
INV1925,9/12/2025,Beverages,Pepsi,2880,3,8640,Cash,3456,10368,
INV1926,9/12/2025,Snacks,Biscuits,5200,2,10400,Transfer,6240,12480,
INV1927,9/12/2025,Household,Shampoo,1200,1,1200,Transfer,1440,1440,
INV1928,9/12/2025,Household,Toothpaste,800,2,1600,Cash,960,1920,
INV3226,9/12/2025,Food items,Coffee,1900,10,19000,Card,2280,22800,
INV3376,9/12/2025,Food items,Coffee,1900,10,19000,Card,2280,22800,
INV3588,9/12/2025,Food items,Bread,500,8,4000,Cash,600,4800,
INV3744,9/12/2025,Food items,Coffee,1900,4,7600,Card,2280,9120,
INV3783,9/12/2025,Food items,Bread,500,2,1000,Cash,600,1200,
INV3876,9/12/2025,Dairy,Butter,120,3,360,Card,144,432,
INV1929,9/13/2025,Household,Detergent,6900,3,20700,Cash,8280,24840,
INV1930,9/13/2025,Household,Detergent,6900,10,69000,Transfer,8280,82800,
INV1931,9/13/2025,Beverages,Water,1750,3,5250,Card,2100,6300,
INV1932,9/13/2025,Snacks,Chips,400,4,1600,Transfer,480,1920,
INV1933,9/13/2025,Household,Detergent,6900,1,6900,Cash,8280,8280,
INV1934,9/13/2025,Food items,Spaghetti,6000,7,42000,Cash,7200,50400,
INV1935,9/13/2025,Household,Detergent,6900,5,34500,Cash,8280,41400,
INV1936,9/13/2025,Snacks,Biscuits,5200,7,36400,Cash,6240,43680,
INV3326,9/13/2025,Food items,Tea,600,10,6000,Transfer,720,7200,
INV3713,9/13/2025,Food items,Sugar,3600,3,10800,Card,4320,12960,
INV3793,9/13/2025,Food items,Tea,600,9,5400,Cash,720,6480,
INV3883,9/13/2025,Household,Soap,1700,4,6800,Cash,2040,8160,
INV1937,9/14/2025,Beverages,Coke,2880,6,17280,Card,3456,20736,
INV1938,9/14/2025,Household,Soap,1700,9,15300,Card,2040,18360,
INV1939,9/14/2025,Snacks,Chocolate,3000,4,12000,Cash,3600,14400,
INV1940,9/14/2025,Household,Shampoo,1200,8,9600,Cash,1440,11520,
INV1941,9/14/2025,Household,Soap,1700,10,17000,Card,2040,20400,
INV1942,9/14/2025,Household,Shampoo,1200,9,10800,Transfer,1440,12960,
INV1943,9/14/2025,Snacks,Biscuits,5200,6,31200,Card,6240,37440,
INV2905,9/14/2025,Food items,Eggs,3300,8,26400,Transfer,3960,31680,
INV3322,9/14/2025,Food items,Eggs,3300,7,23100,Transfer,3960,27720,
INV3601,9/14/2025,Food items,Rice,48000,6,288000,Card,57600,345600,
INV3725,9/14/2025,Household,Soap,1700,8,13600,Transfer,2040,16320,
INV1944,9/15/2025,Household,Toothpaste,800,2,1600,Cash,960,1920,
INV1945,9/15/2025,Beverages,Coke,2880,6,17280,Transfer,3456,20736,
INV1946,9/15/2025,Snacks,Chips,400,4,1600,Cash,480,1920,
INV1947,9/15/2025,Household,Detergent,6900,1,6900,Card,8280,8280,
INV1948,9/15/2025,Beverages,Pepsi,2880,7,20160,Card,3456,24192,
INV1949,9/15/2025,Beverages,Fanta,2880,3,8640,Cash,3456,10368,
INV1950,9/15/2025,Food items,Beans,60000,5,300000,Transfer,72000,360000,
INV1951,9/15/2025,Food items,Bread,500,9,4500,Card,600,5400,
INV1952,9/15/2025,Household,Soap,1700,4,6800,Cash,2040,8160,
INV1953,9/15/2025,Food items,Rice,48000,7,336000,Transfer,57600,403200,
INV2825,9/15/2025,Dairy,Butter,120,5,600,Card,144,720,
INV3097,9/15/2025,Food items,Rice,48000,9,432000,Cash,57600,518400,
INV3121,9/15/2025,Food items,Rice,48000,8,384000,Transfer,57600,460800,
INV3277,9/15/2025,Food items,Bread,500,8,4000,Transfer,600,4800,
INV3618,9/15/2025,Dairy,Milk,9100,10,91000,Cash,10920,109200,
INV3933,9/15/2025,Dairy,Butter,120,9,1080,Cash,144,1296,
INV1954,9/16/2025,Beverages,Pepsi,2880,6,17280,Transfer,3456,20736,
INV1955,9/16/2025,Food items,Beans,60000,3,180000,Cash,72000,216000,
INV1956,9/16/2025,Food items,Bread,500,8,4000,Cash,600,4800,
INV1957,9/16/2025,Beverages,Fanta,2880,9,25920,Transfer,3456,31104,
INV1958,9/16/2025,Food items,Rice,48000,2,96000,Card,57600,115200,
INV1959,9/16/2025,Food items,Rice,48000,10,480000,Transfer,57600,576000,
INV1960,9/16/2025,Snacks,Chocolate,3000,5,15000,Card,3600,18000,
INV1961,9/16/2025,Household,Detergent,6900,1,6900,Card,8280,8280,
INV2794,9/16/2025,Food items,Eggs,3300,3,9900,Card,3960,11880,
INV2827,9/16/2025,Food items,Tea,600,7,4200,Cash,720,5040,
INV2988,9/16/2025,Household,Toothpaste,800,2,1600,Cash,960,1920,
INV3174,9/16/2025,Dairy,Butter,120,8,960,Cash,144,1152,
INV3404,9/16/2025,Household,Toothpaste,800,3,2400,Cash,960,2880,
INV1962,9/17/2025,Beverages,Fanta,2880,5,14400,Card,3456,17280,
INV1963,9/17/2025,Beverages,Fanta,2880,8,23040,Card,3456,27648,
INV1964,9/17/2025,Household,Detergent,6900,5,34500,Transfer,8280,41400,
INV1965,9/17/2025,Beverages,Coke,2880,4,11520,Transfer,3456,13824,
INV1966,9/17/2025,Beverages,Pepsi,2880,9,25920,Transfer,3456,31104,
INV1967,9/17/2025,Household,Soap,1700,2,3400,Transfer,2040,4080,
INV2935,9/17/2025,Food items,Eggs,3300,4,13200,Cash,3960,15840,
INV2987,9/17/2025,Household,Soap,1700,7,11900,Card,2040,14280,
INV3247,9/17/2025,Food items,Eggs,3300,8,26400,Cash,3960,31680,
INV3375,9/17/2025,Food items,Sugar,3600,8,28800,Card,4320,34560,
INV1968,9/18/2025,Food items,Rice,48000,6,288000,Transfer,57600,345600,
INV1969,9/18/2025,Beverages,Pepsi,2880,5,14400,Cash,3456,17280,
INV1970,9/18/2025,Beverages,Pepsi,2880,8,23040,Cash,3456,27648,
INV1971,9/18/2025,Snacks,Chips,400,2,800,Transfer,480,960,
INV1972,9/18/2025,Food items,Rice,48000,2,96000,Card,57600,115200,
INV1973,9/18/2025,Snacks,Chocolate,3000,10,30000,Transfer,3600,36000,
INV1974,9/18/2025,Snacks,Chips,400,1,400,Cash,480,480,
INV1975,9/18/2025,Beverages,Pepsi,2880,5,14400,Cash,3456,17280,
INV1976,9/18/2025,Food items,Beans,60000,2,120000,Transfer,72000,144000,
INV2915,9/18/2025,Food items,Bread,500,5,2500,Transfer,600,3000,
INV3438,9/18/2025,Household,Toothpaste,800,7,5600,Card,960,6720,
INV3496,9/18/2025,Dairy,Milk,9100,3,27300,Card,10920,32760,
INV3612,9/18/2025,Household,Soap,1700,6,10200,Card,2040,12240,
INV1977,9/19/2025,Beverages,Coke,2880,4,11520,Transfer,3456,13824,
INV1978,9/19/2025,Food items,Beans,60000,10,600000,Cash,72000,720000,
INV1979,9/19/2025,Household,Detergent,6900,6,41400,Cash,8280,49680,
INV1980,9/19/2025,Food items,Spaghetti,6000,1,6000,Transfer,7200,7200,
INV1981,9/19/2025,Household,Soap,1700,3,5100,Transfer,2040,6120,
INV1982,9/19/2025,Beverages,Fanta,2880,2,5760,Cash,3456,6912,
INV1983,9/19/2025,Beverages,Fanta,2880,9,25920,Cash,3456,31104,
INV2917,9/19/2025,Dairy,Butter,120,2,240,Transfer,144,288,
INV2931,9/19/2025,Food items,Coffee,1900,1,1900,Card,2280,2280,
INV2974,9/19/2025,Food items,Sugar,3600,7,25200,Card,4320,30240,
INV3152,9/19/2025,Food items,Bread,500,3,1500,Card,600,1800,
INV3371,9/19/2025,Household,Toothpaste,800,2,1600,Card,960,1920,
INV3936,9/19/2025,Household,Toothpaste,800,6,4800,Transfer,960,5760,
INV1984,9/20/2025,Food items,Rice,48000,9,432000,Transfer,57600,518400,
INV1985,9/20/2025,Food items,Bread,500,5,2500,Card,600,3000,
INV1986,9/20/2025,Beverages,Fanta,2880,4,11520,Cash,3456,13824,
INV1987,9/20/2025,Beverages,Fanta,2880,3,8640,Card,3456,10368,
INV1988,9/20/2025,Food items,Spaghetti,6000,4,24000,Cash,7200,28800,
INV1989,9/20/2025,Food items,Rice,48000,4,192000,Transfer,57600,230400,
INV3041,9/20/2025,Household,Toothpaste,800,8,6400,Transfer,960,7680,
INV3095,9/20/2025,Food items,Sugar,3600,6,21600,Cash,4320,25920,
INV3316,9/20/2025,Dairy,Butter,120,2,240,Card,144,288,
INV3789,9/20/2025,Household,Soap,1700,10,17000,Transfer,2040,20400,
INV3854,9/20/2025,Food items,Rice,48000,10,480000,Transfer,57600,576000,
INV1990,9/21/2025,Household,Shampoo,1200,2,2400,Cash,1440,2880,
INV1991,9/21/2025,Food items,Spaghetti,6000,3,18000,Card,7200,21600,
INV1992,9/21/2025,Household,Detergent,6900,4,27600,Transfer,8280,33120,
INV1993,9/21/2025,Household,Toothpaste,800,2,1600,Cash,960,1920,
INV1994,9/21/2025,Household,Soap,1700,10,17000,Cash,2040,20400,
INV3497,9/21/2025,Food items,Coffee,1900,10,19000,Card,2280,22800,
INV3606,9/21/2025,Household,Soap,1700,2,3400,Cash,2040,4080,
INV3737,9/21/2025,Food items,Sugar,3600,9,32400,Card,4320,38880,
INV3799,9/21/2025,Household,Soap,1700,3,5100,Cash,2040,6120,
INV1995,9/22/2025,Snacks,Biscuits,5200,2,10400,Transfer,6240,12480,
INV1996,9/22/2025,Household,Toothpaste,800,1,800,Card,960,960,
INV1997,9/22/2025,Food items,Bread,500,1,500,Transfer,600,600,
INV1998,9/22/2025,Food items,Spaghetti,6000,3,18000,Card,7200,21600,
INV1999,9/22/2025,Household,Toothpaste,800,10,8000,Card,960,9600,
INV2000,9/22/2025,Household,Shampoo,1200,2,2400,Cash,1440,2880,
INV2001,9/22/2025,Beverages,Water,1750,3,5250,Card,2100,6300,
INV2002,9/22/2025,Beverages,Pepsi,2880,9,25920,Card,3456,31104,
INV2003,9/22/2025,Beverages,Pepsi,2880,10,28800,Cash,3456,34560,
INV2760,9/22/2025,Dairy,Butter,120,4,480,Card,144,576,
INV3062,9/22/2025,Household,Toothpaste,800,5,4000,Card,960,4800,
INV3715,9/22/2025,Food items,Coffee,1900,7,13300,Transfer,2280,15960,
INV3745,9/22/2025,Food items,Tea,600,10,6000,Card,720,7200,
INV2004,9/23/2025,Food items,Beans,60000,5,300000,Card,72000,360000,
INV2005,9/23/2025,Food items,Rice,48000,9,432000,Cash,57600,518400,
INV2006,9/23/2025,Snacks,Chocolate,3000,4,12000,Cash,3600,14400,
INV2007,9/23/2025,Food items,Beans,60000,7,420000,Cash,72000,504000,
INV2008,9/23/2025,Beverages,Fanta,2880,6,17280,Cash,3456,20736,
INV2009,9/23/2025,Food items,Rice,48000,3,144000,Card,57600,172800,
INV2010,9/23/2025,Household,Toothpaste,800,3,2400,Transfer,960,2880,
INV2011,9/23/2025,Beverages,Pepsi,2880,4,11520,Transfer,3456,13824,
INV3571,9/23/2025,Food items,Bread,500,3,1500,Card,600,1800,
INV3794,9/23/2025,Dairy,Milk,9100,10,91000,Card,10920,109200,
INV3805,9/23/2025,Food items,Coffee,1900,9,17100,Cash,2280,20520,
INV3864,9/23/2025,Dairy,Butter,120,6,720,Card,144,864,
INV2012,9/24/2025,Beverages,Pepsi,2880,2,5760,Card,3456,6912,
INV2013,9/24/2025,Snacks,Chocolate,3000,1,3000,Card,3600,3600,
INV2014,9/24/2025,Beverages,Pepsi,2880,5,14400,Cash,3456,17280,
INV2015,9/24/2025,Food items,Spaghetti,6000,1,6000,Card,7200,7200,
INV2016,9/24/2025,Snacks,Chips,400,1,400,Cash,480,480,
INV2017,9/24/2025,Food items,Bread,500,9,4500,Transfer,600,5400,
INV2018,9/24/2025,Household,Toothpaste,800,5,4000,Transfer,960,4800,
INV2019,9/24/2025,Snacks,Biscuits,5200,2,10400,Card,6240,12480,
INV3768,9/24/2025,Food items,Rice,48000,4,192000,Transfer,57600,230400,
INV2020,9/25/2025,Snacks,Chocolate,3000,1,3000,Card,3600,3600,
INV2021,9/25/2025,Food items,Beans,60000,5,300000,Card,72000,360000,
INV2022,9/25/2025,Beverages,Fanta,2880,3,8640,Card,3456,10368,
INV2023,9/25/2025,Food items,Spaghetti,6000,8,48000,Transfer,7200,57600,
INV2024,9/25/2025,Household,Shampoo,1200,1,1200,Cash,1440,1440,
INV2025,9/25/2025,Household,Detergent,6900,8,55200,Card,8280,66240,
INV3024,9/25/2025,Food items,Coffee,1900,2,3800,Card,2280,4560,
INV3175,9/25/2025,Food items,Coffee,1900,10,19000,Transfer,2280,22800,
INV3227,9/25/2025,Food items,Bread,500,8,4000,Card,600,4800,
INV3243,9/25/2025,Household,Toothpaste,800,2,1600,Transfer,960,1920,
INV3483,9/25/2025,Food items,Sugar,3600,1,3600,Card,4320,4320,
INV2026,9/26/2025,Food items,Bread,500,4,2000,Card,600,2400,
INV2027,9/26/2025,Household,Detergent,6900,8,55200,Cash,8280,66240,
INV2028,9/26/2025,Food items,Bread,500,1,500,Card,600,600,
INV2029,9/26/2025,Food items,Beans,60000,6,360000,Cash,72000,432000,
INV2030,9/26/2025,Household,Soap,1700,5,8500,Transfer,2040,10200,
INV2031,9/26/2025,Food items,Rice,48000,6,288000,Card,57600,345600,
INV2032,9/26/2025,Snacks,Chocolate,3000,6,18000,Transfer,3600,21600,
INV2941,9/26/2025,Food items,Eggs,3300,5,16500,Card,3960,19800,
INV3081,9/26/2025,Food items,Bread,500,9,4500,Transfer,600,5400,
INV2033,9/27/2025,Snacks,Chocolate,3000,10,30000,Transfer,3600,36000,
INV2034,9/27/2025,Food items,Beans,60000,9,540000,Card,72000,648000,
INV2035,9/27/2025,Food items,Bread,500,1,500,Card,600,600,
INV2036,9/27/2025,Food items,Beans,60000,5,300000,Transfer,72000,360000,
INV2037,9/27/2025,Beverages,Coke,2880,3,8640,Card,3456,10368,
INV2038,9/27/2025,Beverages,Pepsi,2880,7,20160,Card,3456,24192,
INV2039,9/27/2025,Beverages,Water,1750,9,15750,Cash,2100,18900,
INV3126,9/27/2025,Dairy,Milk,9100,7,63700,Cash,10920,76440,
INV3224,9/27/2025,Food items,Rice,48000,1,48000,Transfer,57600,57600,
INV3439,9/27/2025,Household,Toothpaste,800,3,2400,Transfer,960,2880,
INV3562,9/27/2025,Dairy,Milk,9100,6,54600,Cash,10920,65520,
INV3620,9/27/2025,Food items,Eggs,3300,4,13200,Card,3960,15840,
INV2040,9/28/2025,Snacks,Chocolate,3000,3,9000,Transfer,3600,10800,
INV2041,9/28/2025,Beverages,Coke,2880,9,25920,Card,3456,31104,
INV2042,9/28/2025,Snacks,Biscuits,5200,9,46800,Cash,6240,56160,
INV2043,9/28/2025,Household,Toothpaste,800,4,3200,Cash,960,3840,
INV2044,9/28/2025,Food items,Beans,60000,10,600000,Cash,72000,720000,
INV2045,9/28/2025,Snacks,Biscuits,5200,4,20800,Cash,6240,24960,
INV2959,9/28/2025,Food items,Bread,500,8,4000,Transfer,600,4800,
INV3058,9/28/2025,Food items,Eggs,3300,4,13200,Card,3960,15840,
INV3405,9/28/2025,Household,Toothpaste,800,7,5600,Cash,960,6720,
INV2046,9/29/2025,Snacks,Biscuits,5200,5,26000,Cash,6240,31200,
INV2047,9/29/2025,Food items,Rice,48000,8,384000,Cash,57600,460800,
INV2048,9/29/2025,Food items,Spaghetti,6000,6,36000,Card,7200,43200,
INV2049,9/29/2025,Snacks,Biscuits,5200,5,26000,Cash,6240,31200,
INV2050,9/29/2025,Beverages,Water,1750,5,8750,Cash,2100,10500,
INV2051,9/29/2025,Food items,Rice,48000,4,192000,Card,57600,230400,
INV2052,9/29/2025,Snacks,Chips,400,4,1600,Cash,480,1920,
INV2053,9/29/2025,Beverages,Coke,2880,1,2880,Cash,3456,3456,
INV2868,9/29/2025,Dairy,Butter,120,7,840,Cash,144,1008,
INV3218,9/29/2025,Food items,Eggs,3300,5,16500,Transfer,3960,19800,
INV3402,9/29/2025,Food items,Tea,600,10,6000,Card,720,7200,
INV3464,9/29/2025,Food items,Sugar,3600,7,25200,Transfer,4320,30240,
INV2054,9/30/2025,Household,Detergent,6900,6,41400,Transfer,8280,49680,
INV2055,9/30/2025,Snacks,Chocolate,3000,7,21000,Cash,3600,25200,
INV2056,9/30/2025,Beverages,Coke,2880,6,17280,Cash,3456,20736,
INV2057,9/30/2025,Beverages,Pepsi,2880,5,14400,Transfer,3456,17280,
INV2058,9/30/2025,Food items,Rice,48000,2,96000,Transfer,57600,115200,
INV2824,9/30/2025,Food items,Tea,600,10,6000,Card,720,7200,
INV3150,9/30/2025,Dairy,Butter,120,3,360,Transfer,144,432,
INV3298,9/30/2025,Dairy,Milk,9100,9,81900,Cash,10920,98280,
INV3712,9/30/2025,Household,Toothpaste,800,6,4800,Transfer,960,5760,
INV2059,10/1/2025,Snacks,Chips,400,9,3600,Card,480,4320,
INV2060,10/1/2025,Snacks,Biscuits,5200,5,26000,Transfer,6240,31200,
INV2061,10/1/2025,Snacks,Chocolate,3000,3,9000,Transfer,3600,10800,
INV2062,10/1/2025,Food items,Spaghetti,6000,3,18000,Transfer,7200,21600,
INV2063,10/1/2025,Beverages,Fanta,2880,7,20160,Cash,3456,24192,
INV2064,10/1/2025,Food items,Spaghetti,6000,7,42000,Cash,7200,50400,
INV2065,10/1/2025,Food items,Rice,48000,6,288000,Card,57600,345600,
INV2066,10/1/2025,Household,Detergent,6900,5,34500,Card,8280,41400,
INV2835,10/1/2025,Food items,Coffee,1900,2,3800,Transfer,2280,4560,
INV2967,10/1/2025,Food items,Sugar,3600,2,7200,Transfer,4320,8640,
INV2992,10/1/2025,Household,Soap,1700,5,8500,Cash,2040,10200,
INV3209,10/1/2025,Household,Toothpaste,800,10,8000,Card,960,9600,
INV3294,10/1/2025,Household,Toothpaste,800,1,800,Transfer,960,960,
INV3573,10/1/2025,Dairy,Milk,9100,9,81900,Card,10920,98280,
INV3892,10/1/2025,Food items,Rice,48000,2,96000,Cash,57600,115200,
INV3947,10/1/2025,Dairy,Butter,120,3,360,Card,144,432,
INV2067,10/2/2025,Household,Toothpaste,800,8,6400,Transfer,960,7680,
INV2068,10/2/2025,Household,Soap,1700,4,6800,Card,2040,8160,
INV2069,10/2/2025,Snacks,Chocolate,3000,3,9000,Card,3600,10800,
INV2070,10/2/2025,Household,Toothpaste,800,6,4800,Card,960,5760,
INV2071,10/2/2025,Food items,Bread,500,9,4500,Transfer,600,5400,
INV2786,10/2/2025,Dairy,Milk,9100,9,81900,Card,10920,98280,
INV2805,10/2/2025,Food items,Rice,48000,6,288000,Card,57600,345600,
INV3082,10/2/2025,Food items,Coffee,1900,1,1900,Card,2280,2280,
INV2072,10/3/2025,Household,Shampoo,1200,4,4800,Cash,1440,5760,
INV2073,10/3/2025,Snacks,Biscuits,5200,5,26000,Cash,6240,31200,
INV2074,10/3/2025,Food items,Rice,48000,10,480000,Transfer,57600,576000,
INV2075,10/3/2025,Beverages,Water,1750,4,7000,Card,2100,8400,
INV2076,10/3/2025,Food items,Spaghetti,6000,1,6000,Cash,7200,7200,
INV2077,10/3/2025,Beverages,Fanta,2880,2,5760,Card,3456,6912,
INV2078,10/3/2025,Beverages,Coke,2880,6,17280,Transfer,3456,20736,
INV2079,10/3/2025,Beverages,Pepsi,2880,4,11520,Card,3456,13824,
INV2080,10/3/2025,Food items,Spaghetti,6000,7,42000,Card,7200,50400,
INV2821,10/3/2025,Food items,Rice,48000,8,384000,Cash,57600,460800,
INV3282,10/3/2025,Dairy,Butter,120,5,600,Cash,144,720,
INV3432,10/3/2025,Food items,Eggs,3300,4,13200,Card,3960,15840,
INV3445,10/3/2025,Household,Soap,1700,4,6800,Transfer,2040,8160,
INV2081,10/4/2025,Food items,Spaghetti,6000,5,30000,Transfer,7200,36000,
INV2082,10/4/2025,Snacks,Biscuits,5200,3,15600,Cash,6240,18720,
INV2083,10/4/2025,Beverages,Coke,2880,9,25920,Transfer,3456,31104,
INV2084,10/4/2025,Household,Shampoo,1200,7,8400,Card,1440,10080,
INV2085,10/4/2025,Beverages,Water,1750,6,10500,Transfer,2100,12600,
INV2086,10/4/2025,Household,Shampoo,1200,4,4800,Card,1440,5760,
INV2087,10/4/2025,Snacks,Biscuits,5200,5,26000,Card,6240,31200,
INV2088,10/4/2025,Household,Detergent,6900,3,20700,Card,8280,24840,
INV2089,10/4/2025,Beverages,Coke,2880,9,25920,Transfer,3456,31104,
INV2090,10/4/2025,Food items,Spaghetti,6000,9,54000,Transfer,7200,64800,
INV2986,10/4/2025,Dairy,Butter,120,3,360,Card,144,432,
INV3491,10/4/2025,Food items,Bread,500,10,5000,Transfer,600,6000,
INV3683,10/4/2025,Food items,Coffee,1900,2,3800,Cash,2280,4560,
INV2091,10/5/2025,Household,Shampoo,1200,9,10800,Transfer,1440,12960,
INV2092,10/5/2025,Household,Toothpaste,800,9,7200,Card,960,8640,
INV2093,10/5/2025,Household,Soap,1700,10,17000,Transfer,2040,20400,
INV2094,10/5/2025,Food items,Beans,60000,4,240000,Transfer,72000,288000,
INV2095,10/5/2025,Household,Soap,1700,9,15300,Card,2040,18360,
INV2096,10/5/2025,Food items,Rice,48000,4,192000,Transfer,57600,230400,
INV2097,10/5/2025,Beverages,Coke,2880,3,8640,Card,3456,10368,
INV2098,10/5/2025,Household,Detergent,6900,10,69000,Cash,8280,82800,
INV2099,10/5/2025,Food items,Rice,48000,6,288000,Card,57600,345600,
INV2749,10/5/2025,Dairy,Butter,120,8,960,Cash,144,1152,
INV2954,10/5/2025,Food items,Bread,500,5,2500,Transfer,600,3000,
INV2978,10/5/2025,Dairy,Butter,120,4,480,Card,144,576,
INV3199,10/5/2025,Dairy,Butter,120,10,1200,Card,144,1440,
INV3283,10/5/2025,Dairy,Milk,9100,5,45500,Cash,10920,54600,
INV3425,10/5/2025,Food items,Sugar,3600,8,28800,Card,4320,34560,
INV3827,10/5/2025,Food items,Rice,48000,5,240000,Cash,57600,288000,
INV3843,10/5/2025,Food items,Tea,600,10,6000,Cash,720,7200,
INV2100,10/6/2025,Snacks,Chips,400,7,2800,Transfer,480,3360,
INV2101,10/6/2025,Household,Shampoo,1200,7,8400,Transfer,1440,10080,
INV2102,10/6/2025,Snacks,Biscuits,5200,4,20800,Transfer,6240,24960,
INV2103,10/6/2025,Household,Detergent,6900,3,20700,Card,8280,24840,
INV2104,10/6/2025,Beverages,Coke,2880,5,14400,Card,3456,17280,
INV2105,10/6/2025,Snacks,Biscuits,5200,1,5200,Cash,6240,6240,
INV2106,10/6/2025,Household,Toothpaste,800,7,5600,Cash,960,6720,
INV2107,10/6/2025,Household,Toothpaste,800,1,800,Transfer,960,960,
INV2108,10/6/2025,Beverages,Coke,2880,2,5760,Cash,3456,6912,
INV3350,10/6/2025,Dairy,Milk,9100,9,81900,Transfer,10920,98280,
INV2109,10/7/2025,Beverages,Water,1750,4,7000,Cash,2100,8400,
INV2110,10/7/2025,Household,Shampoo,1200,9,10800,Transfer,1440,12960,
INV2111,10/7/2025,Snacks,Chocolate,3000,6,18000,Cash,3600,21600,
INV2112,10/7/2025,Household,Soap,1700,9,15300,Cash,2040,18360,
INV2113,10/7/2025,Food items,Bread,500,6,3000,Cash,600,3600,
INV2114,10/7/2025,Food items,Spaghetti,6000,3,18000,Cash,7200,21600,
INV2826,10/7/2025,Food items,Coffee,1900,7,13300,Card,2280,15960,
INV3154,10/7/2025,Dairy,Butter,120,4,480,Cash,144,576,
INV3462,10/7/2025,Food items,Rice,48000,5,240000,Cash,57600,288000,
INV3879,10/7/2025,Food items,Rice,48000,5,240000,Cash,57600,288000,
INV2115,10/8/2025,Food items,Bread,500,1,500,Card,600,600,
INV2116,10/8/2025,Beverages,Water,1750,5,8750,Card,2100,10500,
INV2117,10/8/2025,Food items,Rice,48000,9,432000,Card,57600,518400,
INV2118,10/8/2025,Food items,Bread,500,3,1500,Card,600,1800,
INV2119,10/8/2025,Food items,Spaghetti,6000,3,18000,Card,7200,21600,
INV2120,10/8/2025,Beverages,Water,1750,2,3500,Card,2100,4200,
INV2121,10/8/2025,Household,Shampoo,1200,7,8400,Cash,1440,10080,
INV2122,10/8/2025,Snacks,Chips,400,4,1600,Cash,480,1920,
INV2123,10/8/2025,Beverages,Coke,2880,2,5760,Cash,3456,6912,
INV3001,10/8/2025,Food items,Bread,500,4,2000,Transfer,600,2400,
INV3780,10/8/2025,Food items,Bread,500,9,4500,Card,600,5400,
INV2124,10/9/2025,Household,Toothpaste,800,7,5600,Transfer,960,6720,
INV2125,10/9/2025,Household,Toothpaste,800,3,2400,Transfer,960,2880,
INV2126,10/9/2025,Beverages,Pepsi,2880,3,8640,Card,3456,10368,
INV2127,10/9/2025,Food items,Bread,500,6,3000,Cash,600,3600,
INV2128,10/9/2025,Food items,Rice,48000,9,432000,Transfer,57600,518400,
INV3647,10/9/2025,Food items,Tea,600,4,2400,Cash,720,2880,
INV2129,10/10/2025,Food items,Spaghetti,6000,2,12000,Transfer,7200,14400,
INV2130,10/10/2025,Snacks,Chips,400,9,3600,Cash,480,4320,
INV2131,10/10/2025,Household,Detergent,6900,6,41400,Cash,8280,49680,
INV2132,10/10/2025,Household,Shampoo,1200,2,2400,Cash,1440,2880,
INV2133,10/10/2025,Food items,Bread,500,3,1500,Card,600,1800,
INV2134,10/10/2025,Snacks,Chips,400,9,3600,Cash,480,4320,
INV2135,10/10/2025,Food items,Spaghetti,6000,1,6000,Card,7200,7200,
INV2924,10/10/2025,Food items,Sugar,3600,10,36000,Cash,4320,43200,
INV3503,10/10/2025,Household,Toothpaste,800,3,2400,Cash,960,2880,
INV3661,10/10/2025,Food items,Coffee,1900,8,15200,Transfer,2280,18240,
INV3752,10/10/2025,Household,Soap,1700,1,1700,Transfer,2040,2040,
INV3852,10/10/2025,Food items,Sugar,3600,5,18000,Cash,4320,21600,
INV2136,10/11/2025,Food items,Rice,48000,9,432000,Card,57600,518400,
INV2137,10/11/2025,Food items,Rice,48000,3,144000,Transfer,57600,172800,
INV2138,10/11/2025,Food items,Beans,60000,3,180000,Transfer,72000,216000,
INV2139,10/11/2025,Household,Detergent,6900,8,55200,Card,8280,66240,
INV2140,10/11/2025,Household,Toothpaste,800,10,8000,Card,960,9600,
INV2141,10/11/2025,Food items,Spaghetti,6000,4,24000,Cash,7200,28800,
INV2142,10/11/2025,Snacks,Chips,400,1,400,Card,480,480,
INV2767,10/11/2025,Food items,Sugar,3600,4,14400,Card,4320,17280,
INV3170,10/11/2025,Food items,Tea,600,5,3000,Transfer,720,3600,
INV3610,10/11/2025,Food items,Bread,500,7,3500,Cash,600,4200,
INV2143,10/12/2025,Beverages,Water,1750,4,7000,Card,2100,8400,
INV2144,10/12/2025,Food items,Bread,500,2,1000,Transfer,600,1200,
INV2145,10/12/2025,Household,Shampoo,1200,3,3600,Transfer,1440,4320,
INV2146,10/12/2025,Household,Soap,1700,7,11900,Transfer,2040,14280,
INV2147,10/12/2025,Food items,Spaghetti,6000,9,54000,Cash,7200,64800,
INV2148,10/12/2025,Food items,Beans,60000,10,600000,Cash,72000,720000,
INV2149,10/12/2025,Household,Shampoo,1200,5,6000,Cash,1440,7200,
INV2150,10/12/2025,Food items,Bread,500,3,1500,Transfer,600,1800,
INV2151,10/12/2025,Household,Soap,1700,9,15300,Transfer,2040,18360,
INV3173,10/12/2025,Food items,Coffee,1900,2,3800,Card,2280,4560,
INV3498,10/12/2025,Food items,Bread,500,4,2000,Card,600,2400,
INV3753,10/12/2025,Food items,Eggs,3300,5,16500,Cash,3960,19800,
INV2152,10/13/2025,Snacks,Biscuits,5200,10,52000,Transfer,6240,62400,
INV2153,10/13/2025,Snacks,Chocolate,3000,3,9000,Card,3600,10800,
INV2154,10/13/2025,Food items,Spaghetti,6000,6,36000,Card,7200,43200,
INV2155,10/13/2025,Beverages,Fanta,2880,10,28800,Transfer,3456,34560,
INV2156,10/13/2025,Snacks,Chips,400,6,2400,Cash,480,2880,
INV2157,10/13/2025,Beverages,Pepsi,2880,4,11520,Card,3456,13824,
INV2158,10/13/2025,Beverages,Coke,2880,1,2880,Card,3456,3456,
INV2159,10/13/2025,Snacks,Chips,400,9,3600,Cash,480,4320,
INV3193,10/13/2025,Dairy,Milk,9100,10,91000,Cash,10920,109200,
INV3431,10/13/2025,Household,Toothpaste,800,6,4800,Transfer,960,5760,
INV3486,10/13/2025,Food items,Rice,48000,8,384000,Cash,57600,460800,
INV3629,10/13/2025,Household,Soap,1700,2,3400,Card,2040,4080,
INV3912,10/13/2025,Food items,Rice,48000,4,192000,Transfer,57600,230400,
INV2160,10/14/2025,Beverages,Coke,2880,5,14400,Transfer,3456,17280,
INV2161,10/14/2025,Snacks,Chocolate,3000,4,12000,Transfer,3600,14400,
INV2162,10/14/2025,Household,Detergent,6900,2,13800,Cash,8280,16560,
INV2163,10/14/2025,Food items,Beans,60000,8,480000,Transfer,72000,576000,
INV2164,10/14/2025,Food items,Rice,48000,3,144000,Transfer,57600,172800,
INV3017,10/14/2025,Food items,Tea,600,3,1800,Card,720,2160,
INV3512,10/14/2025,Food items,Bread,500,1,500,Transfer,600,600,
INV3609,10/14/2025,Household,Toothpaste,800,10,8000,Transfer,960,9600,
INV2165,10/15/2025,Household,Shampoo,1200,4,4800,Cash,1440,5760,
INV2166,10/15/2025,Household,Soap,1700,6,10200,Transfer,2040,12240,
INV2167,10/15/2025,Beverages,Coke,2880,10,28800,Transfer,3456,34560,
INV2168,10/15/2025,Beverages,Water,1750,7,12250,Transfer,2100,14700,
INV2169,10/15/2025,Household,Detergent,6900,3,20700,Card,8280,24840,
INV2170,10/15/2025,Household,Toothpaste,800,9,7200,Cash,960,8640,
INV2844,10/15/2025,Dairy,Butter,120,4,480,Card,144,576,
INV3006,10/15/2025,Food items,Rice,48000,2,96000,Cash,57600,115200,
INV2171,10/16/2025,Beverages,Coke,2880,7,20160,Card,3456,24192,
INV2172,10/16/2025,Household,Detergent,6900,4,27600,Card,8280,33120,
INV2173,10/16/2025,Snacks,Biscuits,5200,5,26000,Card,6240,31200,
INV2174,10/16/2025,Food items,Bread,500,7,3500,Card,600,4200,
INV2175,10/16/2025,Beverages,Coke,2880,10,28800,Card,3456,34560,
INV2176,10/16/2025,Snacks,Chocolate,3000,7,21000,Transfer,3600,25200,
INV2177,10/16/2025,Food items,Beans,60000,5,300000,Cash,72000,360000,
INV2178,10/16/2025,Beverages,Coke,2880,5,14400,Transfer,3456,17280,
INV2179,10/16/2025,Snacks,Biscuits,5200,2,10400,Transfer,6240,12480,
INV2180,10/16/2025,Snacks,Biscuits,5200,6,31200,Transfer,6240,37440,
INV3565,10/16/2025,Food items,Rice,48000,8,384000,Transfer,57600,460800,
INV3599,10/16/2025,Dairy,Milk,9100,1,9100,Card,10920,10920,
INV2181,10/17/2025,Food items,Spaghetti,6000,8,48000,Cash,7200,57600,
INV2182,10/17/2025,Food items,Spaghetti,6000,5,30000,Cash,7200,36000,
INV2183,10/17/2025,Food items,Beans,60000,9,540000,Transfer,72000,648000,
INV2184,10/17/2025,Food items,Bread,500,2,1000,Transfer,600,1200,
INV2185,10/17/2025,Beverages,Coke,2880,9,25920,Card,3456,31104,
INV2820,10/17/2025,Food items,Rice,48000,2,96000,Cash,57600,115200,
INV3602,10/17/2025,Food items,Eggs,3300,5,16500,Transfer,3960,19800,
INV3630,10/17/2025,Food items,Bread,500,2,1000,Cash,600,1200,
INV2186,10/18/2025,Household,Shampoo,1200,3,3600,Card,1440,4320,
INV2187,10/18/2025,Beverages,Water,1750,9,15750,Transfer,2100,18900,
INV2188,10/18/2025,Food items,Beans,60000,10,600000,Card,72000,720000,
INV2189,10/18/2025,Food items,Rice,48000,8,384000,Transfer,57600,460800,
INV2190,10/18/2025,Food items,Rice,48000,4,192000,Card,57600,230400,
INV2191,10/18/2025,Beverages,Pepsi,2880,7,20160,Card,3456,24192,
INV2192,10/18/2025,Household,Shampoo,1200,3,3600,Card,1440,4320,
INV2193,10/18/2025,Food items,Rice,48000,8,384000,Card,57600,460800,
INV2194,10/18/2025,Household,Toothpaste,800,5,4000,Card,960,4800,
INV2195,10/18/2025,Household,Toothpaste,800,9,7200,Cash,960,8640,
INV2994,10/18/2025,Food items,Bread,500,7,3500,Transfer,600,4200,
INV3037,10/18/2025,Food items,Eggs,3300,7,23100,Cash,3960,27720,
INV3198,10/18/2025,Food items,Sugar,3600,6,21600,Cash,4320,25920,
INV3552,10/18/2025,Food items,Rice,48000,7,336000,Card,57600,403200,
INV3554,10/18/2025,Food items,Rice,48000,7,336000,Cash,57600,403200,
INV3660,10/18/2025,Dairy,Milk,9100,10,91000,Card,10920,109200,
INV3740,10/18/2025,Household,Toothpaste,800,5,4000,Transfer,960,4800,
INV2196,10/19/2025,Snacks,Biscuits,5200,2,10400,Transfer,6240,12480,
INV2197,10/19/2025,Household,Detergent,6900,1,6900,Card,8280,8280,
INV2198,10/19/2025,Food items,Rice,48000,6,288000,Transfer,57600,345600,
INV2199,10/19/2025,Food items,Spaghetti,6000,9,54000,Card,7200,64800,
INV2200,10/19/2025,Snacks,Chocolate,3000,3,9000,Cash,3600,10800,
INV3230,10/19/2025,Food items,Eggs,3300,3,9900,Transfer,3960,11880,
INV3467,10/19/2025,Dairy,Milk,9100,8,72800,Cash,10920,87360,
INV3655,10/19/2025,Household,Soap,1700,8,13600,Transfer,2040,16320,
INV2201,10/20/2025,Snacks,Chocolate,3000,6,18000,Transfer,3600,21600,
INV2202,10/20/2025,Beverages,Pepsi,2880,4,11520,Cash,3456,13824,
INV2203,10/20/2025,Household,Shampoo,1200,2,2400,Cash,1440,2880,
INV2204,10/20/2025,Snacks,Chips,400,10,4000,Cash,480,4800,
INV2205,10/20/2025,Beverages,Water,1750,2,3500,Transfer,2100,4200,
INV2206,10/20/2025,Food items,Spaghetti,6000,10,60000,Card,7200,72000,
INV2207,10/20/2025,Food items,Rice,48000,9,432000,Cash,57600,518400,
INV2208,10/20/2025,Household,Soap,1700,1,1700,Card,2040,2040,
INV2209,10/20/2025,Snacks,Chocolate,3000,7,21000,Transfer,3600,25200,
INV3070,10/20/2025,Food items,Sugar,3600,3,10800,Transfer,4320,12960,
INV3072,10/20/2025,Food items,Rice,48000,2,96000,Cash,57600,115200,
INV3142,10/20/2025,Food items,Sugar,3600,10,36000,Card,4320,43200,
INV3344,10/20/2025,Household,Soap,1700,9,15300,Cash,2040,18360,
INV3590,10/20/2025,Food items,Coffee,1900,4,7600,Cash,2280,9120,
INV2210,10/21/2025,Food items,Spaghetti,6000,9,54000,Transfer,7200,64800,
INV2211,10/21/2025,Beverages,Coke,2880,3,8640,Transfer,3456,10368,
INV2212,10/21/2025,Household,Soap,1700,10,17000,Transfer,2040,20400,
INV2213,10/21/2025,Household,Shampoo,1200,4,4800,Cash,1440,5760,
INV2214,10/21/2025,Snacks,Chocolate,3000,2,6000,Card,3600,7200,
INV2215,10/21/2025,Food items,Beans,60000,3,180000,Cash,72000,216000,
INV2216,10/21/2025,Snacks,Biscuits,5200,1,5200,Card,6240,6240,
INV2769,10/21/2025,Dairy,Butter,120,3,360,Cash,144,432,
INV2813,10/21/2025,Dairy,Butter,120,7,840,Card,144,1008,
INV2969,10/21/2025,Household,Soap,1700,6,10200,Transfer,2040,12240,
INV3782,10/21/2025,Household,Soap,1700,7,11900,Transfer,2040,14280,
INV2217,10/22/2025,Household,Toothpaste,800,7,5600,Card,960,6720,
INV2218,10/22/2025,Household,Soap,1700,8,13600,Transfer,2040,16320,
INV2219,10/22/2025,Beverages,Water,1750,2,3500,Cash,2100,4200,
INV2220,10/22/2025,Beverages,Pepsi,2880,1,2880,Cash,3456,3456,
INV2221,10/22/2025,Food items,Beans,60000,6,360000,Card,72000,432000,
INV2222,10/22/2025,Food items,Rice,48000,5,240000,Transfer,57600,288000,
INV2223,10/22/2025,Food items,Spaghetti,6000,4,24000,Cash,7200,28800,
INV2224,10/22/2025,Household,Soap,1700,8,13600,Cash,2040,16320,
INV2783,10/22/2025,Food items,Rice,48000,3,144000,Transfer,57600,172800,
INV2869,10/22/2025,Food items,Bread,500,2,1000,Cash,600,1200,
INV2938,10/22/2025,Food items,Tea,600,10,6000,Card,720,7200,
INV3511,10/22/2025,Dairy,Milk,9100,5,45500,Card,10920,54600,
INV2225,10/23/2025,Food items,Beans,60000,8,480000,Cash,72000,576000,
INV2226,10/23/2025,Snacks,Biscuits,5200,9,46800,Card,6240,56160,
INV2227,10/23/2025,Beverages,Pepsi,2880,2,5760,Cash,3456,6912,
INV2228,10/23/2025,Food items,Beans,60000,6,360000,Transfer,72000,432000,
INV2229,10/23/2025,Snacks,Chocolate,3000,8,24000,Cash,3600,28800,
INV2230,10/23/2025,Household,Soap,1700,10,17000,Transfer,2040,20400,
INV2231,10/23/2025,Beverages,Water,1750,2,3500,Transfer,2100,4200,
INV2232,10/23/2025,Food items,Beans,60000,5,300000,Card,72000,360000,
INV3022,10/23/2025,Food items,Eggs,3300,5,16500,Transfer,3960,19800,
INV3522,10/23/2025,Food items,Sugar,3600,4,14400,Cash,4320,17280,
INV3943,10/23/2025,Food items,Eggs,3300,9,29700,Cash,3960,35640,
INV2233,10/24/2025,Beverages,Water,1750,5,8750,Card,2100,10500,
INV2234,10/24/2025,Household,Detergent,6900,3,20700,Card,8280,24840,
INV2235,10/24/2025,Food items,Spaghetti,6000,6,36000,Transfer,7200,43200,
INV2236,10/24/2025,Snacks,Biscuits,5200,4,20800,Card,6240,24960,
INV2237,10/24/2025,Snacks,Biscuits,5200,2,10400,Card,6240,12480,
INV2781,10/24/2025,Food items,Eggs,3300,7,23100,Cash,3960,27720,
INV3141,10/24/2025,Food items,Bread,500,3,1500,Card,600,1800,
INV3549,10/24/2025,Dairy,Milk,9100,9,81900,Transfer,10920,98280,
INV3884,10/24/2025,Dairy,Milk,9100,8,72800,Transfer,10920,87360,
INV2238,10/25/2025,Food items,Spaghetti,6000,5,30000,Transfer,7200,36000,
INV2239,10/25/2025,Food items,Bread,500,3,1500,Cash,600,1800,
INV2240,10/25/2025,Household,Detergent,6900,9,62100,Card,8280,74520,
INV2241,10/25/2025,Food items,Rice,48000,4,192000,Cash,57600,230400,
INV2242,10/25/2025,Food items,Beans,60000,4,240000,Card,72000,288000,
INV2243,10/25/2025,Household,Soap,1700,6,10200,Cash,2040,12240,
INV2244,10/25/2025,Beverages,Pepsi,2880,1,2880,Cash,3456,3456,
INV2911,10/25/2025,Food items,Tea,600,2,1200,Cash,720,1440,
INV3544,10/25/2025,Household,Soap,1700,7,11900,Cash,2040,14280,
INV2245,10/26/2025,Beverages,Fanta,2880,8,23040,Cash,3456,27648,
INV2246,10/26/2025,Household,Detergent,6900,2,13800,Transfer,8280,16560,
INV2247,10/26/2025,Household,Detergent,6900,6,41400,Transfer,8280,49680,
INV2248,10/26/2025,Snacks,Chips,400,7,2800,Card,480,3360,
INV2249,10/26/2025,Snacks,Chips,400,1,400,Transfer,480,480,
INV2793,10/26/2025,Food items,Tea,600,1,600,Transfer,720,720,
INV2846,10/26/2025,Household,Soap,1700,1,1700,Transfer,2040,2040,
INV3393,10/26/2025,Food items,Sugar,3600,1,3600,Transfer,4320,4320,
INV2250,10/27/2025,Beverages,Pepsi,2880,4,11520,Transfer,3456,13824,
INV2251,10/27/2025,Food items,Spaghetti,6000,1,6000,Cash,7200,7200,
INV2252,10/27/2025,Snacks,Chocolate,3000,4,12000,Card,3600,14400,
INV2253,10/27/2025,Food items,Spaghetti,6000,7,42000,Cash,7200,50400,
INV2254,10/27/2025,Food items,Beans,60000,6,360000,Cash,72000,432000,
INV2255,10/27/2025,Beverages,Fanta,2880,4,11520,Transfer,3456,13824,
INV2256,10/27/2025,Food items,Bread,500,7,3500,Card,600,4200,
INV3321,10/27/2025,Food items,Bread,500,8,4000,Cash,600,4800,
INV3361,10/27/2025,Food items,Eggs,3300,6,19800,Transfer,3960,23760,
INV3440,10/27/2025,Food items,Rice,48000,9,432000,Card,57600,518400,
INV3692,10/27/2025,Dairy,Butter,120,10,1200,Cash,144,1440,
INV3731,10/27/2025,Food items,Coffee,1900,7,13300,Cash,2280,15960,
INV2257,10/28/2025,Household,Soap,1700,10,17000,Card,2040,20400,
INV2258,10/28/2025,Food items,Bread,500,2,1000,Card,600,1200,
INV2259,10/28/2025,Snacks,Chips,400,9,3600,Transfer,480,4320,
INV2260,10/28/2025,Household,Soap,1700,3,5100,Card,2040,6120,
INV2261,10/28/2025,Snacks,Chips,400,3,1200,Transfer,480,1440,
INV2262,10/28/2025,Beverages,Fanta,2880,7,20160,Card,3456,24192,
INV3767,10/28/2025,Food items,Eggs,3300,8,26400,Card,3960,31680,
INV2263,10/29/2025,Beverages,Fanta,2880,7,20160,Card,3456,24192,
INV2264,10/29/2025,Food items,Spaghetti,6000,9,54000,Cash,7200,64800,
INV2265,10/29/2025,Beverages,Coke,2880,4,11520,Cash,3456,13824,
INV2266,10/29/2025,Beverages,Fanta,2880,5,14400,Card,3456,17280,
INV2267,10/29/2025,Household,Shampoo,1200,7,8400,Card,1440,10080,
INV2268,10/29/2025,Household,Detergent,6900,3,20700,Cash,8280,24840,
INV2269,10/29/2025,Snacks,Biscuits,5200,3,15600,Transfer,6240,18720,
INV2270,10/29/2025,Household,Shampoo,1200,1,1200,Transfer,1440,1440,
INV2271,10/29/2025,Beverages,Coke,2880,9,25920,Card,3456,31104,
INV3071,10/29/2025,Food items,Bread,500,5,2500,Card,600,3000,
INV3104,10/29/2025,Food items,Tea,600,9,5400,Card,720,6480,
INV3216,10/29/2025,Household,Soap,1700,9,15300,Transfer,2040,18360,
INV3328,10/29/2025,Food items,Bread,500,2,1000,Cash,600,1200,
INV3363,10/29/2025,Household,Toothpaste,800,4,3200,Card,960,3840,
INV3517,10/29/2025,Household,Soap,1700,6,10200,Cash,2040,12240,
INV3695,10/29/2025,Dairy,Butter,120,9,1080,Transfer,144,1296,
INV3790,10/29/2025,Food items,Eggs,3300,1,3300,Transfer,3960,3960,
INV2272,10/30/2025,Household,Detergent,6900,7,48300,Transfer,8280,57960,
INV2273,10/30/2025,Snacks,Biscuits,5200,7,36400,Transfer,6240,43680,
INV2274,10/30/2025,Food items,Bread,500,1,500,Card,600,600,
INV2275,10/30/2025,Household,Soap,1700,6,10200,Card,2040,12240,
INV2276,10/30/2025,Beverages,Coke,2880,5,14400,Card,3456,17280,
INV2277,10/30/2025,Household,Shampoo,1200,9,10800,Cash,1440,12960,
INV2278,10/30/2025,Food items,Bread,500,2,1000,Card,600,1200,
INV3206,10/30/2025,Food items,Coffee,1900,3,5700,Card,2280,6840,
INV3280,10/30/2025,Dairy,Butter,120,2,240,Card,144,288,
INV3325,10/30/2025,Household,Soap,1700,2,3400,Card,2040,4080,
INV3822,10/30/2025,Food items,Tea,600,10,6000,Transfer,720,7200,
INV3836,10/30/2025,Dairy,Butter,120,2,240,Cash,144,288,
INV2279,10/31/2025,Household,Soap,1700,9,15300,Card,2040,18360,
INV2280,10/31/2025,Food items,Bread,500,3,1500,Cash,600,1800,
INV2281,10/31/2025,Food items,Rice,48000,6,288000,Card,57600,345600,
INV2282,10/31/2025,Snacks,Chocolate,3000,10,30000,Cash,3600,36000,
INV2283,10/31/2025,Food items,Spaghetti,6000,3,18000,Card,7200,21600,
INV2284,10/31/2025,Food items,Beans,60000,3,180000,Card,72000,216000,
INV2285,10/31/2025,Food items,Beans,60000,6,360000,Transfer,72000,432000,
INV3355,10/31/2025,Dairy,Milk,9100,9,81900,Transfer,10920,98280,
INV3815,10/31/2025,Food items,Coffee,1900,3,5700,Card,2280,6840,
INV3867,10/31/2025,Food items,Rice,48000,2,96000,Cash,57600,115200,
INV2286,11/1/2025,Food items,Rice,48000,8,384000,Transfer,57600,460800,
INV2287,11/1/2025,Household,Shampoo,1200,4,4800,Card,1440,5760,
INV2288,11/1/2025,Beverages,Fanta,2880,4,11520,Transfer,3456,13824,
INV2289,11/1/2025,Food items,Beans,60000,3,180000,Cash,72000,216000,
INV2290,11/1/2025,Food items,Spaghetti,6000,6,36000,Cash,7200,43200,
INV2903,11/1/2025,Food items,Bread,500,6,3000,Card,600,3600,
INV3002,11/1/2025,Food items,Coffee,1900,10,19000,Card,2280,22800,
INV3214,11/1/2025,Food items,Rice,48000,4,192000,Transfer,57600,230400,
INV3672,11/1/2025,Dairy,Milk,9100,5,45500,Transfer,10920,54600,
INV2291,11/2/2025,Household,Detergent,6900,10,69000,Cash,8280,82800,
INV2292,11/2/2025,Snacks,Biscuits,5200,9,46800,Cash,6240,56160,
INV2293,11/2/2025,Snacks,Chocolate,3000,10,30000,Transfer,3600,36000,
INV2294,11/2/2025,Household,Shampoo,1200,7,8400,Card,1440,10080,
INV2295,11/2/2025,Beverages,Pepsi,2880,6,17280,Transfer,3456,20736,
INV2296,11/2/2025,Food items,Bread,500,4,2000,Card,600,2400,
INV2297,11/2/2025,Beverages,Water,1750,5,8750,Cash,2100,10500,
INV2298,11/2/2025,Beverages,Coke,2880,9,25920,Card,3456,31104,
INV2299,11/2/2025,Snacks,Chips,400,7,2800,Card,480,3360,
INV2300,11/2/2025,Snacks,Biscuits,5200,1,5200,Card,6240,6240,
INV2758,11/2/2025,Food items,Rice,48000,8,384000,Card,57600,460800,
INV2811,11/2/2025,Food items,Tea,600,5,3000,Transfer,720,3600,
INV3495,11/2/2025,Food items,Coffee,1900,5,9500,Cash,2280,11400,
INV3779,11/2/2025,Household,Toothpaste,800,9,7200,Cash,960,8640,
INV2301,11/3/2025,Household,Shampoo,1200,7,8400,Card,1440,10080,
INV2302,11/3/2025,Household,Toothpaste,800,4,3200,Transfer,960,3840,
INV2303,11/3/2025,Household,Shampoo,1200,10,12000,Card,1440,14400,
INV2304,11/3/2025,Food items,Beans,60000,8,480000,Card,72000,576000,
INV2305,11/3/2025,Snacks,Chips,400,8,3200,Cash,480,3840,
INV2306,11/3/2025,Food items,Beans,60000,10,600000,Transfer,72000,720000,
INV2307,11/3/2025,Food items,Bread,500,10,5000,Cash,600,6000,
INV2308,11/3/2025,Beverages,Coke,2880,3,8640,Cash,3456,10368,
INV3092,11/3/2025,Food items,Tea,600,3,1800,Cash,720,2160,
INV3631,11/3/2025,Household,Toothpaste,800,6,4800,Card,960,5760,
INV2309,11/4/2025,Food items,Bread,500,9,4500,Cash,600,5400,
INV2310,11/4/2025,Food items,Bread,500,2,1000,Card,600,1200,
INV2311,11/4/2025,Snacks,Biscuits,5200,1,5200,Transfer,6240,6240,
INV2312,11/4/2025,Food items,Bread,500,5,2500,Cash,600,3000,
INV2313,11/4/2025,Snacks,Chocolate,3000,1,3000,Cash,3600,3600,
INV2314,11/4/2025,Snacks,Biscuits,5200,8,41600,Cash,6240,49920,
INV2315,11/4/2025,Household,Shampoo,1200,4,4800,Card,1440,5760,
INV2316,11/4/2025,Food items,Rice,48000,7,336000,Cash,57600,403200,
INV2317,11/4/2025,Snacks,Biscuits,5200,5,26000,Cash,6240,31200,
INV2318,11/4/2025,Household,Toothpaste,800,2,1600,Card,960,1920,
INV2319,11/5/2025,Household,Detergent,6900,9,62100,Card,8280,74520,
INV2320,11/5/2025,Snacks,Biscuits,5200,7,36400,Card,6240,43680,
INV2321,11/5/2025,Food items,Spaghetti,6000,2,12000,Transfer,7200,14400,
INV2322,11/5/2025,Food items,Beans,60000,3,180000,Transfer,72000,216000,
INV2323,11/5/2025,Snacks,Chocolate,3000,1,3000,Transfer,3600,3600,
INV2324,11/5/2025,Household,Toothpaste,800,3,2400,Cash,960,2880,
INV2325,11/5/2025,Beverages,Coke,2880,9,25920,Card,3456,31104,
INV2326,11/5/2025,Snacks,Chocolate,3000,7,21000,Cash,3600,25200,
INV2848,11/5/2025,Food items,Bread,500,6,3000,Card,600,3600,
INV2960,11/5/2025,Food items,Bread,500,4,2000,Transfer,600,2400,
INV3305,11/5/2025,Food items,Coffee,1900,9,17100,Transfer,2280,20520,
INV3458,11/5/2025,Dairy,Butter,120,3,360,Card,144,432,
INV3870,11/5/2025,Dairy,Butter,120,4,480,Cash,144,576,
INV2327,11/6/2025,Food items,Bread,500,7,3500,Transfer,600,4200,
INV2328,11/6/2025,Food items,Beans,60000,4,240000,Cash,72000,288000,
INV2329,11/6/2025,Food items,Rice,48000,1,48000,Transfer,57600,57600,
INV2330,11/6/2025,Beverages,Fanta,2880,6,17280,Cash,3456,20736,
INV2331,11/6/2025,Snacks,Chips,400,6,2400,Card,480,2880,
INV3526,11/6/2025,Dairy,Milk,9100,10,91000,Card,10920,109200,
INV3901,11/6/2025,Food items,Coffee,1900,7,13300,Card,2280,15960,
INV2332,11/7/2025,Household,Toothpaste,800,8,6400,Transfer,960,7680,
INV2333,11/7/2025,Snacks,Chips,400,5,2000,Card,480,2400,
INV2334,11/7/2025,Beverages,Pepsi,2880,6,17280,Transfer,3456,20736,
INV2335,11/7/2025,Household,Shampoo,1200,5,6000,Cash,1440,7200,
INV2336,11/7/2025,Household,Soap,1700,10,17000,Transfer,2040,20400,
INV2337,11/7/2025,Beverages,Coke,2880,9,25920,Transfer,3456,31104,
INV2338,11/7/2025,Household,Detergent,6900,1,6900,Card,8280,8280,
INV2829,11/7/2025,Household,Soap,1700,1,1700,Transfer,2040,2040,
INV2830,11/7/2025,Household,Soap,1700,2,3400,Card,2040,4080,
INV2831,11/7/2025,Household,Toothpaste,800,7,5600,Cash,960,6720,
INV3051,11/7/2025,Food items,Eggs,3300,4,13200,Transfer,3960,15840,
INV3116,11/7/2025,Household,Soap,1700,6,10200,Transfer,2040,12240,
INV3233,11/7/2025,Household,Soap,1700,10,17000,Transfer,2040,20400,
INV2339,11/8/2025,Beverages,Water,1750,8,14000,Card,2100,16800,
INV2340,11/8/2025,Household,Toothpaste,800,6,4800,Card,960,5760,
INV2341,11/8/2025,Snacks,Chips,400,7,2800,Card,480,3360,
INV2342,11/8/2025,Household,Toothpaste,800,2,1600,Card,960,1920,
INV2343,11/8/2025,Beverages,Coke,2880,10,28800,Cash,3456,34560,
INV2344,11/8/2025,Household,Soap,1700,6,10200,Transfer,2040,12240,
INV2345,11/8/2025,Food items,Beans,60000,1,60000,Transfer,72000,72000,
INV2346,11/8/2025,Food items,Beans,60000,1,60000,Card,72000,72000,
INV2347,11/8/2025,Food items,Rice,48000,4,192000,Card,57600,230400,
INV2348,11/8/2025,Beverages,Fanta,2880,3,8640,Card,3456,10368,
INV2981,11/8/2025,Household,Toothpaste,800,3,2400,Transfer,960,2880,
INV3192,11/8/2025,Dairy,Milk,9100,6,54600,Transfer,10920,65520,
INV3279,11/8/2025,Dairy,Milk,9100,5,45500,Transfer,10920,54600,
INV3357,11/8/2025,Food items,Sugar,3600,1,3600,Cash,4320,4320,
INV2349,11/9/2025,Snacks,Chips,400,2,800,Card,480,960,
INV2350,11/9/2025,Household,Shampoo,1200,3,3600,Cash,1440,4320,
INV2351,11/9/2025,Snacks,Chocolate,3000,9,27000,Cash,3600,32400,
INV2352,11/9/2025,Food items,Spaghetti,6000,8,48000,Card,7200,57600,
INV2353,11/9/2025,Snacks,Chips,400,2,800,Transfer,480,960,
INV2354,11/9/2025,Household,Detergent,6900,6,41400,Transfer,8280,49680,
INV2355,11/9/2025,Household,Detergent,6900,7,48300,Cash,8280,57960,
INV2356,11/9/2025,Beverages,Coke,2880,6,17280,Card,3456,20736,
INV2357,11/9/2025,Household,Toothpaste,800,1,800,Card,960,960,
INV2358,11/9/2025,Food items,Beans,60000,9,540000,Transfer,72000,648000,
INV2359,11/10/2025,Household,Shampoo,1200,2,2400,Transfer,1440,2880,
INV2360,11/10/2025,Food items,Beans,60000,3,180000,Cash,72000,216000,
INV2361,11/10/2025,Household,Detergent,6900,4,27600,Cash,8280,33120,
INV2362,11/10/2025,Beverages,Water,1750,1,1750,Cash,2100,2100,
INV2363,11/10/2025,Beverages,Fanta,2880,5,14400,Card,3456,17280,
INV3505,11/10/2025,Dairy,Butter,120,8,960,Transfer,144,1152,
INV3743,11/10/2025,Household,Toothpaste,800,3,2400,Transfer,960,2880,
INV2364,11/11/2025,Household,Shampoo,1200,5,6000,Card,1440,7200,
INV2365,11/11/2025,Household,Shampoo,1200,7,8400,Transfer,1440,10080,
INV2366,11/11/2025,Household,Shampoo,1200,10,12000,Card,1440,14400,
INV2367,11/11/2025,Household,Toothpaste,800,7,5600,Card,960,6720,
INV2368,11/11/2025,Snacks,Biscuits,5200,1,5200,Transfer,6240,6240,
INV2369,11/11/2025,Snacks,Chips,400,10,4000,Card,480,4800,
INV2370,11/11/2025,Food items,Spaghetti,6000,7,42000,Cash,7200,50400,
INV2832,11/11/2025,Food items,Tea,600,7,4200,Cash,720,5040,
INV3102,11/11/2025,Food items,Bread,500,1,500,Cash,600,600,
INV3266,11/11/2025,Food items,Tea,600,9,5400,Transfer,720,6480,
INV3478,11/11/2025,Dairy,Butter,120,10,1200,Transfer,144,1440,
INV3556,11/11/2025,Food items,Sugar,3600,4,14400,Cash,4320,17280,
INV3670,11/11/2025,Food items,Sugar,3600,4,14400,Transfer,4320,17280,
INV3859,11/11/2025,Dairy,Milk,9100,6,54600,Card,10920,65520,
INV3868,11/11/2025,Food items,Coffee,1900,4,7600,Transfer,2280,9120,
INV2371,11/12/2025,Food items,Rice,48000,2,96000,Transfer,57600,115200,
INV2372,11/12/2025,Food items,Bread,500,6,3000,Transfer,600,3600,
INV2373,11/12/2025,Snacks,Biscuits,5200,6,31200,Cash,6240,37440,
INV2374,11/12/2025,Food items,Bread,500,3,1500,Cash,600,1800,
INV2375,11/12/2025,Snacks,Chocolate,3000,10,30000,Card,3600,36000,
INV2376,11/12/2025,Food items,Beans,60000,4,240000,Card,72000,288000,
INV2377,11/12/2025,Snacks,Chips,400,10,4000,Transfer,480,4800,
INV2378,11/12/2025,Household,Shampoo,1200,6,7200,Cash,1440,8640,
INV3533,11/12/2025,Food items,Bread,500,5,2500,Card,600,3000,
INV3568,11/12/2025,Food items,Sugar,3600,2,7200,Transfer,4320,8640,
INV3904,11/12/2025,Food items,Sugar,3600,10,36000,Card,4320,43200,
INV3911,11/12/2025,Food items,Coffee,1900,4,7600,Cash,2280,9120,
INV2379,11/13/2025,Food items,Rice,48000,10,480000,Card,57600,576000,
INV2380,11/13/2025,Snacks,Biscuits,5200,10,52000,Cash,6240,62400,
INV2381,11/13/2025,Food items,Bread,500,9,4500,Card,600,5400,
INV2382,11/13/2025,Food items,Rice,48000,10,480000,Card,57600,576000,
INV2383,11/13/2025,Beverages,Pepsi,2880,6,17280,Transfer,3456,20736,
INV2384,11/13/2025,Beverages,Fanta,2880,2,5760,Cash,3456,6912,
INV2385,11/13/2025,Beverages,Coke,2880,6,17280,Card,3456,20736,
INV2386,11/13/2025,Household,Soap,1700,7,11900,Transfer,2040,14280,
INV2387,11/13/2025,Snacks,Chocolate,3000,6,18000,Transfer,3600,21600,
INV2759,11/13/2025,Dairy,Milk,9100,5,45500,Transfer,10920,54600,
INV3039,11/13/2025,Household,Soap,1700,6,10200,Cash,2040,12240,
INV3053,11/13/2025,Household,Soap,1700,9,15300,Transfer,2040,18360,
INV3140,11/13/2025,Food items,Sugar,3600,6,21600,Cash,4320,25920,
INV3145,11/13/2025,Food items,Rice,48000,5,240000,Card,57600,288000,
INV2388,11/14/2025,Beverages,Water,1750,1,1750,Cash,2100,2100,
INV2389,11/14/2025,Food items,Spaghetti,6000,10,60000,Transfer,7200,72000,
INV2390,11/14/2025,Beverages,Fanta,2880,6,17280,Card,3456,20736,
INV2391,11/14/2025,Beverages,Coke,2880,7,20160,Transfer,3456,24192,
INV2392,11/14/2025,Food items,Bread,500,10,5000,Card,600,6000,
INV2393,11/14/2025,Beverages,Pepsi,2880,2,5760,Card,3456,6912,
INV2394,11/14/2025,Food items,Beans,60000,8,480000,Card,72000,576000,
INV2395,11/14/2025,Snacks,Biscuits,5200,7,36400,Card,6240,43680,
INV3195,11/14/2025,Food items,Eggs,3300,6,19800,Transfer,3960,23760,
INV3492,11/14/2025,Food items,Sugar,3600,10,36000,Card,4320,43200,
INV3516,11/14/2025,Food items,Eggs,3300,6,19800,Transfer,3960,23760,
INV3761,11/14/2025,Food items,Sugar,3600,5,18000,Card,4320,21600,
INV2396,11/15/2025,Snacks,Chocolate,3000,1,3000,Card,3600,3600,
INV2397,11/15/2025,Beverages,Coke,2880,9,25920,Cash,3456,31104,
INV2398,11/15/2025,Household,Toothpaste,800,2,1600,Card,960,1920,
INV2399,11/15/2025,Beverages,Water,1750,3,5250,Cash,2100,6300,
INV2400,11/15/2025,Food items,Beans,60000,7,420000,Cash,72000,504000,
INV3250,11/15/2025,Food items,Eggs,3300,2,6600,Transfer,3960,7920,
INV3293,11/15/2025,Food items,Coffee,1900,9,17100,Card,2280,20520,
INV3358,11/15/2025,Dairy,Butter,120,1,120,Transfer,144,144,
INV3834,11/15/2025,Household,Toothpaste,800,6,4800,Card,960,5760,
INV2401,11/16/2025,Snacks,Chocolate,3000,9,27000,Card,3600,32400,
INV2402,11/16/2025,Food items,Spaghetti,6000,4,24000,Cash,7200,28800,
INV2403,11/16/2025,Food items,Beans,60000,8,480000,Cash,72000,576000,
INV2404,11/16/2025,Household,Detergent,6900,4,27600,Card,8280,33120,
INV2405,11/16/2025,Household,Shampoo,1200,8,9600,Card,1440,11520,
INV2406,11/16/2025,Food items,Bread,500,7,3500,Transfer,600,4200,
INV3262,11/16/2025,Household,Toothpaste,800,6,4800,Cash,960,5760,
INV3759,11/16/2025,Household,Soap,1700,7,11900,Cash,2040,14280,
INV2407,11/17/2025,Household,Toothpaste,800,3,2400,Cash,960,2880,
INV2408,11/17/2025,Snacks,Chips,400,9,3600,Cash,480,4320,
INV2409,11/17/2025,Beverages,Coke,2880,9,25920,Transfer,3456,31104,
INV2410,11/17/2025,Food items,Bread,500,5,2500,Card,600,3000,
INV2411,11/17/2025,Snacks,Chocolate,3000,6,18000,Cash,3600,21600,
INV2412,11/17/2025,Food items,Beans,60000,5,300000,Transfer,72000,360000,
INV2413,11/17/2025,Food items,Rice,48000,6,288000,Transfer,57600,345600,
INV2414,11/17/2025,Household,Toothpaste,800,4,3200,Cash,960,3840,
INV2415,11/17/2025,Household,Toothpaste,800,2,1600,Card,960,1920,
INV3546,11/17/2025,Dairy,Butter,120,5,600,Transfer,144,720,
INV2416,11/18/2025,Food items,Rice,48000,8,384000,Transfer,57600,460800,
INV2417,11/18/2025,Snacks,Chips,400,4,1600,Cash,480,1920,
INV2418,11/18/2025,Snacks,Biscuits,5200,7,36400,Transfer,6240,43680,
INV2419,11/18/2025,Beverages,Pepsi,2880,8,23040,Card,3456,27648,
INV2420,11/18/2025,Snacks,Chips,400,6,2400,Card,480,2880,
INV2421,11/18/2025,Snacks,Chips,400,9,3600,Cash,480,4320,
INV2422,11/18/2025,Snacks,Biscuits,5200,1,5200,Card,6240,6240,
INV2423,11/18/2025,Snacks,Chocolate,3000,1,3000,Transfer,3600,3600,
INV2424,11/18/2025,Food items,Beans,60000,5,300000,Card,72000,360000,
INV2425,11/18/2025,Beverages,Fanta,2880,8,23040,Transfer,3456,27648,
INV2864,11/18/2025,Food items,Coffee,1900,6,11400,Transfer,2280,13680,
INV2909,11/18/2025,Food items,Tea,600,9,5400,Card,720,6480,
INV2426,11/19/2025,Snacks,Biscuits,5200,1,5200,Transfer,6240,6240,
INV2427,11/19/2025,Food items,Rice,48000,4,192000,Transfer,57600,230400,
INV2428,11/19/2025,Household,Detergent,6900,6,41400,Transfer,8280,49680,
INV2429,11/19/2025,Food items,Bread,500,10,5000,Transfer,600,6000,
INV2430,11/19/2025,Household,Detergent,6900,9,62100,Cash,8280,74520,
INV3585,11/19/2025,Dairy,Butter,120,9,1080,Cash,144,1296,
INV3917,11/19/2025,Household,Toothpaste,800,6,4800,Card,960,5760,
INV2431,11/20/2025,Household,Detergent,6900,2,13800,Cash,8280,16560,
INV2432,11/20/2025,Food items,Bread,500,3,1500,Transfer,600,1800,
INV2433,11/20/2025,Beverages,Pepsi,2880,4,11520,Transfer,3456,13824,
INV2434,11/20/2025,Snacks,Biscuits,5200,8,41600,Cash,6240,49920,
INV2435,11/20/2025,Beverages,Fanta,2880,10,28800,Card,3456,34560,
INV2436,11/20/2025,Beverages,Coke,2880,1,2880,Transfer,3456,3456,
INV2437,11/20/2025,Beverages,Coke,2880,7,20160,Transfer,3456,24192,
INV2438,11/20/2025,Beverages,Coke,2880,2,5760,Cash,3456,6912,
INV3021,11/20/2025,Food items,Eggs,3300,8,26400,Card,3960,31680,
INV3059,11/20/2025,Household,Soap,1700,10,17000,Cash,2040,20400,
INV2439,11/21/2025,Beverages,Pepsi,2880,3,8640,Card,3456,10368,
INV2440,11/21/2025,Household,Soap,1700,6,10200,Cash,2040,12240,
INV2441,11/21/2025,Snacks,Chocolate,3000,8,24000,Card,3600,28800,
INV2442,11/21/2025,Household,Toothpaste,800,3,2400,Card,960,2880,
INV2443,11/21/2025,Food items,Spaghetti,6000,7,42000,Cash,7200,50400,
INV2444,11/21/2025,Snacks,Biscuits,5200,3,15600,Cash,6240,18720,
INV2445,11/21/2025,Beverages,Pepsi,2880,5,14400,Cash,3456,17280,
INV2446,11/21/2025,Beverages,Pepsi,2880,8,23040,Transfer,3456,27648,
INV2447,11/21/2025,Food items,Beans,60000,9,540000,Card,72000,648000,
INV2880,11/21/2025,Dairy,Butter,120,8,960,Transfer,144,1152,
INV3212,11/21/2025,Food items,Rice,48000,10,480000,Transfer,57600,576000,
INV2448,11/22/2025,Food items,Rice,48000,1,48000,Card,57600,57600,
INV2449,11/22/2025,Household,Detergent,6900,5,34500,Card,8280,41400,
INV2450,11/22/2025,Household,Detergent,6900,5,34500,Cash,8280,41400,
INV2451,11/22/2025,Beverages,Water,1750,6,10500,Transfer,2100,12600,
INV2452,11/22/2025,Household,Soap,1700,4,6800,Cash,2040,8160,
INV3032,11/22/2025,Food items,Rice,48000,6,288000,Cash,57600,345600,
INV2453,11/23/2025,Food items,Spaghetti,6000,6,36000,Transfer,7200,43200,
INV2454,11/23/2025,Food items,Bread,500,2,1000,Transfer,600,1200,
INV2455,11/23/2025,Food items,Rice,48000,5,240000,Card,57600,288000,
INV2456,11/23/2025,Beverages,Pepsi,2880,6,17280,Card,3456,20736,
INV2457,11/23/2025,Snacks,Chips,400,6,2400,Card,480,2880,
INV2458,11/23/2025,Household,Shampoo,1200,10,12000,Card,1440,14400,
INV2459,11/23/2025,Food items,Spaghetti,6000,9,54000,Transfer,7200,64800,
INV2460,11/23/2025,Beverages,Water,1750,8,14000,Cash,2100,16800,
INV3129,11/23/2025,Food items,Sugar,3600,2,7200,Cash,4320,8640,
INV2461,11/24/2025,Food items,Spaghetti,6000,8,48000,Card,7200,57600,
INV2462,11/24/2025,Food items,Rice,48000,8,384000,Transfer,57600,460800,
INV2463,11/24/2025,Food items,Beans,60000,5,300000,Card,72000,360000,
INV2464,11/24/2025,Beverages,Coke,2880,5,14400,Transfer,3456,17280,
INV2465,11/24/2025,Household,Shampoo,1200,8,9600,Card,1440,11520,
INV2466,11/24/2025,Beverages,Coke,2880,3,8640,Cash,3456,10368,
INV2784,11/24/2025,Dairy,Butter,120,7,840,Transfer,144,1008,
INV3042,11/24/2025,Food items,Rice,48000,9,432000,Cash,57600,518400,
INV3898,11/24/2025,Food items,Bread,500,7,3500,Card,600,4200,
INV2467,11/25/2025,Household,Shampoo,1200,3,3600,Card,1440,4320,
INV2468,11/25/2025,Household,Toothpaste,800,6,4800,Cash,960,5760,
INV2469,11/25/2025,Snacks,Chips,400,5,2000,Transfer,480,2400,
INV2470,11/25/2025,Snacks,Chips,400,8,3200,Card,480,3840,
INV2471,11/25/2025,Beverages,Water,1750,6,10500,Card,2100,12600,
INV2472,11/25/2025,Household,Toothpaste,800,3,2400,Cash,960,2880,
INV2473,11/25/2025,Household,Toothpaste,800,9,7200,Cash,960,8640,
INV2474,11/25/2025,Snacks,Chocolate,3000,1,3000,Card,3600,3600,
INV2475,11/25/2025,Beverages,Water,1750,1,1750,Transfer,2100,2100,
INV3065,11/25/2025,Dairy,Milk,9100,2,18200,Transfer,10920,21840,
INV3625,11/25/2025,Dairy,Butter,120,4,480,Card,144,576,
INV2476,11/26/2025,Food items,Bread,500,4,2000,Transfer,600,2400,
INV2477,11/26/2025,Food items,Bread,500,4,2000,Transfer,600,2400,
INV2478,11/26/2025,Household,Detergent,6900,3,20700,Transfer,8280,24840,
INV2479,11/26/2025,Food items,Spaghetti,6000,8,48000,Cash,7200,57600,
INV2480,11/26/2025,Beverages,Water,1750,3,5250,Cash,2100,6300,
INV2481,11/26/2025,Household,Detergent,6900,6,41400,Cash,8280,49680,
INV2482,11/26/2025,Household,Soap,1700,6,10200,Transfer,2040,12240,
INV2483,11/26/2025,Household,Shampoo,1200,6,7200,Card,1440,8640,
INV2484,11/26/2025,Beverages,Coke,2880,7,20160,Cash,3456,24192,
INV2854,11/26/2025,Dairy,Butter,120,8,960,Card,144,1152,
INV3016,11/26/2025,Food items,Bread,500,10,5000,Cash,600,6000,
INV3261,11/26/2025,Household,Toothpaste,800,9,7200,Card,960,8640,
INV3542,11/26/2025,Household,Toothpaste,800,8,6400,Transfer,960,7680,
INV2485,11/27/2025,Snacks,Biscuits,5200,4,20800,Card,6240,24960,
INV2486,11/27/2025,Beverages,Coke,2880,8,23040,Card,3456,27648,
INV2487,11/27/2025,Household,Toothpaste,800,2,1600,Cash,960,1920,
INV2488,11/27/2025,Household,Detergent,6900,3,20700,Cash,8280,24840,
INV2489,11/27/2025,Snacks,Chocolate,3000,7,21000,Card,3600,25200,
INV2490,11/27/2025,Beverages,Coke,2880,5,14400,Transfer,3456,17280,
INV2491,11/27/2025,Snacks,Chocolate,3000,5,15000,Transfer,3600,18000,
INV2976,11/27/2025,Food items,Rice,48000,9,432000,Cash,57600,518400,
INV3734,11/27/2025,Dairy,Milk,9100,1,9100,Transfer,10920,10920,
INV2492,11/28/2025,Snacks,Chips,400,8,3200,Card,480,3840,
INV2493,11/28/2025,Household,Soap,1700,2,3400,Transfer,2040,4080,
INV2494,11/28/2025,Food items,Beans,60000,6,360000,Cash,72000,432000,
INV2495,11/28/2025,Food items,Bread,500,1,500,Transfer,600,600,
INV2496,11/28/2025,Food items,Beans,60000,4,240000,Cash,72000,288000,
INV2497,11/28/2025,Beverages,Water,1750,9,15750,Transfer,2100,18900,
INV2765,11/28/2025,Dairy,Milk,9100,6,54600,Transfer,10920,65520,
INV3299,11/28/2025,Food items,Coffee,1900,4,7600,Cash,2280,9120,
INV3300,11/28/2025,Food items,Tea,600,5,3000,Cash,720,3600,
INV3489,11/28/2025,Food items,Tea,600,1,600,Cash,720,720,
INV3644,11/28/2025,Food items,Tea,600,8,4800,Transfer,720,5760,
INV3773,11/28/2025,Food items,Eggs,3300,5,16500,Card,3960,19800,
INV2498,11/29/2025,Food items,Beans,60000,10,600000,Cash,72000,720000,
INV2499,11/29/2025,Household,Soap,1700,1,1700,Card,2040,2040,
INV2500,11/29/2025,Snacks,Chips,400,6,2400,Card,480,2880,
INV2501,11/29/2025,Beverages,Water,1750,1,1750,Cash,2100,2100,
INV2502,11/29/2025,Beverages,Coke,2880,3,8640,Transfer,3456,10368,
INV2503,11/29/2025,Food items,Spaghetti,6000,1,6000,Card,7200,7200,
INV2504,11/29/2025,Household,Toothpaste,800,6,4800,Cash,960,5760,
INV2505,11/29/2025,Snacks,Chips,400,3,1200,Card,480,1440,
INV2506,11/29/2025,Beverages,Pepsi,2880,1,2880,Cash,3456,3456,
INV2507,11/29/2025,Food items,Spaghetti,6000,6,36000,Transfer,7200,43200,
INV2791,11/29/2025,Food items,Rice,48000,2,96000,Cash,57600,115200,
INV3842,11/29/2025,Dairy,Butter,120,4,480,Transfer,144,576,
INV2508,11/30/2025,Beverages,Water,1750,10,17500,Cash,2100,21000,
INV2509,11/30/2025,Food items,Bread,500,7,3500,Cash,600,4200,
INV2510,11/30/2025,Snacks,Chips,400,3,1200,Cash,480,1440,
INV2511,11/30/2025,Food items,Rice,48000,3,144000,Cash,57600,172800,
INV2512,11/30/2025,Snacks,Chocolate,3000,6,18000,Card,3600,21600,
INV2780,11/30/2025,Food items,Tea,600,6,3600,Cash,720,4320,
INV3691,11/30/2025,Food items,Coffee,1900,7,13300,Transfer,2280,15960,
INV2513,12/1/2025,Snacks,Chocolate,3000,3,9000,Cash,3600,10800,
INV2514,12/1/2025,Food items,Rice,48000,3,144000,Cash,57600,172800,
INV2515,12/1/2025,Snacks,Biscuits,5200,7,36400,Card,6240,43680,
INV2516,12/1/2025,Beverages,Coke,2880,4,11520,Card,3456,13824,
INV2517,12/1/2025,Household,Shampoo,1200,5,6000,Transfer,1440,7200,
INV2518,12/1/2025,Snacks,Chocolate,3000,1,3000,Cash,3600,3600,
INV2519,12/1/2025,Snacks,Chips,400,10,4000,Card,480,4800,
INV3148,12/1/2025,Food items,Coffee,1900,3,5700,Card,2280,6840,
INV3286,12/1/2025,Food items,Coffee,1900,10,19000,Cash,2280,22800,
INV2520,12/2/2025,Food items,Bread,500,2,1000,Card,600,1200,
INV2521,12/2/2025,Household,Detergent,6900,1,6900,Transfer,8280,8280,
INV2522,12/2/2025,Beverages,Fanta,2880,1,2880,Card,3456,3456,
INV2523,12/2/2025,Household,Detergent,6900,3,20700,Card,8280,24840,
INV2524,12/2/2025,Snacks,Chocolate,3000,1,3000,Cash,3600,3600,
INV2525,12/2/2025,Food items,Beans,60000,10,600000,Transfer,72000,720000,
INV2526,12/2/2025,Food items,Spaghetti,6000,2,12000,Cash,7200,14400,
INV2527,12/2/2025,Food items,Bread,500,6,3000,Card,600,3600,
INV2528,12/2/2025,Household,Toothpaste,800,8,6400,Cash,960,7680,
INV3208,12/2/2025,Food items,Coffee,1900,6,11400,Transfer,2280,13680,
INV3945,12/2/2025,Household,Soap,1700,3,5100,Cash,2040,6120,
INV2529,12/3/2025,Beverages,Fanta,2880,7,20160,Card,3456,24192,
INV2530,12/3/2025,Household,Soap,1700,3,5100,Card,2040,6120,
INV2531,12/3/2025,Household,Toothpaste,800,4,3200,Card,960,3840,
INV2532,12/3/2025,Beverages,Pepsi,2880,1,2880,Transfer,3456,3456,
INV2533,12/3/2025,Food items,Beans,60000,3,180000,Cash,72000,216000,
INV2804,12/3/2025,Food items,Eggs,3300,7,23100,Transfer,3960,27720,
INV3238,12/3/2025,Food items,Eggs,3300,6,19800,Cash,3960,23760,
INV3637,12/3/2025,Food items,Bread,500,8,4000,Cash,600,4800,
INV2534,12/4/2025,Household,Toothpaste,800,6,4800,Cash,960,5760,
INV2535,12/4/2025,Household,Soap,1700,2,3400,Cash,2040,4080,
INV2536,12/4/2025,Household,Detergent,6900,8,55200,Card,8280,66240,
INV2537,12/4/2025,Household,Toothpaste,800,4,3200,Card,960,3840,
INV2538,12/4/2025,Snacks,Chips,400,5,2000,Card,480,2400,
INV2539,12/4/2025,Household,Detergent,6900,7,48300,Cash,8280,57960,
INV2540,12/4/2025,Snacks,Chocolate,3000,9,27000,Transfer,3600,32400,
INV2541,12/4/2025,Food items,Beans,60000,4,240000,Card,72000,288000,
INV2949,12/4/2025,Food items,Coffee,1900,5,9500,Card,2280,11400,
INV3665,12/4/2025,Food items,Rice,48000,2,96000,Transfer,57600,115200,
INV2542,12/5/2025,Beverages,Fanta,2880,6,17280,Transfer,3456,20736,
INV2543,12/5/2025,Beverages,Fanta,2880,2,5760,Cash,3456,6912,
INV2544,12/5/2025,Snacks,Chocolate,3000,1,3000,Transfer,3600,3600,
INV2545,12/5/2025,Beverages,Water,1750,6,10500,Transfer,2100,12600,
INV2546,12/5/2025,Beverages,Coke,2880,5,14400,Transfer,3456,17280,
INV2547,12/5/2025,Beverages,Fanta,2880,9,25920,Transfer,3456,31104,
INV2548,12/5/2025,Beverages,Pepsi,2880,4,11520,Card,3456,13824,
INV2549,12/5/2025,Food items,Bread,500,10,5000,Cash,600,6000,
INV2550,12/5/2025,Beverages,Water,1750,6,10500,Transfer,2100,12600,
INV2551,12/5/2025,Snacks,Biscuits,5200,7,36400,Transfer,6240,43680,
INV2552,12/6/2025,Snacks,Biscuits,5200,1,5200,Transfer,6240,6240,
INV2553,12/6/2025,Household,Soap,1700,9,15300,Transfer,2040,18360,
INV2554,12/6/2025,Household,Toothpaste,800,1,800,Card,960,960,
INV2555,12/6/2025,Snacks,Biscuits,5200,10,52000,Transfer,6240,62400,
INV2556,12/6/2025,Snacks,Biscuits,5200,10,52000,Transfer,6240,62400,
INV2557,12/6/2025,Household,Toothpaste,800,1,800,Card,960,960,
INV2558,12/6/2025,Food items,Rice,48000,7,336000,Transfer,57600,403200,
INV2559,12/6/2025,Snacks,Chocolate,3000,2,6000,Transfer,3600,7200,
INV3055,12/6/2025,Food items,Sugar,3600,3,10800,Transfer,4320,12960,
INV2560,12/7/2025,Food items,Spaghetti,6000,2,12000,Transfer,7200,14400,
INV2561,12/7/2025,Beverages,Coke,2880,4,11520,Card,3456,13824,
INV2562,12/7/2025,Beverages,Fanta,2880,9,25920,Transfer,3456,31104,
INV2563,12/7/2025,Household,Detergent,6900,10,69000,Card,8280,82800,
INV2564,12/7/2025,Household,Shampoo,1200,1,1200,Cash,1440,1440,
INV2565,12/7/2025,Food items,Rice,48000,8,384000,Transfer,57600,460800,
INV2566,12/7/2025,Food items,Beans,60000,9,540000,Cash,72000,648000,
INV2788,12/7/2025,Food items,Coffee,1900,5,9500,Cash,2280,11400,
INV2851,12/7/2025,Food items,Coffee,1900,6,11400,Card,2280,13680,
INV3855,12/7/2025,Food items,Sugar,3600,4,14400,Cash,4320,17280,
INV2567,12/8/2025,Household,Toothpaste,800,4,3200,Cash,960,3840,
INV2568,12/8/2025,Household,Soap,1700,1,1700,Transfer,2040,2040,
INV2569,12/8/2025,Food items,Rice,48000,6,288000,Transfer,57600,345600,
INV2570,12/8/2025,Beverages,Fanta,2880,5,14400,Cash,3456,17280,
INV2571,12/8/2025,Beverages,Coke,2880,4,11520,Cash,3456,13824,
INV2572,12/8/2025,Household,Toothpaste,800,6,4800,Cash,960,5760,
INV2573,12/8/2025,Food items,Beans,60000,10,600000,Card,72000,720000,
INV2574,12/8/2025,Snacks,Chocolate,3000,10,30000,Cash,3600,36000,
INV2575,12/8/2025,Food items,Beans,60000,5,300000,Transfer,72000,360000,
INV3242,12/8/2025,Dairy,Milk,9100,9,81900,Cash,10920,98280,
INV2576,12/9/2025,Snacks,Chips,400,4,1600,Card,480,1920,
INV2577,12/9/2025,Household,Soap,1700,2,3400,Card,2040,4080,
INV2578,12/9/2025,Food items,Bread,500,4,2000,Cash,600,2400,
INV2579,12/9/2025,Beverages,Water,1750,10,17500,Cash,2100,21000,
INV2580,12/9/2025,Beverages,Coke,2880,8,23040,Card,3456,27648,
INV2581,12/9/2025,Household,Toothpaste,800,1,800,Card,960,960,
INV3025,12/9/2025,Food items,Coffee,1900,10,19000,Cash,2280,22800,
INV3415,12/9/2025,Dairy,Milk,9100,2,18200,Cash,10920,21840,
INV3723,12/9/2025,Food items,Rice,48000,4,192000,Cash,57600,230400,
INV2582,12/10/2025,Food items,Spaghetti,6000,1,6000,Card,7200,7200,
INV2583,12/10/2025,Beverages,Coke,2880,7,20160,Card,3456,24192,
INV2584,12/10/2025,Snacks,Chocolate,3000,3,9000,Transfer,3600,10800,
INV2585,12/10/2025,Food items,Bread,500,5,2500,Cash,600,3000,
INV2586,12/10/2025,Food items,Bread,500,10,5000,Cash,600,6000,
INV2587,12/10/2025,Household,Detergent,6900,1,6900,Transfer,8280,8280,
INV2588,12/10/2025,Food items,Bread,500,8,4000,Cash,600,4800,
INV2589,12/10/2025,Household,Detergent,6900,2,13800,Transfer,8280,16560,
INV2590,12/10/2025,Household,Soap,1700,7,11900,Cash,2040,14280,
INV3338,12/10/2025,Food items,Rice,48000,8,384000,Card,57600,460800,
INV3477,12/10/2025,Food items,Tea,600,3,1800,Transfer,720,2160,
INV3874,12/10/2025,Household,Soap,1700,6,10200,Card,2040,12240,
INV2591,12/11/2025,Beverages,Pepsi,2880,10,28800,Transfer,3456,34560,
INV2592,12/11/2025,Food items,Spaghetti,6000,3,18000,Transfer,7200,21600,
INV2593,12/11/2025,Beverages,Fanta,2880,4,11520,Card,3456,13824,
INV2594,12/11/2025,Household,Toothpaste,800,3,2400,Card,960,2880,
INV2595,12/11/2025,Beverages,Water,1750,4,7000,Cash,2100,8400,
INV2596,12/11/2025,Beverages,Water,1750,9,15750,Cash,2100,18900,
INV2597,12/11/2025,Food items,Beans,60000,10,600000,Card,72000,720000,
INV2598,12/11/2025,Household,Detergent,6900,10,69000,Cash,8280,82800,
INV3203,12/11/2025,Food items,Rice,48000,4,192000,Card,57600,230400,
INV3774,12/11/2025,Dairy,Butter,120,2,240,Transfer,144,288,
INV3801,12/11/2025,Food items,Eggs,3300,5,16500,Cash,3960,19800,
INV2599,12/12/2025,Snacks,Chocolate,3000,5,15000,Cash,3600,18000,
INV2600,12/12/2025,Food items,Rice,48000,3,144000,Cash,57600,172800,
INV2601,12/12/2025,Snacks,Biscuits,5200,6,31200,Transfer,6240,37440,
INV2602,12/12/2025,Snacks,Biscuits,5200,1,5200,Transfer,6240,6240,
INV2603,12/12/2025,Beverages,Fanta,2880,4,11520,Cash,3456,13824,
INV2604,12/12/2025,Household,Soap,1700,8,13600,Card,2040,16320,
INV2605,12/12/2025,Household,Soap,1700,7,11900,Transfer,2040,14280,
INV2606,12/12/2025,Household,Shampoo,1200,4,4800,Transfer,1440,5760,
INV3246,12/12/2025,Household,Toothpaste,800,8,6400,Card,960,7680,
INV3611,12/12/2025,Household,Toothpaste,800,10,8000,Transfer,960,9600,
INV2607,12/13/2025,Snacks,Chips,400,7,2800,Cash,480,3360,
INV2608,12/13/2025,Beverages,Pepsi,2880,10,28800,Transfer,3456,34560,
INV2609,12/13/2025,Beverages,Fanta,2880,3,8640,Card,3456,10368,
INV2610,12/13/2025,Snacks,Chocolate,3000,10,30000,Transfer,3600,36000,
INV2611,12/13/2025,Food items,Rice,48000,6,288000,Cash,57600,345600,
INV2612,12/13/2025,Snacks,Biscuits,5200,6,31200,Cash,6240,37440,
INV2613,12/13/2025,Food items,Bread,500,10,5000,Cash,600,6000,
INV2614,12/13/2025,Household,Toothpaste,800,3,2400,Card,960,2880,
INV2937,12/13/2025,Food items,Eggs,3300,10,33000,Cash,3960,39600,
INV3398,12/13/2025,Dairy,Milk,9100,4,36400,Cash,10920,43680,
INV3416,12/13/2025,Household,Soap,1700,5,8500,Card,2040,10200,
INV3484,12/13/2025,Food items,Eggs,3300,1,3300,Card,3960,3960,
INV2615,12/14/2025,Snacks,Chips,400,2,800,Card,480,960,
INV2616,12/14/2025,Food items,Rice,48000,9,432000,Cash,57600,518400,
INV2617,12/14/2025,Household,Shampoo,1200,9,10800,Card,1440,12960,
INV2618,12/14/2025,Beverages,Fanta,2880,9,25920,Cash,3456,31104,
INV2619,12/14/2025,Snacks,Biscuits,5200,1,5200,Cash,6240,6240,
INV2620,12/14/2025,Food items,Beans,60000,10,600000,Card,72000,720000,
INV2778,12/14/2025,Dairy,Butter,120,5,600,Transfer,144,720,
INV3146,12/14/2025,Food items,Bread,500,8,4000,Card,600,4800,
INV3525,12/14/2025,Dairy,Milk,9100,10,91000,Card,10920,109200,
INV2621,12/15/2025,Food items,Spaghetti,6000,7,42000,Card,7200,50400,
INV2622,12/15/2025,Household,Detergent,6900,7,48300,Card,8280,57960,
INV2623,12/15/2025,Snacks,Biscuits,5200,6,31200,Cash,6240,37440,
INV2624,12/15/2025,Snacks,Chocolate,3000,10,30000,Cash,3600,36000,
INV2625,12/15/2025,Household,Shampoo,1200,5,6000,Cash,1440,7200,
INV2626,12/15/2025,Food items,Rice,48000,6,288000,Cash,57600,345600,
INV2627,12/15/2025,Snacks,Chocolate,3000,10,30000,Cash,3600,36000,
INV2628,12/15/2025,Snacks,Biscuits,5200,5,26000,Transfer,6240,31200,
INV2629,12/15/2025,Food items,Bread,500,10,5000,Transfer,600,6000,
INV3307,12/15/2025,Food items,Sugar,3600,7,25200,Card,4320,30240,
INV2630,12/16/2025,Beverages,Water,1750,8,14000,Cash,2100,16800,
INV2631,12/16/2025,Household,Toothpaste,800,1,800,Card,960,960,
INV2632,12/16/2025,Beverages,Pepsi,2880,9,25920,Transfer,3456,31104,
INV2633,12/16/2025,Household,Detergent,6900,9,62100,Transfer,8280,74520,
INV2634,12/16/2025,Food items,Rice,48000,6,288000,Card,57600,345600,
INV2635,12/16/2025,Snacks,Chocolate,3000,1,3000,Card,3600,3600,
INV3008,12/16/2025,Food items,Coffee,1900,2,3800,Cash,2280,4560,
INV3311,12/16/2025,Food items,Sugar,3600,9,32400,Cash,4320,38880,
INV3719,12/16/2025,Food items,Rice,48000,4,192000,Cash,57600,230400,
INV3732,12/16/2025,Food items,Coffee,1900,2,3800,Transfer,2280,4560,
INV3906,12/16/2025,Food items,Bread,500,3,1500,Cash,600,1800,
INV2636,12/17/2025,Household,Detergent,6900,4,27600,Card,8280,33120,
INV2637,12/17/2025,Food items,Spaghetti,6000,9,54000,Transfer,7200,64800,
INV2638,12/17/2025,Beverages,Water,1750,10,17500,Transfer,2100,21000,
INV2639,12/17/2025,Snacks,Chips,400,1,400,Card,480,480,
INV2640,12/17/2025,Beverages,Fanta,2880,5,14400,Cash,3456,17280,
INV2641,12/17/2025,Household,Soap,1700,2,3400,Transfer,2040,4080,
INV2642,12/17/2025,Food items,Rice,48000,8,384000,Transfer,57600,460800,
INV2643,12/17/2025,Household,Soap,1700,5,8500,Cash,2040,10200,
INV3673,12/17/2025,Dairy,Butter,120,1,120,Card,144,144,
INV3926,12/17/2025,Household,Toothpaste,800,6,4800,Transfer,960,5760,
INV2644,12/18/2025,Household,Toothpaste,800,9,7200,Transfer,960,8640,
INV2645,12/18/2025,Household,Soap,1700,7,11900,Cash,2040,14280,
INV2646,12/18/2025,Beverages,Pepsi,2880,5,14400,Card,3456,17280,
INV2647,12/18/2025,Household,Soap,1700,3,5100,Transfer,2040,6120,
INV2648,12/18/2025,Food items,Rice,48000,2,96000,Card,57600,115200,
INV2649,12/18/2025,Household,Soap,1700,10,17000,Transfer,2040,20400,
INV2650,12/18/2025,Food items,Spaghetti,6000,9,54000,Transfer,7200,64800,
INV3127,12/18/2025,Food items,Sugar,3600,5,18000,Card,4320,21600,
INV3239,12/18/2025,Food items,Sugar,3600,1,3600,Transfer,4320,4320,
INV3463,12/18/2025,Food items,Tea,600,2,1200,Card,720,1440,
INV3741,12/18/2025,Household,Soap,1700,10,17000,Cash,2040,20400,
INV2651,12/19/2025,Beverages,Water,1750,3,5250,Transfer,2100,6300,
INV2652,12/19/2025,Snacks,Chips,400,8,3200,Card,480,3840,
INV2653,12/19/2025,Snacks,Chips,400,9,3600,Card,480,4320,
INV2654,12/19/2025,Beverages,Water,1750,1,1750,Card,2100,2100,
INV2655,12/19/2025,Food items,Rice,48000,5,240000,Cash,57600,288000,
INV2656,12/19/2025,Beverages,Water,1750,8,14000,Transfer,2100,16800,
INV2819,12/19/2025,Food items,Coffee,1900,7,13300,Cash,2280,15960,
INV3385,12/19/2025,Food items,Coffee,1900,2,3800,Transfer,2280,4560,
INV3490,12/19/2025,Food items,Bread,500,1,500,Card,600,600,
INV3736,12/19/2025,Food items,Tea,600,6,3600,Transfer,720,4320,
INV3891,12/19/2025,Food items,Tea,600,5,3000,Cash,720,3600,
INV2657,12/20/2025,Food items,Spaghetti,6000,1,6000,Cash,7200,7200,
INV2658,12/20/2025,Food items,Bread,500,8,4000,Cash,600,4800,
INV2659,12/20/2025,Household,Soap,1700,5,8500,Transfer,2040,10200,
INV2660,12/20/2025,Household,Toothpaste,800,6,4800,Cash,960,5760,
INV2661,12/20/2025,Snacks,Biscuits,5200,9,46800,Transfer,6240,56160,
INV2662,12/20/2025,Food items,Beans,60000,5,300000,Transfer,72000,360000,
INV2663,12/20/2025,Food items,Rice,48000,1,48000,Cash,57600,57600,
INV2664,12/20/2025,Beverages,Coke,2880,4,11520,Transfer,3456,13824,
INV2665,12/20/2025,Household,Soap,1700,8,13600,Transfer,2040,16320,
INV2797,12/20/2025,Household,Toothpaste,800,9,7200,Cash,960,8640,
INV3312,12/20/2025,Food items,Sugar,3600,10,36000,Card,4320,43200,
INV3560,12/20/2025,Food items,Eggs,3300,1,3300,Cash,3960,3960,
INV3635,12/20/2025,Dairy,Butter,120,5,600,Transfer,144,720,
INV2666,12/21/2025,Snacks,Biscuits,5200,4,20800,Cash,6240,24960,
INV2667,12/21/2025,Food items,Beans,60000,5,300000,Transfer,72000,360000,
INV2668,12/21/2025,Beverages,Fanta,2880,10,28800,Transfer,3456,34560,
INV2669,12/21/2025,Food items,Rice,48000,1,48000,Card,57600,57600,
INV2670,12/21/2025,Beverages,Fanta,2880,1,2880,Card,3456,3456,
INV2671,12/21/2025,Household,Shampoo,1200,8,9600,Cash,1440,11520,
INV2672,12/21/2025,Household,Toothpaste,800,2,1600,Cash,960,1920,
INV3020,12/21/2025,Food items,Tea,600,3,1800,Card,720,2160,
INV3427,12/21/2025,Food items,Sugar,3600,6,21600,Cash,4320,25920,
INV3678,12/21/2025,Household,Soap,1700,8,13600,Cash,2040,16320,
INV2673,12/22/2025,Beverages,Water,1750,1,1750,Transfer,2100,2100,
INV2674,12/22/2025,Household,Toothpaste,800,6,4800,Cash,960,5760,
INV2675,12/22/2025,Snacks,Chocolate,3000,1,3000,Transfer,3600,3600,
INV2676,12/22/2025,Household,Soap,1700,9,15300,Cash,2040,18360,
INV2677,12/22/2025,Household,Shampoo,1200,2,2400,Card,1440,2880,
INV2678,12/22/2025,Household,Soap,1700,4,6800,Transfer,2040,8160,
INV2679,12/22/2025,Snacks,Biscuits,5200,8,41600,Card,6240,49920,
INV2680,12/22/2025,Food items,Spaghetti,6000,4,24000,Cash,7200,28800,
INV2681,12/22/2025,Beverages,Water,1750,1,1750,Card,2100,2100,
INV2777,12/22/2025,Food items,Rice,48000,8,384000,Cash,57600,460800,
INV2892,12/22/2025,Food items,Eggs,3300,6,19800,Card,3960,23760,
INV3235,12/22/2025,Food items,Bread,500,9,4500,Cash,600,5400,
INV2682,12/23/2025,Beverages,Water,1750,10,17500,Cash,2100,21000,
INV2683,12/23/2025,Food items,Beans,60000,1,60000,Card,72000,72000,
INV2684,12/23/2025,Beverages,Fanta,2880,2,5760,Cash,3456,6912,
INV2685,12/23/2025,Beverages,Fanta,2880,5,14400,Cash,3456,17280,
INV2686,12/23/2025,Food items,Rice,48000,6,288000,Transfer,57600,345600,
INV2687,12/23/2025,Household,Soap,1700,4,6800,Card,2040,8160,
INV2688,12/23/2025,Snacks,Biscuits,5200,1,5200,Transfer,6240,6240,
INV2689,12/23/2025,Snacks,Chips,400,7,2800,Transfer,480,3360,
INV2983,12/23/2025,Food items,Bread,500,9,4500,Transfer,600,5400,
INV3080,12/23/2025,Food items,Sugar,3600,10,36000,Card,4320,43200,
INV3455,12/23/2025,Food items,Tea,600,1,600,Transfer,720,720,
INV3471,12/23/2025,Food items,Coffee,1900,1,1900,Card,2280,2280,
INV2690,12/24/2025,Household,Toothpaste,800,9,7200,Transfer,960,8640,
INV2691,12/24/2025,Beverages,Fanta,2880,4,11520,Cash,3456,13824,
INV2692,12/24/2025,Snacks,Chocolate,3000,4,12000,Cash,3600,14400,
INV2693,12/24/2025,Food items,Rice,48000,1,48000,Cash,57600,57600,
INV2694,12/24/2025,Beverages,Water,1750,5,8750,Cash,2100,10500,
INV2695,12/24/2025,Food items,Beans,60000,1,60000,Transfer,72000,72000,
INV2866,12/24/2025,Food items,Tea,600,7,4200,Cash,720,5040,
INV2930,12/24/2025,Food items,Rice,48000,4,192000,Card,57600,230400,
INV3244,12/24/2025,Food items,Tea,600,6,3600,Transfer,720,4320,
INV3639,12/24/2025,Dairy,Butter,120,10,1200,Card,144,1440,
INV2696,12/25/2025,Food items,Bread,500,2,1000,Cash,600,1200,
INV2697,12/25/2025,Beverages,Pepsi,2880,8,23040,Transfer,3456,27648,
INV2698,12/25/2025,Food items,Beans,60000,6,360000,Transfer,72000,432000,
INV2699,12/25/2025,Food items,Beans,60000,10,600000,Card,72000,720000,
INV2700,12/25/2025,Household,Soap,1700,2,3400,Card,2040,4080,
INV2701,12/25/2025,Snacks,Chips,400,3,1200,Card,480,1440,
INV3013,12/25/2025,Food items,Sugar,3600,10,36000,Card,4320,43200,
INV3222,12/25/2025,Food items,Tea,600,10,6000,Cash,720,7200,
INV3259,12/25/2025,Food items,Bread,500,2,1000,Cash,600,1200,
INV3594,12/25/2025,Household,Soap,1700,10,17000,Transfer,2040,20400,
INV2702,12/26/2025,Household,Toothpaste,800,10,8000,Transfer,960,9600,
INV2703,12/26/2025,Food items,Beans,60000,2,120000,Cash,72000,144000,
INV2704,12/26/2025,Household,Toothpaste,800,6,4800,Card,960,5760,
INV2705,12/26/2025,Food items,Beans,60000,10,600000,Transfer,72000,720000,
INV2706,12/26/2025,Food items,Spaghetti,6000,6,36000,Cash,7200,43200,
INV2707,12/26/2025,Beverages,Pepsi,2880,5,14400,Transfer,3456,17280,
INV2708,12/26/2025,Household,Shampoo,1200,7,8400,Card,1440,10080,
INV3274,12/26/2025,Dairy,Butter,120,6,720,Card,144,864,
INV3530,12/26/2025,Dairy,Milk,9100,4,36400,Cash,10920,43680,
INV2709,12/27/2025,Beverages,Fanta,2880,2,5760,Cash,3456,6912,
INV2710,12/27/2025,Snacks,Chocolate,3000,5,15000,Card,3600,18000,
INV2711,12/27/2025,Food items,Rice,48000,8,384000,Cash,57600,460800,
INV2712,12/27/2025,Beverages,Coke,2880,8,23040,Cash,3456,27648,
INV2713,12/27/2025,Food items,Beans,60000,5,300000,Transfer,72000,360000,
INV2714,12/27/2025,Food items,Spaghetti,6000,8,48000,Card,7200,57600,
INV3856,12/27/2025,Food items,Rice,48000,9,432000,Cash,57600,518400,
INV3890,12/27/2025,Household,Soap,1700,3,5100,Card,2040,6120,
INV2715,12/28/2025,Food items,Bread,500,7,3500,Cash,600,4200,
INV2716,12/28/2025,Food items,Spaghetti,6000,4,24000,Card,7200,28800,
INV2717,12/28/2025,Household,Soap,1700,5,8500,Cash,2040,10200,
INV2718,12/28/2025,Food items,Rice,48000,3,144000,Cash,57600,172800,
INV2719,12/28/2025,Beverages,Water,1750,3,5250,Card,2100,6300,
INV2720,12/28/2025,Snacks,Chips,400,8,3200,Transfer,480,3840,
INV2721,12/28/2025,Snacks,Biscuits,5200,8,41600,Transfer,6240,49920,
INV2722,12/28/2025,Household,Shampoo,1200,9,10800,Card,1440,12960,
INV2723,12/28/2025,Beverages,Coke,2880,1,2880,Cash,3456,3456,
INV2724,12/28/2025,Beverages,Pepsi,2880,4,11520,Cash,3456,13824,
INV2725,12/28/2025,Food items,Beans,60000,10,600000,Cash,72000,720000,
INV2726,12/28/2025,Snacks,Chips,400,9,3600,Cash,480,4320,
INV2727,12/28/2025,Beverages,Coke,2880,9,25920,Card,3456,31104,
INV2728,12/28/2025,Beverages,Coke,2880,7,20160,Transfer,3456,24192,
INV2729,12/28/2025,Food items,Rice,48000,9,432000,Card,57600,518400,
INV2730,12/28/2025,Beverages,Coke,2880,5,14400,Transfer,3456,17280,
INV2809,12/28/2025,Food items,Eggs,3300,10,33000,Cash,3960,39600,
INV2966,12/28/2025,Food items,Coffee,1900,5,9500,Transfer,2280,11400,
INV3162,12/28/2025,Food items,Bread,500,5,2500,Cash,600,3000,
INV3378,12/28/2025,Dairy,Milk,9100,2,18200,Card,10920,21840,
INV3450,12/28/2025,Food items,Bread,500,6,3000,Card,600,3600,
INV3844,12/28/2025,Household,Toothpaste,800,5,4000,Cash,960,4800,
INV2731,12/30/2025,Household,Toothpaste,800,10,8000,Transfer,960,9600,
INV2732,12/30/2025,Food items,Rice,48000,5,240000,Cash,57600,288000,
INV2733,12/30/2025,Food items,Beans,60000,6,360000,Cash,72000,432000,
INV2734,12/30/2025,Household,Shampoo,1200,7,8400,Cash,1440,10080,
INV2735,12/30/2025,Household,Soap,1700,9,15300,Cash,2040,18360,
INV2736,12/30/2025,Household,Shampoo,1200,10,12000,Transfer,1440,14400,
INV2737,12/30/2025,Food items,Rice,48000,3,144000,Cash,57600,172800,
INV2738,12/30/2025,Household,Toothpaste,800,3,2400,Cash,960,2880,
INV2739,12/30/2025,Food items,Bread,500,8,4000,Transfer,600,4800,
INV2740,12/30/2025,Food items,Rice,48000,8,384000,Card,57600,460800,
INV2799,12/30/2025,Food items,Coffee,1900,7,13300,Card,2280,15960,
INV2887,12/30/2025,Food items,Tea,600,1,600,Cash,720,720,
INV2963,12/30/2025,Household,Soap,1700,5,8500,Card,2040,10200,
INV3089,12/30/2025,Food items,Tea,600,1,600,Card,720,720,
INV3333,12/30/2025,Food items,Eggs,3300,10,33000,Card,3960,39600,
INV3727,12/30/2025,Dairy,Milk,9100,2,18200,Cash,10920,21840,
INV3875,12/30/2025,Food items,Sugar,3600,2,7200,Card,4320,8640,
INV2741,12/31/2025,Snacks,Chocolate,3000,7,21000,Cash,3600,25200,
INV2742,12/31/2025,Household,Shampoo,1200,9,10800,Cash,1440,12960,
INV2743,12/31/2025,Food items,Spaghetti,6000,7,42000,Transfer,7200,50400,
INV2744,12/31/2025,Beverages,Coke,2880,4,11520,Card,3456,13824,
INV2745,12/31/2025,Food items,Spaghetti,6000,5,30000,Cash,7200,36000,
INV2746,12/31/2025,Household,Toothpaste,800,10,8000,Cash,960,9600,
INV2747,12/31/2025,Snacks,Chocolate,3000,3,9000,Transfer,3600,10800,
INV3535,12/31/2025,Food items,Eggs,3300,8,26400,Card,3960,31680,
INV3558,12/31/2025,Food items,Sugar,3600,5,18000,Cash,4320,21600,
